order_id,customer_name,email,phone,city,product_name,category,quantity,price,discount_pct,total_price,order_date,payment_method,order_status,rating
ORD-83284,Agus Prasetyo,agus.prasetyo@gmail.com,628733775016,Tangerang,Buku Resep Masakan,Buku,-1,59100,0,-59100,2025-02-01,Indomaret,Dikembalikan,4
ORD-86916,Eko Wijaya,eko.wijaya@gmail.com,+628199626108,Banjarmasin,Jaket Bomber Pria,Fashion,1,390800,134,-132872,2024-07-06,ShopeePay,Selesai,5
ORD-44787,Muhammad Suryadi,muhammad60@gmail.com,8188867190,Bekasi,Lemari Pakaian 3 Pintu,Furniture,5,2078900,15,8835325,2025-02-21,DANA,Selesai,3
ORD6934,YENI NUGRAHA,yeni_nugraha@outlook.com,8925951043,Solo,Snack Chitato 68gr,Makanan & Minuman,1,13100,187,-11397,2025-03-13,GoPay,Selesai,3
ORD-33578,Indra Kusuma,indra.kusuma@gmail.com,+628685966428,Jakarta,Smartwatch Garmin,Elektronik,2,4244900,0,8489800,2025-01-17,Transfer Bank,Dikembalikan,4
ORD-72460,Lusi Utami,lusiutami@yahoo.com,08605948917,Jakarta,Rak Buku Minimalis,Furniture,-1,454300,0,-454300,2024-08-29,OVO,Dikembalikan,4
ORD-54222,Wahyu Firmansyah,wahyu.firmansyah@gmail.com,8644554277,Depok,Headphone Sony WH-1000XM5,Elektronik,1,3264300,15,2774655,2025-01-02,Indomaret,Selesai,2
ORD-18361,JOKO NUGRAHA,joko_nugraha@outlook.com,8184317700,Semarang,Earbuds TWS JBL,Elektronik,1,796100,5,756295,2025-01-01,Transfer Bank,Selesai,4
ORD-87441,Dewi Utami,dewi56@gmail.com,8596399642,Solo,Setrika Uap Panasonic,Peralatan Rumah,1,426600,10,383940,2024-11-23,cc,Diproses,1
ORD-10946,Yeni Sari,yeni_sari@outlook.com,8692976045,Jakarta,Rice Cooker Philips,Peralatan Rumah,2,336000,0,672000,2025-02-08,Kartu Kredit,Dikirim,4
ORD-74486,Tono Rahayu,tono_rahayu@outlook.com,08104043480,Balikpapan,Laptop Lenovo IdeaPad,Elektronik,1,6458300,15,5489555,2025-01-27,GoPay,Selesai,1
ORD-42778,Hani Firmansyah,hani_firmansyah@outlook.com,08585702656,Batam,Sepatu Nike Air Max,Fashion,1,1325100,0,1325100,2025-04-25,GoPay,Selesai,5
ORD-24801,Hani Ardiansyah,hani.ardiansyah@gmail.com,628285886733,Tangerang,Tas Ransel Laptop,Fashion,1,324300,10,291870,2024-08-07,Transfer Bank,Selesai,1
ORD-94495,Zaidan Wibowo,zaidan.wibowo@gmail.com,+628281272124,Yogyakarta,Teh Botol Sosro 330ml,Makanan & Minuman,1,5400,15,4590,2025-01-25,Transfer Bank,Dikirim,5
ORD-76316,Xena Gunawan,xenagunawan@yahoo.com,628716271120,Bekasi,Rak Buku Minimalis,Furniture,3,469900,10,1268730,2025-01-29,Transfer Bank,Selesai,
ORD-14170,Indra Kusuma,indra.kusuma@gmail.com,+628685966428,Jakarta,Komik Naruto Vol 1,Buku,1,36100,0,36100,2025-01-26,DANA,Dikirim,3
ORD-38298,Eko Kusuma,eko50@gmail.com,8999767135,Medan,Celana Jeans Levis,Fashion,2,427900,10,770220,2025-04-11,ShopeePay,Selesai,5
ORD-52553,Muhammad Gunawan,muhammad58@gmail.com,8866443037,Surabaya,Meja Belajar Minimalis,Furniture,1,864700,30,605290,2025-01-04,Gopay,Selesai,3
ORD-77013,Dian Suryadi,dian.suryadi@gmail.com,08149955386,Surabaya,AC Split 1 PK Daikin,Peralatan Rumah,1,4103000,0,4103000,2024-12-10,COD,Selesai,5
ORD-53829,Putri Setiawan,putrisetiawan@yahoo.com,628929230828,Makassar,Tablet iPad Air,Elektronik,3,9744300,0,29232900,2024-10-23,COD,Selesai,4
ORD-54062,Hani Santoso,hani_santoso@outlook.com,08957783308,Bandung,Sepatu Adidas Ultraboost,Fashion,3,1400400,0,4201200,2025-04-18,OVO,Selesai,5
ORD-10946,Fitri Nugraha,fitri.nugraha@gmail.com,+628413112652,Tangerang,Vacuum Cleaner Dyson,Peralatan Rumah,5,3874900,15,16468325,2024-07-02,Transfer Bank,Dibatalkan,0
ORD-81932,Tono Wijaya,tono_wijaya@outlook.com,,Tangerang,Minyak Goreng Bimoli 2L,Makanan & Minuman,3,35100,0,105300,2025-04-01,GoPay,Selesai,3
ORD-23055,Farah Rahayu,farah21@gmail.com,+628492969909,Semarang,Celana Jeans Levis,Fashion,5,450000,0,2250000,2024-12-07,Transfer Bank,Selesai,3
ORD-46725,Julia Gunawan,juliagunawan@yahoo.com,08873321942,Bekasi,Earbuds TWS JBL,Elektronik,3,881300,15,2247315,2024-12-24,Kartu Kredit,Selesai,
ORD-29025,Muhammad Lestari,muhammad.lestari@gmail.com,8969033176,Palembang,Buku Python untuk Pemula,Buku,1,89500,141,-36694,2024-12-17,COD,Diproses,2
ORD-40432,Ahmad Rahayu,ahmadrahayu@yahoo.com,+628881088100,Banjarmasin,Skincare Wardah Basic Kit,Kecantikan,2,174200,0,348400,2024-08-11,Transfer Bank,Selesai,2
ORD-69971,Hani Handoko,hani_handoko@outlook.com,628874027557,Medan,Sofa L-Shape,Furniture,10,5693800,10,51244200,2024-06-08,GoPay,Selesai,1
ORD-47475,Rizki Gunawan,rizki.gunawan@gmail.com,8627249378,Bandung,Teh Botol Sosro 330ml,Makanan & Minuman,4,5500,15,18700,2025-05-11,GoPay,Selesai,4
ORD-68903,Muhammad Sari,muhammad_sari@outlook.com,628808738745,Bandung,Sunscreen SPF50 Biore,Kecantikan,2,66200,0,132400,2024-08-04,Transfer Bank,Selesai,3
ORD-75358,Candra Setiawan,candra.setiawan@gmail.com,628979969688,Balikpapan,Dress Wanita Batik,Fashion,2,197800,10,356040,2025-04-02,DANA,BATAL,
ORD-33363,Hendra Sari,hendra.sari@gmail.com,628922060605,Solo,Buku Resep Masakan,Buku,10,55600,5,528200,2024-11-01,ovo,returned,
ORD-92441,Indra Lestari,indra_lestari@outlook.com,+628279796063,Jakarta,Dompet Kulit Pria,Fashion,1,173000,10,155700,2025-01-29,OVO,Selesai,1
ORD-15962,Indra Rahayu,indra_rahayu@outlook.com,628289745141,Depok,Susu UHT Ultra 1L,Makanan & Minuman,3,17600,10,72600,2024-11-10,OVO,Diproses,4
ORD-53923,Rizki Gunawan,rizki.gunawan@gmail.com,8627249378,Bandung,Parfum Pria Davidoff,Kecantikan,1,561400,0,561400,2024-11-17,Transfer Bank,Selesai,5
ORD6781,Candra Putra,candra11@gmail.com,08121873851,Tangerang,Jam Tangan Casio,Fashion,1,620500,20,496400,2024-06-01,Kartu Kredit,Selesai,3
ORD-70210,,oscarkusuma@yahoo.com,08946956059,Surabaya,Handphone Samsung Galaxy A54,Elektronik,1,4325700,0,4325700,26-10-2024,OVO,Selesai,1
ORD-82006,Mario Hidayat,mariohidayat@yahoo.com,8244446065,Bandung,Buku Machine Learning,Buku,2,139100,5,264290,2025-04-30,GoPay,Selesai,4
ORD-71039,Ika Hidayat,,+628439776935,Jakarta,AC Split 1 PK Daikin,Peralatan Rumah,2,3929400,10,7072920,2025-03-31,GoPay,Dibatalkan,4
ORD-26697,Siti Nugraha,siti_nugraha@outlook.com,08208945197,Banjarmasin,Meja Belajar Minimalis,Furniture,1,857600,10,771840,2024-08-09,GoPay,Diproses,3
ORD-87616,Dewi Utami,dewi56@gmail.com,8596399642,Solo,Kaos Distro Premium,Fashion,2,82400,10,148320,2025-04-15,Transfer Bank,Dibatalkan,6
ORD-49286,Lina Suryadi,lina27@gmail.com,+628101213899,Bandung,Setrika Uap Panasonic,Peralatan Rumah,20,439800,10,7916400,2024-10-17,Kartu Kredit,Selesai,3
ORD-81449,Hendra Wibowo,hendra.wibowo@gmail.com,+628155156449,Malang,Sofa L-Shape,Furniture,2,5802100,25,12816100,2024-08-01,GoPay,Dikembalikan,4
ORD-60425,,kevin.utami@gmail.com,+628459988193,Medan,Serum Vitamin C Somethinc,Kecantikan,2,136200,10,245160,2025-03-06,GoPay,Dikembalikan,3
ORD-20234,Muhammad Sari,muhammad_sari@outlook.com,628808738745,Bandung,Kursi Gaming Ergonomis,Furniture,5,91553600,5,434879600,2024-10-17,Transfer Bank,Dikirim,4
ORD-26622,Dian Lestari,dian.lestari@gmail.com,628995450404,Medan!,Tas Ransel Laptop,Fashion,1,6412600,0,6412600,2024-09-30,COD,SELESAI,2
ORD-85727,Farah Utami,farah_utami@outlook.com,628738818250,Medan!,Kemeja Pria Polos,Fashion,2,119300,30,167020,2024-12-05,Transfer Bank,Selesai,5
ORD-45728,Dewi Utami,dewiutami@yahoo.com,628166778321,Solo,Novel Laskar Pelangi,Buku,3,73700,10,198990,2025-05-08,,SELESAI,3
ORD-38419,Oscar Sari,oscar36@gmail.com,628277924719,Banjarmasin,Buku Resep Masakan,Buku,5,51700,30,180950,2024-09-26,ShopeePay,Selesai,3
ORD-44690,Nita Utami,nita_utami@outlook.com,,,Komik Naruto Vol 1,Buku,1,34400,5,32680,2025-01-01,Transfer Bank,Selesai,2
ORD-10485,Candra Utami,candra88@gmail.com,+628706013906,Medan,Rice Cooker Philips,Peralatan Rumah,3,369300,0,1107900,2025-01-21,OVO,Selesai,
ORD-48005,Muhammad Firmansyah,muhammadfirmansyah@yahoo.com,628724888118,Tangerang,Minyak Goreng Bimoli 2L,Makanan & Minuman,5,36100,5,171475,2024-08-25,Transfer Bank,Selesai,
ORD0919,Candra Prasetyo,candra39@gmail.com,8691966769,Solo,Kopi Kapal Api 1kg,Makanan & Minuman,3,77000,0,231000,2024-06-07,kartu kredit,Selesai,
ORD-23937,Dian Rahayu,dian.rahayu@gmail.com,+628364540415,Banjarmasin,Celana Jeans Levis,Fashion,20,444700,5,8449300,2024-07-29,Alfamart,Selesai,
ORD-27481,Tono Utami,tonoutami@yahoo.com,8988987516,,Kemeja Pria Polos,Fashion,1,110700,0,110700,2024-12-19,DANA,Selesai,2
ORD-49478,Putri Setiawan,putrisetiawan@yahoo.com,628929230828,Makassar,Parfum Pria Davidoff,Kecantikan,4,624200,10,2247120,2024-09-03,Transfer Bank,Dikirim,1
ORD-23686,Budi Hidayat,budihidayat@yahoo.com,628653138181,Jakarta,Serum Vitamin C Somethinc,Kecantikan,1,129300,10,116370,2024-11-02,Transfer Bank,Selesai,1
ORD-27878,Nadia Rahayu,nadia_rahayu@outlook.com,+628697178606,Surabaya,Celana Jeans Levis,Fashion,2,438200,0,876400,2024-11-11,COD,Diproses,5
ORD-46591,Joko Sari,joko_sari@outlook.com,8279548432,Bandung,Meja Belajar Minimalis,Furniture,5,841100,25,3154125,2024-06-11,,Selesai,1
ORD-48769,Ahmad Setiawan,ahmad_setiawan@outlook.com,+628186784825,Jakarta,Jam Tangan Casio,Fashion,2,614800,50,614800,2025-05-15,DANA,Selesai,3
ORD-99740,Siti Firmansyah,siti49@gmail.com,628634700025,Solo,Sunscreen SPF50 Biore,Kecantikan,5,69600,5,330600,2024-08-17,ShopeePay,Diproses,4
ORD-45043,Hendra Kusuma,hendrakusuma@yahoo.com,+628192562037,Manado,Lemari Pakaian 3 Pintu,Furniture,4,2183200,10,7859520,2025-01-06,DANA,Diproses,
ORD-46168,Mario Rahayu,mariorahayu@yahoo.com,628767381684,Denpasar,Parfum Pria Davidoff,Kecantikan,3,27543200,10,74366640,2024-05-30,Transfer Bank,Selesai,3
ORD-84350,Oscar Sari,oscarsari@yahoo.com,08491229419,Semarang,Jaket Bomber Pria,Fashion,3,379000,5,1080150,2024-08-10,COD,Diproses,2
ORD-97235,Gilang Prasetyo,gilang_prasetyo@outlook.com,628412373555,Bandung,Kemeja Pria Polos,Fashion,1,120600,15,102510,07-08-2024,OVO,Dibatalkan,2
ORD9027,Eko Lestari,eko1@gmail.com,08678883823,Tangerang,Vacuum Cleaner Dyson,Peralatan Rumah,2,3713300,10,6683940,08-28-2024,ShopeePay,Dikembalikan,5
ORD-47309,Farah Utami,farah_utami@outlook.com,628738818250,Palembang,Earbuds TWS JBL,Elektronik,3,811300,5,2312205,2024-12-23,GoPay,Selesai,5
ORD-64331,Edy Handoko,edy.handoko@gmail.com,08679453010,Jakarta,Kamera Canon EOS M50,Elektronik,1,8281400,20,6625120,2025-01-27,transfer bank,Selesai,1
ORD-46335,Lusi Gunawan,lusi82@gmail.com,628383941912,Semarang,Novel Laskar Pelangi,Buku,1,74800,50,37400,10-03-2025,QRIS,Selesai,3
ORD-92317,Gilang Kusuma,gilang.kusuma@gmail.com,08218245685,Solo,Meja Belajar Minimalis,Furniture,3,900700,15,2296785,2025-03-12,Transfer Bank,Selesai,2
ORD-78898,Zaidan Suryadi,zaidan77@gmail.com,628543743303,Surabaya,Blender Philips,Peralatan Rumah,4,278200,10,1001520,2025-01-01,OVO,Selesai,
ORD-20302,Lusi Hartono,lusi.hartono@gmail.com,,Malang,Skincare Wardah Basic Kit,Kecantikan,1,192600,10,173340,2024-09-26,CASH,Diproses,2
ORD-75619,Lusi Firmansyah,lusi.firmansyah@gmail.com,628296412833,Pekanbaru,Novel Laskar Pelangi,Buku,3,78200,0,372600,2024-09-06,Kartu Kredit,Dikirim,3
ORD-78121,Tono Gunawan,tono_gunawan@outlook.com,628298491822,Yogyakarta,Handphone Samsung Galaxy A54,Elektronik,1,3919300,15,3331405,2024-09-12,COD,returned,1
ORD-62510,Edy Hidayat,edyhidayat@yahoo.com,08106727022,Makassar,Kemeja Pria Polos,Fashion,1,111600,50,55800,2025-01-30,ShopeePay,Selesai,4
ORD-74138,Xena Kusuma,xena_kusuma@outlook.com,628956632941,Palembang,Handphone Xiaomi Redmi Note 12,Elektronik,1,2948000,10,2653200,2025-04-04,Transfer Bank,,4
ORD-25615,Oji Hartono,oji.hartono@gmail.com,8943586094,Bogor,Handphone Samsung Galaxy A54,Elektronik,4,3886100,15,13212740,2024-12-05,Transfer Bank,Dikirim,2
ORD-52006,Wahyu Gunawan,,628651028374,surabaya,Novel Laskar Pelangi,Buku,1,69300,5,65835,2025-04-23,COD,Selesai,2
ORD-71564,Prita Rahayu,pritarahayu@yahoo.com,8686569576,yogya,Buku Machine Learning,Buku,3,135700,10,366390,2024-08-13,GoPay,Selesai,5
ORD-85784,Xena Santoso,xena54@gmail.com,628298306261,Manado,Parfum Pria Davidoff,Kecantikan,3,577700,5,1646445,2025-02-20,GoPay,Selesai,5
ORD-79824,Mario Utami,mario.utami@gmail.com,8743673793,Banjarmasin,Susu UHT Ultra 1L,Makanan & Minuman,2,17200,15,29240,2024-12-16,,Diproses,5
ORD-67164,WAHYU RAHAYU,wahyurahayu@yahoo.com,08829142618,Medan,Kamera Canon EOS M50,Elektronik,1,8044600,10,7240140,2024-05-30,Kartu Kredit,dibatalkan,1
ORD-97060,Wahyu Santoso,wahyusantoso@yahoo.com,8655170429,Malang,Earbuds TWS JBL,Elektronik,4,814400,10,2931840,2024-09-17,COD,Selesai,1
ORD-28993,Ahmad Kusuma,ahmad_kusuma@outlook.com,8853419132,Bandung,Kopi Kapal Api 1kg,Makanan & Minuman,4,80600,30,225680,2024-09-19,GoPay,Dikirim,2
ORD-40862,Vina Sari,vina_sari@outlook.com,8463044708,Bogor,Susu UHT Ultra 1L,Makanan & Minuman,2,18000,0,36000,2025-01-26,GoPay,Dikirim,3
ORD-54222,Oscar Kusuma,oscarkusuma@yahoo.com,8741523352,Denpasar,Kamera Canon EOS M50,Elektronik,1,8008300,0,8008300,2025-04-17,DANA,Diproses,3
ORD-59456,Indra Kusuma,indra.kusuma@gmail.com,+628685966428,Jakarta,Kopi Kapal Api 1kg,Makanan & Minuman,1,76300,0,76300,2025-04-01,COD,Selesai,
ORD-34975,Lusi Lestari,lusilestari@yahoo.com,+628462323049,Bekasi,Dress Wanita Batik,Fashion,1,198100,5,188195,2024-10-15,COD,Selesai,4
ORD-43584,Putri Lestari,putri90@gmail.com,628278795419,Batam,Sepatu Nike Air Max,Fashion,2,1343700,20,2149920,2024-05-22,OVO,Selesai,5
ORD-66744,Farah Santoso,farahsantoso@yahoo.com,08623589751,Yogyakarta,Serum Vitamin C Somethinc,Kecantikan,3,136700,0,410100,2024-10-02,GoPay,Dikirim,4
ORD-74868,Gilang Purnama,gilangpurnama@yahoo.com,8964946066,Medan,AC Split 1 PK Daikin,Peralatan Rumah,4,4195300,0,16781200,2024-08-14,DANA,Dikirim,6
ORD-99212,Fitri Ardiansyah,fitri6@gmail.com,08515200476,Makassar,Meja Belajar Minimalis,Furniture,4,802900,10,2890440,2024-05-22,Transfer Bank,Selesai,5
ORD-88943,Hani Firmansyah,hani_firmansyah@outlook.com,08585702656,Batam,Rice Cooker Philips,Peralatan Rumah,1,327000,0,327000,2024-07-20,DANA,Dibatalkan,1
ORD-65382,Lina Setiawan,linasetiawan@yahoo.com,+628205955645,Bogor,Handphone Samsung Galaxy A54,Elektronik,3,4209000,15,10732950,2025-04-16,COD,Dibatalkan,
ORD-15910,Mario Wijaya,mario.wijaya@gmail.com,8802023137,Balikpapan,Minyak Goreng Bimoli 2L,Makanan & Minuman,1,39300,195,-37335,2024-08-19,ovo,Dibatalkan,4
ORD-89174,Joko Kusuma,jokokusuma@yahoo.com,628956828829,Makassar,Laptop ASUS VivoBook,Elektronik,2,517665700,15,880031690,2024-10-22,Alfamart,Dikirim,2
ORD-95162,Yeni Utami,yeniutami@yahoo.com,8272058651,Jakarta,Celana Jeans Levis,Fashion,1,420200,0,420200,2025-01-02,GoPay,Selesai,1
ORD-82653,Zaidan Wibowo,,08636161977,Jogja,Komik Naruto Vol 1,Buku,4,37400,174,-110704,2024-06-21,OVO,Selesai,4
ORD-54453,Kevin Wibowo,kevin.wibowo@gmail.com,08559059269,Balikpapan,Dompet Kulit Pria,Fashion,2,181200,15,308040,2024-08-10,COD,Dikirim,1
ORD-44184,Hendra Purnama,hendrapurnama@yahoo.com,8207258766,Batam,Sunscreen SPF50 Biore,Kecantikan,2,60100,0,120200,2024-11-10,ShopeePay,Selesai,5
ORD-23879,Umar Hartono,umar.hartono@gmail.com,628581681729,Semarang,Buku Python untuk Pemula,Buku,2,82500,25,123750,2025-01-01,GoPay,Selesai,2
ORD-21171,Lusi Lestari,lusilestari@yahoo.com,+628462323049,Bekasi,Minyak Goreng Bimoli 2L,Makanan & Minuman,2,36500,0,73000,2025-01-09,GoPay,Dibatalkan,5
ORD-96530,Oscar Kusuma,oscarkusuma@yahoo.com,8741523352,Denpasar,Minyak Goreng Bimoli 2L,Makanan & Minuman,2,40300,15,68510,2024-10-27,Transfer Bank,Selesai,2
ORD-35859,Tono Utami,tono_utami@outlook.com,+628885014486,Tangerang,Kamera Canon EOS M50,Elektronik,1,8728500,5,8292075,31-05-2024,COD,Dikirim,
ORD-49054,Umar Handoko,umar_handoko@outlook.com,628113321873,Malang,Novel Laskar Pelangi,Buku,2,75800,10,136440,2025-03-09,ShopeePay,Selesai,3
ORD-38152,Rizki Kusuma,rizki.kusuma@gmail.com,+628493946849,,Rice Cooker Philips,Peralatan Rumah,2,370800,15,630360,2024-12-19,Transfer Bank,Dikirim,1
ORD-63558,Edy Wibowo,edy.wibowo@gmail.com,+628242096280,Semarang,Speaker Bluetooth JBL,Elektronik,1,1126600,0,1126600,2024-12-21,Kartu Kredit,Selesai,3
ORD-89391,Oscar Sari,oscarsari@yahoo.com,,Semarang,Vacuum Cleaner Dyson,Peralatan Rumah,3,3901700,10,10534590,2024-12-08,Transfer Bank,Selesai,
ORD-21161,Dewi Kusuma,dewi35@gmail.com,08948113787,Malang,Buku Machine Learning,Buku,-1,145500,15,-123675,2024-10-07,COD,Dibatalkan,4
ORD-60070,Hani Purnama,hani.purnama@gmail.com,+628674599894,Medan,Dompet Kulit Pria,Fashion,1,165000,5,156750,2024-11-02,ShopeePay,Selesai,1
ORD-45296,Wahyu Gunawan,wahyu.gunawan@gmail.com,628651028374,Solo,Laptop Lenovo IdeaPad,Elektronik,5,6699400,30,23447900,2025-02-28,Transfer Bank,Selesai,2
ORD-10131,Nita Hidayat,nitahidayat@yahoo.com,628653192921,Yogyakarta,Kemeja Pria Polos,Fashion,2,110400,20,176640,2025-04-08,DANA,Selesai,
ORD-76167,Gilang Prasetyo,gilang_prasetyo@outlook.com,628412373555,Bandung,Vacuum Cleaner Dyson,Peralatan Rumah,1,3662000,30,2563400,2024-07-27,Transfer Bank,Dibatalkan,4
ORD-98029,Vina Kusuma,vinakusuma@yahoo.com,+628517555386,Jakarta,Buku Resep Masakan,Buku,3,53800,0,161400,02/01/2025,ShopeePay,Dikirim,2
ORD-35701,Hani Hartono,hani_hartono@outlook.com,628508185805,Tangerang,Serum Vitamin C Somethinc,Kecantikan,3,122200,10,329940,2024-06-22,Indomaret,Dibatalkan,1
ORD-94012,Dian Firmansyah,dian_firmansyah@outlook.com,8327211142,Depok,Setrika Uap Panasonic,Peralatan Rumah,1,448400,10,403560,2024-09-11,Kartu Kredit,Selesai,1
ORD-18237,CANDRA SETIAWAN,candra58@gmail.com,08656308382,Denpasar,Laptop Lenovo IdeaPad,Elektronik,1,6900700,0,6900700,2024-06-16,GoPay,Selesai,4
ORD-26716,Wahyu Gunawan,wahyu.gunawan@gmail.com,628651028374,Solo,Susu UHT Ultra 1L,Makanan & Minuman,1,18300,20,14640,2024-12-16,,Selesai,5
ORD-11610,Xena Hidayat,xena97@gmail.com,08153067274,Balikpapan,Buku Machine Learning,Buku,1,136300,10,122670,2024-06-11,COD,,2
ORD-17512,Mario Gunawan,mario.gunawan@gmail.com,8741341153,Pekanbaru,Setrika Uap Panasonic,Peralatan Rumah,2,414400,0,828800,2025-05-09,OVO,Selesai,2
ORD-71149,Kartika Santoso,kartika_santoso@outlook.com,+628191910467,Depok,Kursi Gaming Ergonomis,Furniture,2,1888500,146,-1168900,2024-10-15,OVO,Selesai,2
ORD-23263,Muhammad Purnama,muhammad_purnama@outlook.com,08919517169,Manado,Tablet iPad Air,Elektronik,2,8962100,5,17027990,2025-04-04,cod,Dibatalkan,3
ORD-48559,Sari Hartono,sari.hartono@gmail.com,8546018975,Depok,Kamera Canon EOS M50,Elektronik,5,9189300,0,45946500,2024-06-22,GoPay,Diproses,3
ORD-14797,Tono Firmansyah,tono_firmansyah@outlook.com,628671630944,Bandung,Rice Cooker Philips,Peralatan Rumah,1,334200,20,267360,2024-07-02,GoPay,Selesai,4
ORD-57067,Hani Santoso,hani_santoso@outlook.com,,Bandung,Earbuds TWS JBL,Elektronik,1,888900,0,888900,2024-11-04,ShopeePay,Diproses,5
ORD-86015,Muhammad Lestari,,8969033176,SOLO,Rice Cooker Philips,Peralatan Rumah,1,334700,10,301230,2025-01-11,Transfer Bank,Selesai,5
ORD-56486,Lina Purnama,lina18@gmail.com,08415278117,Banjarmasin,Teh Botol Sosro 330ml,Makanan & Minuman,1,5500,30,3849,2024-11-05,DANA,Selesai,1
ORD-23672,VINA FIRMANSYAH,vina45@gmail.com,8224598010,Yogyakarta,Serum Vitamin C Somethinc,Kecantikan,5,119200,0,596000,2025-01-07,GoPay,Dibatalkan,5
ORD-97135,Fitri Wibowo,fitri.wibowo@gmail.com,8137421134,Makassar,Celana Jeans Levis,Fashion,-1,450200,0,-450200,2024-09-23,Kartu Kredit,Selesai,4
ORD-33537,Budi Hidayat,budi_hidayat@outlook.com,8582902100,Depok,Kaos Distro Premium,Fashion,3,87700,25,197325,2025-02-19,Kartu Kredit,Dikirim,5
ORD-37180,Hendra Wijaya,hendra51@gmail.com,+628561064014,surabaya,AC Split 1 PK Daikin,Peralatan Rumah,4,4120100,0,16480400,2024-11-03,,Selesai,4
ORD-61229,Fitri Nugraha,,+628413112652,surabaya,Lemari Pakaian 3 Pintu,Furniture,5,2086600,5,9911350,2025-02-11,ShopeePay,Selesai,
ORD-65270,Eko Wijaya,eko.wijaya@gmail.com,+628199626108,Banjarmasin,Minyak Goreng Bimoli 2L,,1,35300,15,30005,2025-02-06,,Selesai,1
ORD-38848,Joko Nugraha,joko54@gmail.com,+628886049101,Solo,Handphone Samsung Galaxy A54,Elektronik,1,3909200,50,1954600,2025-03-07,Indomaret,Dikembalikan,2
ORD-89761,Xena Putra,xenaputra@yahoo.com,08807352484,Pekanbaru,Sunscreen SPF50 Biore,Kecantikan,1,65900,25,49425,2024-09-21,Transfer Bank,Selesai,5
ORD6798,Muhammad Firmansyah,muhammadfirmansyah@yahoo.com,628724888118,Tangerang,Kursi Gaming Ergonomis,Furniture,1,1754700,50,877350,2024-09-10,GoPay,returned,
ORD-36787,Hani Ardiansyah,hani.ardiansyah@gmail.com,628285886733,Tangerang,Kemeja Pria Polos,Fashion,1,124300,0,124300,2024-10-06,GoPay,,5
ORD-49351,Xena Hidayat,xena97@gmail.com,08153067274,Balikpapan,Sofa L-Shape,Furniture,1,5468000,0,5468000,2024-08-07,Transfer Bank,Dikirim,4
ORD2040,Eko Hartono,eko77@gmail.com,628988017921,Banjarmasin,Sepatu Adidas Ultraboost,Fashion,1,1565100,10,1408590,2024-12-03,ShopeePay,Selesai,2
ORD-11617,Eko Lestari,eko1@gmail.com,08678883823,Tangerang,Rice Cooker Philips,Peralatan Rumah,1,361500,25,271125,2025-05-09,Alfamart,Selesai,1
ORD-50383,,farah16@gmail.com,+628907067228,Bekasi,Headphone Sony WH-1000XM5,Elektronik,2,3653300,5,6941270,2024-07-27,Transfer Bank,Selesai,2
ORD-93418,Edy Sari,edy.sari@gmail.com,08977162857,JAKARTA,Kursi Gaming Ergonomis,Furniture,2,1664500,0,3329000,2025-04-25,Alfamart,retur,4
ORD-57344,Oscar Hidayat,,08881654924,Solo,Kursi Gaming Ergonomis,Furniture,2,159027700,116,-50888863,2024-10-10,ShopeePay,Selesai,2
ORD-52667,Sari Sari,,+628597721705,Pekanbaru,Komik Naruto Vol 1,Buku,10,36600,10,329400,2024-07-10,COD,Selesai,5
ORD-68495,Eko Lestari,eko1@gmail.com,08678883823,Tangerang,Kemeja Pria Polos,Fashion,1,124900,15,106165,2024-12-02,COD,Selesai,
ORD-88732,Joko Nugraha,joko54@gmail.com,,Solo,Sofa L-Shape,Furniture,10,5635400,0,56354000,2024-07-16,ShopeePay,Dikirim,4
ORD-57844,Sari Sari,sari.sari@gmail.com,+628597721705,Pekanbaru,Novel Laskar Pelangi,Buku,2,71700,0,143400,2025-01-30,Transfer Bank,Dikirim,3
ORD-74883,Gilang Lestari,gilang68@gmail.com,8666262886,Semarang,Kursi Gaming Ergonomis,Furniture,4,1700000,0,6800000,2024-08-19,ShopeePay,Diproses,-1
ORD-35571,Yeni Sari,yeni_sari@outlook.com,8692976045,Jakarta,Novel Laskar Pelangi,Buku,10,79400,15,674900,2025-01-22,Transfer Bank,Dikirim,
ORD-32049,Siti Lestari,siti_lestari@outlook.com,8581649691,Tangerang,Handphone Xiaomi Redmi Note 12,Elektronik,1,2628600,0,2628600,2024-07-19,GoPay,Dikembalikan,1
ORD-20831,Fitri Ardiansyah,fitri6@gmail.com,,Makassar,Laptop Lenovo IdeaPad,Elektronik,2,6894500,0,13789000,2025-04-15,COD,Selesai,4
ORD-86640,Sari Nugraha,sari_nugraha@outlook.com,628842716512,Banjarmasin,Dress Wanita Batik,,1,209500,0,209500,2024-07-21,OVO,Selesai,1
ORD-78084,Candra Nugraha,candra53@gmail.com,8949025733,Yogyakarta,Teh Botol Sosro 330ml,Makanan & Minuman,20,5300,10,95400,2024-06-11,Transfer Bank,Diproses,3
ORD-69777,Hani Santoso,hani_santoso@outlook.com,08957783308,Bandung,Speaker Bluetooth JBL,Elektronik,3,1206900,15,3077595,2025-04-21,GoPay,Diproses,5
ORD-53714,Farah Kusuma,farah.kusuma@gmail.com,628694422938,Yogyakarta,Smartwatch Garmin,Elektronik,1,4019400,30,2813580,2024-10-23,DANA,Selesai,1
ORD-79688,Kartika Prasetyo,kartika_prasetyo@outlook.com,+628286308033,Yogyakarta,Kamera Canon EOS M50,Elektronik,3,8364600,0,25093800,2025-04-12,ShopeePay,Dikirim,4
ORD-21395,Umar Wibowo,umar.wibowo@gmail.com,8321609681,Pekanbaru,Earbuds TWS JBL,Elektronik,1,792400,0,792400,2024-05-25,GoPay,Dikirim,5
ORD-55227,Yeni Wijaya,yeni_wijaya@outlook.com,+628578330827,Pekanbaru,Parfum Pria Davidoff,Kecantikan,2,597100,30,835940,2024-08-17,DANA,Dikembalikan,1
ORD-44701,Zaidan Rahayu,zaidan50@gmail.com,628186531293,Jogja,Kopi Kapal Api 1kg,Makanan & Minuman,10,75200,20,716200,2024-10-19,Transfer Bank,Selesai,
ORD-96066,Prita Gunawan,prita.gunawan@gmail.com,8133395441,Jakarta,Setrika Uap Panasonic,Peralatan Rumah,1,451700,15,383945,2024/12/28,Transfer Bank,Selesai,2
ORD-26703,Ahmad Rahayu,ahmadrahayu@yahoo.com,+628577416943,Malang,Sofa L-Shape,Furniture,3,5175600,188,-13663583,2025-05-02,GoPay,Selesai,4
ORD-42421,Julia Gunawan,julia.gunawan@gmail.com,8542639417,Semarang,Smartwatch Garmin,Elektronik,1,4232000,10,3808800,2024-07-26,COD,success,
ORD-76828,Sari Kusuma,sarikusuma@yahoo.com,,Surabaya,Tas Ransel Laptop,Fashion,1,342700,185,-291295,2024-09-05,COD,Selesai,1
ORD-87189,Indra Lestari,indra_lestari@outlook.com,+628279796063,Jakarta,Novel Laskar Pelangi,Buku,1,73600,0,73600,2025-04-20,Transfer Bank,Selesai,4
ORD-83445,Zaidan Wibowo,zaidan.wibowo@gmail.com,+628281272124,Yogyakarta,Setrika Uap Panasonic,Peralatan Rumah,10,395600,0,3956000,2024-07-25,gopay,Dikirim,1
ORD-30971,Indra Kusuma,indra.kusuma@gmail.com,+628685966428,Jakarta,Sunscreen SPF50 Biore,Kecantikan,2,64500,0,129000,2024-08-15,OVO,,1
ORD-58380,Ahmad Rahayu,ahmadrahayu@yahoo.com,+628577416943,Malang,Kamera Canon EOS M50,Elektronik,1,8572400,20,6857920,2024-10-10,Alfamart,Dikembalikan,4
ORD-36728,Wahyu Santoso,wahyusantoso@yahoo.com,8655170429,Malang,Vacuum Cleaner Dyson,Peralatan Rumah,1,3636900,0,3636900,2024-08-18,GoPay,Sukses,5
ORD-27995,Ahmad Wibowo,ahmad_wibowo@outlook.com,+628826279418,Depok,Laptop ASUS VivoBook,Elektronik,1,7816100,0,7816100,2024-05-26,Transfer Bank,Selesai,2
ORD4383,AHMAD KUSUMA,ahmad.kusuma@gmail.com,08476055825,Pekanbaru,Lipstik MAC,Kecantikan,4,309600,155,-681120,2024-11-16,COD,Selesai,2
ORD-21115,Bella Prasetyo,,628682677407,Semarang,Buku Resep Masakan,Buku,5,52200,10,234900,2024-10-05,ShopeePay,Diproses,
ORD-72709,Nita Ardiansyah,nita_ardiansyah@outlook.com,628758938746,Balikpapan,Speaker Bluetooth JBL,Elektronik,1,1121400,5,1065330,2024-12-17,OVO,Dibatalkan,5
ORD-38748,CANDRA PUTRA,candra11@gmail.com,08121873851,Tangerang,Laptop Lenovo IdeaPad,Elektronik,1,6650300,25,4987725,2024-07-30,Transfer Bank,Dikembalikan,1
ORD-17088,Gilang Putra,gilang_putra@outlook.com,+628474816534,Depok,Kemeja Pria Polos,Fashion,1,111000,10,99900,2024-08-21,Transfer Bank,Dibatalkan,1
ORD-21161,Edy Santoso,edy_santoso@outlook.com,08341563871,Malang,Sepatu Adidas Ultraboost,Fashion,3,1600600,0,4801800,2024-07-23,ovo,Selesai,4
ORD-45378,Ahmad Wijaya,ahmad_wijaya@outlook.com,8835770422,Pekanbaru,Kursi Gaming Ergonomis,Furniture,2,1664100,10,2995380,2025-02-26,Indomaret,Selesai,
ORD-62184,Yeni Utami,yeni.utami@gmail.com,628191560573,Depok,Kamera Canon EOS M50,Elektronik,2,8982100,0,17964200,2025-03-16,GoPay,Selesai,1
ORD-75748,Edy Lestari,edylestari@yahoo.com,628208304686,Yogyakarta,Kursi Gaming Ergonomis,Furniture,1,1784900,30,1249430,2025-05-04,COD,Selesai,1
ORD-51119,Fitri Nugraha,fitri.nugraha@gmail.com,+628413112652,Tangerang,Rak Buku Minimalis,Furniture,3,439400,50,659100,2025-01-01,Transfer Bank,cancel,2
ORD-99463,Mario Sari,mario.sari@gmail.com,+628639770838,Depok,Sepatu Nike Air Max,Fashion,1,1393100,5,1323445,2024-09-11,GoPay,Selesai,1
ORD-54882,Hendra Santoso,hendrasantoso@yahoo.com,+628355479152,Jakarta,Tas Ransel Laptop,Fashion,10,317700,0,3177000,2024-11-30,DANA,Dikembalikan,-1
ORD-65013,Tono Handoko,tono_handoko@outlook.com,628992647814,Batam,Handphone Xiaomi Redmi Note 12,Elektronik,1,2617400,0,2617400,2025-01-18,DANA,Selesai,5
ORD-51486,Joko Sari,joko_sari@outlook.com,8279548432,Bandung,Meja Belajar Minimalis,Furniture,2,797500,0,1595000,2024-07-23,OVO,Selesai,2
ORD-57683,Dewi Hidayat,dewihidayat@yahoo.com,628597402509,Banjarmasin,Tablet iPad Air,Elektronik,2,9493400,5,18037460,2024-11-07,Transfer Bank,Selesai,4
ORD-21749,Ahmad Nugraha,ahmad_nugraha@outlook.com,628156437011,Jogja,Komik Naruto Vol 1,Buku,2,37400,0,74800,2024-09-11,OVO,,4
ORD-47172,Prita Utami,pritautami@yahoo.com,08853586950,Denpasar,Blender Philips,Peralatan Rumah,1,25708300,20,20566640,2025-03-23,Transfer Bank,Selesai,4
ORD-51697,Edy Lestari,edylestari@yahoo.com,628208304686,Yogyakarta,Kamera Canon EOS M50,Elektronik,3,8705900,10,23505930,2024-11-01,Transfer Bank,Dikirim,
ORD-92772,Mario Sari,mariosari@yahoo.com,8587327855,Jakarta,Celana Jeans Levis,Fashion,3,452600,20,1086240,2024-08-01,OVO,Selesai,3
ORD-12877,Yeni Kusuma,yeni.kusuma@gmail.com,+628856882609,JAKARTA,Meja Belajar Minimalis,Furniture,1,868200,25,651150,2024-06-05,COD,Dikembalikan,
ORD-38351,Vina Lestari,vinalestari@yahoo.com,628593347981,Jakarta,Jaket Bomber Pria,Fashion,1,354700,0,354700,2025-04-18,ShopeePay,Selesai,3
ORD-66815,Rizki Kusuma,,+628493946849,Pekanbaru,Komik Naruto Vol 1,Buku,1,32800,25,24600,2024-06-06,COD,Dikirim,4
ORD-58754,Hendra Hartono,hendra_hartono@outlook.com,+628511941524,Tangerang,Laptop ASUS VivoBook,Elektronik,2,7760200,0,15520400,2024-09-05,Transfer Bank,Dikirim,4
ORD4497,Wahyu Firmansyah,wahyu.firmansyah@gmail.com,8644554277,Depok,Novel Laskar Pelangi,Buku,1,73600,20,58880,2024-10-12,cc,selesai,
ORD-51048,Lusi Gunawan,lusi82@gmail.com,628383941912,Semarang,AC Split 1 PK Daikin,Peralatan Rumah,5,4195500,30,14684249,2024-05-25,Alfamart,,
ORD0706,Edy Wibowo,edy.wibowo@gmail.com,+628242096280,Medan!,Komik Naruto Vol 1,Buku,3,36600,10,98820,2024-08-03,Kartu Kredit,Selesai,
ORD-44578,Muhammad Hartono,muhammad_hartono@outlook.com,628889123194,Banjarmasin,Sepatu Nike Air Max,Fashion,1,1384400,50,570500,2024-12-03,Transfer Bank,Selesai,3
ORD-69301,Kevin Rahayu,kevin_rahayu@outlook.com,628155973336,Balikpapan,Tas Ransel Laptop,Fashion,10,316100,0,3161000,2024-07-15,Kartu Kredit,Selesai,5
ORD-22820,Dewi Kusuma,dewi82@gmail.com,8308412769,Banjarmasin,Dompet Kulit Pria,Fashion,1,166300,10,149670,2024-09-24,transfer bank,Selesai,5
ORD-32417,Indra Nugraha,indra_nugraha@outlook.com,+628402724773,Bandung,Laptop ASUS VivoBook,Elektronik,3,7013100,5,19987335,2024-10-28,Transfer Bank,Selesai,1
ORD-86435,Ika Santoso,,08414744854,Surabaya,Laptop Lenovo IdeaPad,Elektronik,4,6873200,0,27492800,2024-10-22,COD,Selesai,4
ORD-88085,Tono Wijaya,tono_wijaya@outlook.com,08844905100,Tangerang,Laptop Lenovo IdeaPad,Elektronik,1,6416900,5,6096055,2025-05-11,GoPay,Selesai,5
ORD-61252,Prita Rahayu,pritarahayu@yahoo.com,8686569576,Malang,Handphone Samsung Galaxy A54,Elektronik,4,4253400,20,13610880,2024-11-13,Alfamart,Dikirim,5
ORD-87735,GILANG PURNAMA,gilang84@gmail.com,628919249789,Medan!,Laptop ASUS VivoBook,Elektronik,4,6959900,10,25055640,2024-07-03,Transfer Bank,Selesai,3
ORD-88255,Bella Gunawan,bella_gunawan@outlook.com,+628952600296,Surabaya,Novel Laskar Pelangi,Buku,1,70700,0,70700,2025-04-06,Transfer Bank,Diproses,5
ORD-52667,Zaidan Hartono,zaidan67@gmail.com,+628382074176,Surabaya,Komik Naruto Vol 1,Buku,2,37300,10,67140,2024-06-16,GoPay,Selesai,1
ORD-53425,Wahyu Gunawan,wahyu.gunawan@gmail.com,628651028374,Solo,Handphone Xiaomi Redmi Note 12,Elektronik,2,2890300,0,5780600,2024-08-07,COD,Selesai,1
ORD-61211,Siti Lestari,siti_lestari@outlook.com,8581649691,Tangerang,Kaos Distro Premium,Fashion,2,89400,15,151980,2024-12-27,Transfer Bank,Dikirim,2
ORD-24068,Nita Hidayat,nitahidayat@yahoo.com,628653192921,Yogyakarta,AC Split 1 PK Daikin,Peralatan Rumah,2,3944700,15,6705990,2024-11-17,GoPay,Selesai,5
ORD-83812,Lina Purnama,lina18@gmail.com,08415278117,Banjarmasin,Minyak Goreng Bimoli 2L,Makanan & Minuman,5,36800,5,174800,2025-03-10,GoPay,Selesai,5
ORD-99040,Fitri Wibowo,fitri.wibowo@gmail.com,8137421134,Makassar,Sepatu Nike Air Max,Fashion,3,1264800,50,1897200,2024-09-25,DANA,Diproses,3
ORD-98978,Ahmad Prasetyo,ahmad_prasetyo@outlook.com,628879648751,Makassar,Parfum Pria Davidoff,Kecantikan,2,608600,15,1034620,2024-05-22,GoPay,Selesai,5
ORD-28071,Nita Ardiansyah,nita_ardiansyah@outlook.com,628758938746,Balikpapan,Buku Machine Learning,Buku,1,135200,0,135200,2024-09-11,COD,Selesai,3
ORD1817,Agus Prasetyo,agus.prasetyo@gmail.com,628733775016,Tangerang,Laptop Lenovo IdeaPad,Elektronik,1,6291100,0,6291100,2024-11-04,ShopeePay,Selesai,1
ORD-26969,Sari Nugraha,sari99@gmail.com,8715108369,Bekasi,Jaket Bomber Pria,Fashion,1,389100,108,-52100,2024-08-28,Kartu Kredit,Dikirim,
ORD-58196,Eko Prasetyo,ekoprasetyo@yahoo.com,08748650572,Surabaya,Jaket Bomber Pria,Fashion,3,17926800,10,48402360,2024-09-24,Transfer Bank,BATAL,3
ORD-56787,Hani Nugraha,haninugraha@yahoo.com,+628472696860,Manado,Buku Python untuk Pemula,Buku,2,86000,15,146200,2024-12-16,OVO,Selesai,5
ORD-69475,Dian Rahayu,dian.rahayu@gmail.com,+628364540415,surabaya,Jam Tangan Casio,Fashion,1,684000,10,615600,2024-06-11,GoPay,Selesai,
ORD-87458,Oscar Prasetyo,oscar.prasetyo@gmail.com,628937575963,Banjarmasin,Setrika Uap Panasonic,Peralatan Rumah,5,449900,20,1799600,2025-05-02,Alfamart,Selesai,4
ORD-42759,Vina Nugraha,vinanugraha@yahoo.com,628973347627,Depok,Tas Ransel Laptop,Fashion,3,312900,10,844830,2024-10-31,DANA,selesai,5
ORD-33567,Joko Kusuma,jokokusuma@yahoo.com,628956828829,Makassar,Kamera Canon EOS M50,Elektronik,4,8320600,0,33282400,2025-02-03,gopay,Selesai,3
ORD-36744,Ahmad Rahayu,,+628577416943,Malang,Headphone Sony WH-1000XM5,Elektronik,1,3579500,20,2863600,2025-04-18,Indomaret,Selesai,5
ORD-55095,Oscar Prasetyo,oscar.prasetyo@gmail.com,628937575963,Banjarmasin,Speaker Bluetooth JBL,Elektronik,1,1177200,30,824040,2025-03-10,ShopeePay,Selesai,5
ORD-57443,Ahmad Rahayu,ahmadrahayu@yahoo.com,+628881088100,Banjarmasin,Sepatu Nike Air Max,Fashion,2,1338100,10,2408580,2025-01-22,GoPay,Selesai,
ORD-51136,Sari Firmansyah,sarifirmansyah@yahoo.com,08642925626,Jakarta,Buku Machine Learning,Buku,1,144900,10,130410,2025-02-27,GoPay,Dibatalkan,
ORD-82999,Yeni Utami,yeniutami@yahoo.com,8272058651,Jakarta,Kursi Gaming Ergonomis,Furniture,20,1826300,15,31047100,2024-12-15,ShopeePay,Diproses,5
ORD-59725,Indra Hartono,indra8@gmail.com,628821968662,Surabaya,Smartwatch Garmin,Elektronik,1,3924400,10,3531960,2024-10-13,COD,Selesai,2
ORD-73784,Umar Wijaya,umar31@gmail.com,628912191383,Yogyakarta,Sepatu Adidas Ultraboost,Fashion,5,1617300,0,8086500,14/08/2024,Indomaret,selesai,5
ORD-25720,Vina Kusuma,vinakusuma@yahoo.com,+628517555386,,Kamera Canon EOS M50,Elektronik,1,9386400,0,9386400,2024-11-03,COD,Dikirim,
ORD-83160,Gilang Suryadi,gilangsuryadi@yahoo.com,628899569884,Batam,Susu UHT Ultra 1L,Makanan & Minuman,1,17000,15,14450,2024-08-23,COD,Dibatalkan,1
ORD-92709,Agus Prasetyo,agus.prasetyo@gmail.com,628733775016,Tangerang,Kaos Distro Premium,Fashion,4,90100,10,324360,2025-02-22,Transfer Bank,Dibatalkan,3
ORD-26784,Tono Wijaya,tono_wijaya@outlook.com,08844905100,Tangerang,Snack Chitato 68gr,Makanan & Minuman,2,12000,20,19200,2024-09-30,GoPay,Selesai,
ORD-80256,Muhammad Suryadi,muhammad60@gmail.com,8188867190,Bekasi,Komik Naruto Vol 1,Buku,1,34000,20,27200,2024-11-16,OVO,Selesai,5
ORD-42598,Ahmad Wibowo,ahmad_wibowo@outlook.com,+628826279418,surabaya,Sunscreen SPF50 Biore,Kecantikan,1,63900,0,63900,2024-10-06,DANA,,1
ORD-29902,Xena Santoso,xena54@gmail.com,628298306261,Manado,Buku Resep Masakan,Buku,2,58200,5,110580,2025-04-20,GoPay,Selesai,5
ORD-69279,UMAR HARTONO,umarhartono@yahoo.com,8695727345,Balikpapan,Vacuum Cleaner Dyson,Peralatan Rumah,2,3720900,20,5953440,2024-08-14,Indomaret,Selesai,5
ORD9263,OSCAR SARI,oscar36@gmail.com,628277924719,Banjarmasin,Buku Python untuk Pemula,Buku,1,93200,5,88540,2024-06-30,GoPay,retur,4
ORD-81707,Mario Putra,mario81@gmail.com,8457191986,Pekanbaru,Dompet Kulit Pria,Fashion,1,181200,25,135900,2024-10-15,COD,Dikirim,3
ORD-63558,Nita Utami,nita_utami@outlook.com,+628478612081,Solo,Jam Tangan Casio,Fashion,1,671000,0,671000,2024-06-23,OVO,Dikirim,4
ORD-20154,Hani Prasetyo,hani92@gmail.com,8604616991,Palembang,Sepatu Adidas Ultraboost,Fashion,2,1515300,5,2879070,2025-03-25,DANA,Dikirim,2
ORD-16840,Lina Utami,lina49@gmail.com,08514165061,Yogyakarta,Meja Belajar Minimalis,Furniture,1,823100,20,658480,2025-02-11,Transfer Bank,Selesai,2
ORD-55636,Nita Utami,nita_utami@outlook.com,+628478612081,,Lemari Pakaian 3 Pintu,Furniture,2,2280400,30,3192560,2024-05-25,GoPay,Selesai,5
ORD-43166,Yeni Setiawan,yeni_setiawan@outlook.com,+628505055688,Semarang,Skincare Wardah Basic Kit,Kecantikan,2,199700,25,299550,2024-06-08,OVO,Dikirim,1
ORD-90478,Dewi Hidayat,dewihidayat@yahoo.com,628597402509,Banjarmasin,Kemeja Pria Polos,,10,127800,30,894600,2025-04-27,Transfer Bank,Selesai,5
ORD-55964,Sari Firmansyah,sarifirmansyah@yahoo.com,08642925626,Jakarta,Buku Machine Learning,Buku,5,155000,0,775000,2024-05-30,DANA,Selesai,2
ORD-64261,Julia Gunawan,juliagunawan@yahoo.com,08873321942,Bekasi,Dompet Kulit Pria,Fashion,1,168300,5,159885,2025-04-08,Transfer Bank,Selesai,4
ORD-45251,Oscar Ardiansyah,oscar.ardiansyah@gmail.com,08306218367,Denpasar,Sepatu Adidas Ultraboost,Fashion,3,1387500,0,4162500,2024-11-29,Kartu Kredit,Selesai,4
ORD-12850,Umar Wijaya,umar31@gmail.com,,Yogyakarta,Setrika Uap Panasonic,Peralatan Rumah,1,440700,10,396630,2024-06-09,Kartu Kredit,Dibatalkan,5
ORD-36012,Ika Hidayat,,+628439776935,Jakarta,Handphone Xiaomi Redmi Note 12,Elektronik,3,3010700,10,5862900,2024-08-16,Transfer Bank,Selesai,3
ORD-59321,Nita Hidayat,nitahidayat@yahoo.com,628653192921,Yogyakarta,Kamera Canon EOS M50,Elektronik,1,8447200,0,8447200,2025-03-21,Transfer Bank,Dikirim,2
ORD-28098,Rizki Kusuma,rizki_kusuma@outlook.com,,Bogor,Kursi Gaming Ergonomis,Furniture,1,1766600,15,1501610,2024-12-21,GoPay,Selesai,4
ORD-97843,Yeni Hartono,,+628882421902,Bekasi,Susu UHT Ultra 1L,Makanan & Minuman,5,17400,20,69600,2024-11-22,Transfer Bank,Diproses,
ORD-67001,SARI HIDAYAT,sarihidayat@yahoo.com,8975428914,Depok,AC Split 1 PK Daikin,Peralatan Rumah,3,4110700,5,11715495,2025-02-21,COD,Selesai,
ORD-28958,Muhammad Sari,muhammad_sari@outlook.com,628808738745,Bandung,AC Split 1 PK Daikin,Peralatan Rumah,4,4327000,15,14711800,2024-06-28,Transfer Bank,Dikirim,
ORD-43666,Yeni Suryadi,yeni.suryadi@gmail.com,+628663778404,Semarang,Tablet iPad Air,,20,9632200,10,173379600,2024-06-14,GoPay,Selesai,1
ORD-27008,Yeni Setiawan,yeni_setiawan@outlook.com,+628505055688,Semarang,Meja Belajar Minimalis,Furniture,3,795200,10,2147040,2025-01-10,OVO,Selesai,
ORD-98209,HENDRA PUTRA,hendraputra@yahoo.com,08677276684,Pekanbaru,Earbuds TWS JBL,Elektronik,1,867900,50,433950,2024-10-28,GoPay,Selesai,1
ORD-26186,Kevin Suryadi,kevin60@gmail.com,8675091349,Denpasar,Dompet Kulit Pria,Fashion,3,166000,5,473100,2024-12-20,COD,Dikirim,3
ORD-30574,GILANG SETIAWAN,gilang.setiawan@gmail.com,628513488628,Manado,AC Split 1 PK Daikin,Peralatan Rumah,1,4305000,5,4089750,2024-06-03,Transfer Bank,Dikembalikan,3
ORD-95736,Hendra Putra,hendraputra@yahoo.com,08677276684,Pekanbaru,Kemeja Pria Polos,Fashion,1,119200,15,101320,2024-06-22,COD,Selesai,4
ORD-19154,Farah Utami,farah16@gmail.com,+628907067228,Bekasi,Parfum Pria Davidoff,Kecantikan,1,626000,0,626000,2025-03-26,OVO,dibatalkan,1
ORD-44406,Agus Handoko,agus.handoko@gmail.com,08973192032,Depok,Blender Philips,Peralatan Rumah,1,287000,0,287000,2025-01-09,GoPay,Selesai,3
ORD-57542,Gilang Lestari,gilang68@gmail.com,8666262886,Semarang,Jam Tangan Casio,Fashion,1,647400,15,550290,2024-12-02,COD,Selesai,
ORD-94390,Hendra Wijaya,hendra40@gmail.com,+628262512187,Semarang,Sofa L-Shape,Furniture,1,5821600,0,11179900,2024-11-11,COD,,
ORD-78697,Fitri Lestari,fitri35@gmail.com,8541447451,Jakarta,Susu UHT Ultra 1L,Makanan & Minuman,1,17300,10,15570,2024-06-17,GoPay,Diproses,2
ORD-18345,Oscar Sari,oscarsari@yahoo.com,08491229419,Semarang,Novel Laskar Pelangi,Buku,1,78100,0,78100,2025-01-19,Transfer Bank,Selesai,5
ORD-69802,Ika Santoso,ika_santoso@outlook.com,08414744854,Surabaya,Susu UHT Ultra 1L,Makanan & Minuman,2,17500,0,35000,2024-10-07,GoPay,Selesai,-1
ORD-80594,Gilang Kusuma,gilang.kusuma@gmail.com,08218245685,Solo,Jam Tangan Casio,Fashion,2,650200,5,1235380,2024-08-07,Transfer Bank,Selesai,5
ORD-49795,Kartika Setiawan,kartika_setiawan@outlook.com,+628106171869,Bandung,Meja Belajar Minimalis,Furniture,1,843200,15,716720,2024-11-17,Transfer Bank,Selesai,3
ORD-38177,Budi Hidayat,budi_hidayat@outlook.com,8582902100,Depok,Sepatu Nike Air Max,Fashion,10,1276700,30,8936900,2024-12-05,Kartu Kredit,Selesai,3
ORD-64234,Farah Rahayu,farah26@gmail.com,628837022335,Surabaya,Buku Python untuk Pemula,Buku,2,83100,0,166200,2024-05-31,ShopeePay,Dikirim,4
ORD-43951,Edy Kusuma,edykusuma@yahoo.com,08777156398,Makassar,Kopi Kapal Api 1kg,Makanan & Minuman,2,73900,10,133020,2024-05-28,Alfamart,Dibatalkan,3
ORD-21498,Umar Handoko,umar_handoko@outlook.com,,Malang,Headphone Sony WH-1000XM5,Elektronik,1,3649600,25,2737200,2024-06-26,,Diproses,4
ORD-39214,Xena Putra,xenaputra@yahoo.com,08807352484,Pekanbaru,Minyak Goreng Bimoli 2L,Makanan & Minuman,5,36200,15,153850,2024-08-03,kartu kredit,Sukses,3
ORD-38473,Kevin Utami,kevin.utami@gmail.com,+628459988193,solo,Laptop Lenovo IdeaPad,Elektronik,3,6739000,5,19206150,2024-11-30,Transfer Bank,Selesai,2
ORD-76441,Budi Lestari,budi11@gmail.com,8394546989,Depok,Laptop Lenovo IdeaPad,Elektronik,2,6263900,5,11901410,2024-12-28,ShopeePay,Dikirim,1
ORD-26770,Eko Kusuma,,8999767135,Medan,Handphone Xiaomi Redmi Note 12,Elektronik,3,2843100,10,7676370,2024-08-17,Alfamart,Diproses,2
ORD-94495,EKO HIDAYAT,eko.hidayat@gmail.com,08671816653,solo,Blender Philips,Peralatan Rumah,2,259700,129,-150626,2024-06-22,GoPay,Dibatalkan,
ORD-57917,Mario Utami,mario.utami@gmail.com,8743673793,Banjarmasin,Buku Machine Learning,Buku,1,138000,0,138000,2024-12-12,OVO,Selesai,4
ORD-96665,Hendra Hartono,hendra_hartono@outlook.com,+628511941524,Tangerang,Sofa L-Shape,Furniture,-1,5616100,10,-5054490,2024-12-09,OVO,Selesai,4
ORD-54217,Candra Prasetyo,candra39@gmail.com,8691966769,Solo,Serum Vitamin C Somethinc,Kecantikan,1,134600,15,114410,2024-12-24,Alfamart,Selesai,
ORD-76155,Gilang Kusuma,gilang.kusuma@gmail.com,08218245685,Solo,Celana Jeans Levis,Fashion,3,424200,15,1081710,2025-03-04,GoPay,Selesai,3
ORD-80886,Umar Hartono,umar.hartono@gmail.com,628581681729,Semarang,Rice Cooker Philips,Peralatan Rumah,20,338600,10,6094800,2024-05-20,ShopeePay,Selesai,4
ORD-30898,Indra Purnama,indra12@gmail.com,8753355029,Makassar,Lemari Pakaian 3 Pintu,Furniture,1,2048800,0,2048800,2024-08-05,Transfer Bank,Selesai,5
ORD-54744,Farah Kusuma,farah.kusuma@gmail.com,628694422938,Yogyakarta,Sepatu Adidas Ultraboost,Fashion,2,1407100,15,2392070,2024-09-12,Transfer Bank,Dikembalikan,4
ORD-46158,Prita Gunawan,,8133395441,Jakarta,Sepatu Adidas Ultraboost,Fashion,1,1615900,0,1615900,2025-04-25,Alfamart,Selesai,4
ORD-41275,Budi Lestari,budi11@gmail.com,8394546989,Depok,Rice Cooker Philips,Peralatan Rumah,2,362200,10,715900,2025-04-06,GoPay,Selesai,3
ORD-42597,Hendra Wijaya,hendra38@gmail.com,8343673322,Balikpapan,Susu UHT Ultra 1L,Makanan & Minuman,1,17800,10,16020,2024-11-14,Transfer Bank,Selesai,2
ORD-60160,Dian Firmansyah,dian.firmansyah@gmail.com,08606205543,Balikpapan,Vacuum Cleaner Dyson,Peralatan Rumah,10,4040600,0,40406000,2025-05-13,COD,Selesai,
ORD-56373,Prita Nugraha,prita58@gmail.com,+628374452490,Malang,Dompet Kulit Pria,Fashion,1,178200,20,142560,2024/10/07,DANA,Selesai,1
ORD-35197,Yeni Kusuma,yeni.kusuma@gmail.com,+628856882609,Palembang,Buku Machine Learning,Buku,3,154000,50,231000,2024-11-25,Indomaret,Selesai,2
ORD-23737,Hendra Santoso,hendrasantoso@yahoo.com,+628355479152,Jakarta,Buku Python untuk Pemula,Buku,1,93600,10,84240,2024-06-22,Transfer Bank,BATAL,1
ORD-74331,Joko Suryadi,jokosuryadi@yahoo.com,8483300647,Semarang,Dress Wanita Batik,Fashion,3,200000,0,600000,2024-12-14,OVO,selesai,1
ORD-33506,Edy Sari,edy_sari@outlook.com,628508159911,solo,Smartwatch Garmin,Elektronik,10,4392700,5,41730650,2024-11-11,COD,Selesai,
ORD-43786,Muhammad Purnama,muhammad_purnama@outlook.com,08919517169,Manado,Snack Chitato 68gr,Makanan & Minuman,10,12200,0,226600,2025-03-04,Transfer Bank,Dikirim,1
ORD-33264,Hendra Wijaya,hendra51@gmail.com,+628561064014,Medan,Handphone Samsung Galaxy A54,Elektronik,3,4492500,30,9434250,2025-05-04,GoPay,Selesai,4
ORD-57932,Farah Santoso,farahsantoso@yahoo.com,08623589751,Yogyakarta,Rice Cooker Philips,Peralatan Rumah,20,324300,20,5188800,2025-03-18,GoPay,Selesai,4
ORD-62984,Hendra Prasetyo,hendra.prasetyo@gmail.com,08857442986,Tangerang,Meja Belajar Minimalis,Furniture,1,858300,20,686640,2025-02-14,Transfer Bank,Dibatalkan,3
ORD7108,Siti Nugraha,siti_nugraha@outlook.com,08208945197,Banjarmasin,Teh Botol Sosro 330ml,Makanan & Minuman,2,5100,0,10200,2025-01-28,ovo,Selesai,6
ORD-62685,Bella Prasetyo,bella_prasetyo@outlook.com,628682677407,Semarang,Sepatu Adidas Ultraboost,Fashion,2,1591700,10,2865060,2024-10-06,Transfer Bank,Selesai,3
ORD-93571,Dian Rahayu,dian.rahayu@gmail.com,+628364540415,Banjarmasin,Kaos Distro Premium,Fashion,3,85500,15,218025,2024-10-13,OVO,Selesai,5
ORD6359,Yeni Gunawan,yeni.gunawan@gmail.com,8373595941,Tangerang,Setrika Uap Panasonic,Peralatan Rumah,1,432800,0,432800,2024-08-24,transfer bank,Dibatalkan,3
ORD-92210,Dian Hidayat,dian37@gmail.com,628601919088,,Vacuum Cleaner Dyson,Peralatan Rumah,2,3538200,0,7076400,2025-05-05,,Dikirim,
ORD-39428,Ahmad Kusuma,ahmad.kusuma@gmail.com,08476055825,SOLO,Skincare Wardah Basic Kit,Kecantikan,1,197900,5,188005,2025-03-29,Alfamart,Selesai,2
ORD-12744,Kartika Kusuma,kartika.kusuma@gmail.com,+628666891952,Bandung,Lipstik MAC,Kecantikan,1,338000,0,338000,2025-01-10,GoPay,Selesai,2
ORD-70735,Yeni Sari,,8692976045,Jakarta,Jam Tangan Casio,Fashion,1,620200,5,589190,2025-04-04,Transfer Bank,Dibatalkan,4
ORD-94048,Yeni Hartono,yenihartono@yahoo.com,+628882421902,Bekasi,Meja Belajar Minimalis,Furniture,1,845700,5,803415,2025-04-06,ShopeePay,selesai,3
ORD-68538,Fitri Wibowo,fitri.wibowo@gmail.com,,Makassar,Buku Python untuk Pemula,Buku,1,84200,25,63150,2025-04-06,Alfamart,Dibatalkan,4
ORD-57498,Joko Setiawan,joko73@gmail.com,+628702224599,Jakarta,Serum Vitamin C Somethinc,,5,138200,25,518250,2024-10-20,Kartu Kredit,Dibatalkan,3
ORD-64753,Fitri Nugraha,,+628413112652,Tangerang,Parfum Pria Davidoff,Kecantikan,1,22429200,15,19064820,2024-11-08,ShopeePay,Selesai,5
ORD-45426,Tono Suryadi,tono.suryadi@gmail.com,628489124053,Tangerang,Setrika Uap Panasonic,Peralatan Rumah,10,418700,10,3768300,2025-01-05,Transfer Bank,Selesai,
ORD-21453,Prita Purnama,prita55@gmail.com,,surabaya,Komik Naruto Vol 1,Buku,10,32600,10,293400,2025-03-29,ShopeePay,Dikirim,
ORD-79380,Dewi Kusuma,dewi35@gmail.com,08948113787,Malang,Buku Resep Masakan,Buku,3,56800,20,136320,2024-06-29,Transfer Bank,Selesai,1
ORD-64038,Hendra Wijaya,hendra51@gmail.com,+628561064014,Medan,Lemari Pakaian 3 Pintu,Furniture,3,2282900,0,6848700,2024-06-21,ovo,Selesai,0
ORD-51820,Eko Putra,eko.putra@gmail.com,628179382064,Makassar,Jam Tangan Casio,Fashion,20,677400,10,12193200,2025-01-13,,Dibatalkan,2
ORD-92862,SARI HARTONO,sari.hartono@gmail.com,8546018975,Depok,Minyak Goreng Bimoli 2L,Makanan & Minuman,10,40500,0,405000,08-29-2024,Transfer Bank,Dibatalkan,4
ORD-52373,Yeni Nugraha,yeni_nugraha@outlook.com,8925951043,Solo,Serum Vitamin C Somethinc,Kecantikan,1,135300,0,135300,2024-12-25,OVO,Selesai,5
ORD-50964,Muhammad Sari,muhammad_sari@outlook.com,628808738745,Bandung,Buku Python untuk Pemula,Buku,3,86700,30,182070,2024-09-14,OVO,Selesai,1
ORD-44866,Nita Ardiansyah,nita_ardiansyah@outlook.com,628758938746,Balikpapan,Tas Ransel Laptop,Fashion,3,330800,146,-456503,2025-01-22,DANA,Selesai,2
ORD-47022,Fitri Wibowo,fitri_wibowo@outlook.com,08498481225,Malang,Laptop ASUS VivoBook,Elektronik,1,7257800,10,6532020,2024-08-03,GoPay,Selesai,2
ORD-82427,Yeni Nugraha,yeni_nugraha@outlook.com,8925951043,Solo,Buku Python untuk Pemula,Buku,1,82200,10,73980,2024-11-01,OVO,Selesai,
ORD-56803,Lina Purnama,lina18@gmail.com,08415278117,Banjarmasin,Rice Cooker Philips,Peralatan Rumah,2,352500,0,705000,2025-01-04,ShopeePay,retur,
ORD-28045,Yeni Utami,yeni.utami@gmail.com,628191560573,,Rice Cooker Philips,Peralatan Rumah,2,323100,15,549270,2025-03-17,COD,Selesai,2
ORD-60910,Bella Utami,bella.utami@gmail.com,8965398338,Malang,Celana Jeans Levis,Fashion,1,437500,0,437500,2025-02-06,COD,Selesai,5
ORD-94912,Candra Setiawan,candra58@gmail.com,08656308382,,Dress Wanita Batik,,1,195300,5,185535,2024-11-03,GoPay,Dibatalkan,2
ORD-10001,Dewi Hidayat,dewi_hidayat@outlook.com,8628980915,Palembang,Smartwatch Garmin,Elektronik,1,3807100,25,2855325,2024-05-31,Transfer Bank,Selesai,2
ORD-24756,Candra Putra,candra11@gmail.com,08121873851,Tangerang,Teh Botol Sosro 330ml,Makanan & Minuman,3,5600,15,14280,2025-05-02,Transfer Bank,Selesai,
ORD-45033,Joko Prasetyo,joko85@gmail.com,628878099076,Bogor,Teh Botol Sosro 330ml,Makanan & Minuman,4,376800,5,1431840,2024-09-15,ShopeePay,Selesai,3
ORD-62662,Muhammad Gunawan,muhammad58@gmail.com,8866443037,Surabaya,Snack Chitato 68gr,Makanan & Minuman,2,13000,5,24700,2024-11-06,OVO,Selesai,2
ORD-36976,Julia Lestari,julialestari@yahoo.com,8338250013,Surabaya,Sunscreen SPF50 Biore,Kecantikan,2,65500,10,117900,2025-05-05,COD,Dikirim,4
ORD-34684,Ika Santoso,ika_santoso@outlook.com,08414744854,Surabaya,Serum Vitamin C Somethinc,Kecantikan,10,121700,5,1156150,2024-07-08,Gopay,,3
ORD-59140,Tono Firmansyah,tono_firmansyah@outlook.com,628671630944,Bandung,Susu UHT Ultra 1L,Makanan & Minuman,2,18800,5,35720,2024-12-02,ShopeePay,Selesai,1
ORD-92745,Xena Santoso,xena54@gmail.com,628298306261,Manado,Skincare Wardah Basic Kit,Kecantikan,3,171200,0,355700,2025-04-30,Indomaret,Selesai,5
ORD-31331,Gilang Purnama,gilangpurnama@yahoo.com,8964946066,Medan,Speaker Bluetooth JBL,Elektronik,2,1290000,5,2451000,2024-08-18,Transfer Bank,Selesai,4
ORD-13103,Umar Wijaya,umar31@gmail.com,628912191383,Yogyakarta,Parfum Pria Davidoff,Kecantikan,2,616900,0,1233800,2024-06-23,COD,Selesai,2
ORD-44472,Yeni Nugraha,yeni_nugraha@outlook.com,8925951043,Bandung ,Handphone Samsung Galaxy A54,Elektronik,1,4020100,0,4020100,2024-07-16,COD,Selesai,4
ORD-80962,Eko Hartono,ekohartono@yahoo.com,08997442089,Solo,Headphone Sony WH-1000XM5,Elektronik,1,3487500,10,3138750,2024-09-12,GoPay,Selesai,3
ORD-63284,Indra Purnama,indra12@gmail.com,8753355029,Makassar,Parfum Pria Davidoff,Kecantikan,2,560300,0,1120600,2024-08-02,Transfer Bank,Selesai,5
ORD-87274,Umar Hartono,umar_hartono@outlook.com,08653244614,Tangerang,Buku Machine Learning,Buku,3,136600,10,368820,2025-04-07,COD,Selesai,5
ORD-97776,Kartika Wijaya,kartika_wijaya@outlook.com,8204633834,Manado,Teh Botol Sosro 330ml,Makanan & Minuman,1,5300,5,5035,2024-08-16,ShopeePay,Selesai,4
ORD-19443,Joko Kusuma,joko_kusuma@outlook.com,628873574265,Malang,Rice Cooker Philips,Peralatan Rumah,10,322200,10,2899800,2024-10-08,GoPay,Dikembalikan,4
ORD-46353,Ahmad Wijaya,,8835770422,Pekanbaru,Snack Chitato 68gr,Makanan & Minuman,3,12300,0,36900,2024-10-12,COD,Selesai,2
ORD-12285,Hendra Sari,hendra.sari@gmail.com,628922060605,Solo,Tas Ransel Laptop,Fashion,1,335800,0,335800,2024-09-09,Transfer Bank,Selesai,2
ORD-59828,Wahyu Suryadi,wahyu.suryadi@gmail.com,08566159230,Banjarmasin,Serum Vitamin C Somethinc,Kecantikan,1,127700,10,114930,2024-09-02,ShopeePay,Dikirim,3
ORD-99979,Dewi Hidayat,dewi.hidayat@gmail.com,8805240244,Semarang,Laptop Lenovo IdeaPad,Elektronik,1,6679100,15,5677235,2024-09-27,COD,Selesai,5
ORD-30808,Rizki Hidayat,rizki_hidayat@outlook.com,08973030966,Balikpapan,Parfum Pria Davidoff,Kecantikan,1,620100,0,620100,2024-10-26,Transfer Bank,,2
ORD-20098,Nita Ardiansyah,,628758938746,Balikpapan,Lipstik MAC,Kecantikan,3,300800,0,902400,2024-05-24,Transfer Bank,Diproses,2
ORD-42216,Kartika Lestari,kartika5@gmail.com,08386398941,Balikpapan,Susu UHT Ultra 1L,Makanan & Minuman,20,18800,0,376000,2024-12-08,ShopeePay,Selesai,5
ORD-14773,Muhammad Suryadi,muhammad60@gmail.com,8188867190,yogya,Blender Philips,Peralatan Rumah,1,274700,15,233495,2024-08-03,OVO,Selesai,2
ORD-16730,Yeni Wijaya,,+628578330827,Pekanbaru,Dompet Kulit Pria,Fashion,5,171500,25,643125,2025-02-06,Transfer Bank,BATAL,2
ORD-58662,Joko Prasetyo,joko85@gmail.com,628878099076,Bogor,Lemari Pakaian 3 Pintu,Furniture,1,2242900,0,2242900,2025-02-07,DANA,Sukses,4
ORD-38866,Mario Sari,mario.sari@gmail.com,+628639770838,surabaya,Buku Machine Learning,Buku,5,137900,10,620550,2024-06-22,Transfer Bank,Diproses,4
ORD-43827,Candra Lestari,candralestari@yahoo.com,+628302740017,Manado,Kursi Gaming Ergonomis,Furniture,1,1837900,15,1562215,2025-03-20,COD,Selesai,4
ORD-38698,Fitri Wibowo,fitri_wibowo@outlook.com,08498481225,Malang,Lipstik MAC,Kecantikan,1,320300,0,320300,2025-04-24,COD,Selesai,1
ORD-38053,Muhammad Utami,muhammad22@gmail.com,,Semarang,Kemeja Pria Polos,Fashion,2,116900,0,233800,2024-08-04,GoPay,Dikembalikan,1
ORD-97301,Indra Kusuma,indra.kusuma@gmail.com,+628685966428,Jakarta,Smartwatch Garmin,Elektronik,20,3797500,20,60760000,2024-12-06,GoPay,Selesai,
ORD-75066,Umar Nugraha,,628927524435,Jakarta,Kursi Gaming Ergonomis,Furniture,4,1847500,10,6651000,2024-12-11,Indomaret,Diproses,2
ORD-47024,Indra Rahayu,indra_rahayu@outlook.com,628289745141,Depok,Setrika Uap Panasonic,Peralatan Rumah,3,418900,15,1068195,2025-01-17,GoPay,cancel,4
ORD-65358,Kartika Wijaya,kartika_wijaya@outlook.com,8204633834,Manado,Teh Botol Sosro 330ml,Makanan & Minuman,1,5200,0,5200,2024-06-10,COD,,1
ORD-75677,Dian Firmansyah,dian.firmansyah@gmail.com,08606205543,Balikpapan,Sunscreen SPF50 Biore,Kecantikan,2,62600,30,87640,2024-06-09,ShopeePay,Selesai,
ORD-89791,Indra Kusuma,indra.kusuma@gmail.com,+628685966428,Jakarta,Vacuum Cleaner Dyson,Peralatan Rumah,4,3656900,15,12433460,2024-05-22,,Selesai,3
ORD-50134,Wahyu Utami,wahyuutami@yahoo.com,+628895875114,Balikpapan,Lipstik MAC,Kecantikan,1,328300,50,164150,2025-02-23,Transfer Bank,Selesai,3
ORD-47850,Nadia Hidayat,nadiahidayat@yahoo.com,+628331236293,Manado,Headphone Sony WH-1000XM5,Elektronik,-1,3770400,0,-3770400,2024-10-05,Transfer Bank,Selesai,1
ORD-81474,Prita Gunawan,prita.gunawan@gmail.com,8133395441,Jakarta,Earbuds TWS JBL,Elektronik,1,916900,15,779365,2025-04-08,COD,Diproses,2
ORD-96117,Muhammad Santoso,muhammad90@gmail.com,8912746679,Semarang,Rak Buku Minimalis,Furniture,-1,428300,5,-406885,2025-04-17,QRIS,Dibatalkan,5
ORD-14257,Hani Hartono,,628508185805,Tangerang,Dompet Kulit Pria,Fashion,10,162100,50,810500,2024-08-06,DANA,Dikembalikan,4
ORD-23123,Ahmad Kusuma,ahmad_kusuma@outlook.com,8853419132,Bandung,Meja Belajar Minimalis,Furniture,1,902800,0,902800,2025-02-25,Kartu Kredit,Dikirim,5
ORD-53681,Prita Utami,pritautami@yahoo.com,08853586950,Denpasar,Novel Laskar Pelangi,Buku,1,69000,5,65550,2025-03-03,COD,Selesai,1
ORD-63465,Dian Wibowo,dianwibowo@yahoo.com,628582622631,,Celana Jeans Levis,Fashion,2,449500,5,854050,2024-07-28,OVO,Selesai,4
ORD-85578,Yeni Gunawan,yeni.gunawan@gmail.com,8373595941,Tangerang,Sepatu Nike Air Max,Fashion,20,1270600,15,21600200,2024-09-08,gopay,Dikirim,
ORD-63887,Hani Ardiansyah,haniardiansyah@yahoo.com,628107638609,Batam,Celana Jeans Levis,Fashion,1,475800,15,404430,2025-01-25,GoPay,Selesai,4
ORD-72027,Rizki Wijaya,rizki.wijaya@gmail.com,08564340507,solo,Vacuum Cleaner Dyson,Peralatan Rumah,4,3618200,0,14472800,2024/07/27,OVO,Dikembalikan,3
ORD-12660,Eko Wibowo,eko_wibowo@outlook.com,628497851696,Banjarmasin,Dompet Kulit Pria,Fashion,10,168100,20,1344800,2024-08-21,transfer bank,Selesai,1
ORD-36144,Ahmad Kusuma,ahmad.kusuma@gmail.com,08476055825,Pekanbaru,Buku Machine Learning,Buku,2,141700,5,269230,2024-09-20,GoPay,Selesai,
ORD-99254,Yeni Sari,,8692976045,Jakarta,Dress Wanita Batik,,1,191000,0,191000,2025-01-05,Transfer Bank,Dikirim,2
ORD-38358,Zaidan Utami,zaidan.utami@gmail.com,8481540736,Depok,Jaket Bomber Pria,Fashion,2,405800,5,771020,2024-06-02,Alfamart,Dikirim,1
ORD-27631,Candra Hartono,candra.hartono@gmail.com,+628177754864,Banjarmasin,Susu UHT Ultra 1L,Makanan & Minuman,4,19300,15,65620,29-11-2024,Transfer Bank,Diproses,
ORD-82744,Lina Ardiansyah,lina.ardiansyah@gmail.com,08307528076,Bandung,Novel Laskar Pelangi,Buku,1,80800,10,72720,2024-12-23,DANA,Selesai,1
ORD-26617,Yeni Nugraha,yeninugraha@yahoo.com,+628557817881,Solo,Tablet iPad Air,Elektronik,2,9288400,20,14861440,2024-09-15,kartu kredit,Selesai,5
ORD-36909,Gilang Setiawan,gilangsetiawan@yahoo.com,08731621086,Balikpapan,Parfum Pria Davidoff,Kecantikan,2,547300,0,1094600,2025-05-03,transfer bank,Diproses,1
ORD-22879,Umar Wijaya,umar31@gmail.com,628912191383,Yogyakarta,Susu UHT Ultra 1L,Makanan & Minuman,3,19200,5,54720,2025-02-02,ShopeePay,Selesai,4
ORD-15565,Sari Setiawan,sari31@gmail.com,08446530194,Medan,Laptop Lenovo IdeaPad,Elektronik,3,6304000,5,17966400,2025-02-08,Transfer Bank,Selesai,3
ORD-15161,Candra Setiawan,candra58@gmail.com,08656308382,Denpasar,Buku Resep Masakan,Buku,2,58100,0,116200,2025-02-13,Transfer Bank,Selesai,1
ORD-81758,Joko Nugraha,,8184317700,Semarang,Sofa L-Shape,Furniture,2,5692000,0,11384000,2024-12-10,COD,Selesai,2
ORD-23643,Nadia Hidayat,nadiahidayat@yahoo.com,+628331236293,Manado,Handphone Samsung Galaxy A54,Elektronik,20,4416400,5,83911600,2024-06-10,DANA,Selesai,1
ORD-79514,DIAN LESTARI,dian.lestari@gmail.com,628995450404,Tangerang,Smartwatch Garmin,Elektronik,2,4013700,50,4013700,2025-01-13,ShopeePay,Selesai,3
ORD-51297,Fitri Ardiansyah,fitri6@gmail.com,08515200476,Makassar,Smartwatch Garmin,Elektronik,2,3831100,25,5746650,2024-08-29,Transfer Bank,Selesai,1
ORD-52918,Hendra Putra,hendraputra@yahoo.com,08677276684,Pekanbaru,Buku Python untuk Pemula,Buku,1,92100,104,-3684,2024-11-07,Transfer Bank,Selesai,4
ORD-10402,Kevin Rahayu,kevin_rahayu@outlook.com,628155973336,Balikpapan,Lemari Pakaian 3 Pintu,Furniture,1,2071100,0,2071100,2024-10-13,COD,Selesai,
ORD-29383,Putri Lestari,putri90@gmail.com,628278795419,Batam,Headphone Sony WH-1000XM5,Elektronik,3,3271600,0,9814800,2024-06-10,OVO,Selesai,1
ORD-17259,Candra Prasetyo,candra.prasetyo@gmail.com,8437426403,Denpasar,Buku Resep Masakan,Buku,1,51400,10,46260,2024-07-10,ShopeePay,dibatalkan,5
ORD-78746,Eko Hartono,eko_hartono@outlook.com,+628268258130,Bekasi,Jam Tangan Casio,Fashion,2,37376900,0,74753800,2025-02-25,GoPay,Selesai,1
ORD-18498,,zaidan.wibowo@gmail.com,08636161977,Denpasar,Vacuum Cleaner Dyson,Peralatan Rumah,1,4099100,15,3484235,2025-04-04,GoPay,Selesai,4
ORD-29258,Eko Hidayat,eko.hidayat@gmail.com,08671816653,Semarang,Jam Tangan Casio,Fashion,4,657200,25,1971600,2024-09-11,Transfer Bank,Selesai,1
ORD7242,Edy Handoko,edy.handoko@gmail.com,08679453010,Jakarta,Jaket Bomber Pria,Fashion,3,381200,5,1086420,2024-07-29,Gopay,,1
ORD-63245,Edy Hidayat,edyhidayat@yahoo.com,08106727022,Makassar,Minyak Goreng Bimoli 2L,Makanan & Minuman,1,36600,5,34770,2024-05-27,DANA,Diproses,3
ORD-41536,Edy Wibowo,edy16@gmail.com,08931298116,Manado,Susu UHT Ultra 1L,Makanan & Minuman,4,19700,186,-67768,2024-12-28,Kartu Kredit,Dikembalikan,2
ORD1085,Tono Suryadi,tono.suryadi@gmail.com,628489124053,Tangerang,Dompet Kulit Pria,Fashion,3,178600,5,509010,2024-08-28,Indomaret,BATAL,1
ORD-62850,Zaidan Utami,zaidan.utami@gmail.com,8481540736,Depok,Buku Python untuk Pemula,Buku,2,93300,10,167940,2024-08-10,Gopay,Selesai,2
ORD-36557,Farah Utami,farah_utami@outlook.com,628738818250,Palembang,Earbuds TWS JBL,Elektronik,20,845100,15,14366700,2024-11-30,ShopeePay,Selesai,
ORD-48892,Muhammad Rahayu,muhammad.rahayu@gmail.com,8733251501,Depok,Novel Laskar Pelangi,Buku,1,72900,50,36450,2024-06-16,COD,Selesai,
ORD-97060,Putri Gunawan,putri_gunawan@outlook.com,08276562703,Makassar,Lipstik MAC,Kecantikan,1,336800,50,168400,2025-01-26,ShopeePay,Diproses,2
ORD-68935,Wahyu Suryadi,wahyu.suryadi@gmail.com,08566159230,Banjarmasin,Susu UHT Ultra 1L,Makanan & Minuman,20,18300,15,311100,2024-09-17,GoPay,selesai,2
ORD-11944,Dewi Utami,dewiutami@yahoo.com,628166778321,Solo,Sepatu Adidas Ultraboost,Fashion,1,1477200,30,1034039,2024-11-03,Alfamart,,2
ORD-14952,Eko Hidayat,eko.hidayat@gmail.com,08671816653,Semarang,Jaket Bomber Pria,Fashion,20,389900,15,6628300,2024-07-25,OVO,Dikirim,
ORD7232,Oscar Ardiansyah,oscar.ardiansyah@gmail.com,08306218367,Denpasar,Rice Cooker Philips,Peralatan Rumah,2,347100,0,694200,2024-11-30,OVO,Selesai,5
ORD-35710,LUSI GUNAWAN,lusi82@gmail.com,628383941912,Semarang,Meja Belajar Minimalis,Furniture,3,57731500,5,164534775,2025-04-24,GoPay,Selesai,1
ORD-33927,Tono Handoko,tono_handoko@outlook.com,628992647814,Batam,Lemari Pakaian 3 Pintu,Furniture,1,2314900,30,1620430,2024-10-04,DANA,Dibatalkan,1
ORD-73347,Nita Utami,nita_utami@outlook.com,+628478612081,Solo,Buku Machine Learning,Buku,1,137400,5,130530,2024-07-11,Alfamart,,4
ORD-99142,Bella Ardiansyah,bella_ardiansyah@outlook.com,8826029651,Surabaya,Susu UHT Ultra 1L,Makanan & Minuman,5,18900,0,94500,2025-03-22,Transfer Bank,Dikirim,3
ORD-32742,Hendra Gunawan,hendra.gunawan@gmail.com,+628511497036,Malang,Parfum Pria Davidoff,Kecantikan,2,542600,0,1085200,2024-08-04,OVO,Dikembalikan,
ORD-17882,Hendra Santoso,hendrasantoso@yahoo.com,+628355479152,Jakarta,Tas Ransel Laptop,Fashion,2,312900,15,531930,2024-11-05,Kartu Kredit,Selesai,4
ORD-54208,Sari Suryadi,sarisuryadi@yahoo.com,08205752426,Balikpapan,Setrika Uap Panasonic,Peralatan Rumah,1,456600,10,410940,2025-03-30,Alfamart,Selesai,
ORD-40420,Putri Lestari,putri90@gmail.com,628278795419,Batam,Tablet iPad Air,Elektronik,-1,9640600,5,-9158570,2025-04-09,ShopeePay,Selesai,4
ORD-68851,Hani Hartono,hani_hartono@outlook.com,628508185805,Tangerang,Blender Philips,Peralatan Rumah,2,12030600,0,24061200,2024-06-24,DANA,Selesai,1
ORD0133,Oscar Ardiansyah,oscar.ardiansyah@gmail.com,08306218367,Denpasar,Dress Wanita Batik,Fashion,1,201800,10,181620,2025-01-08,Transfer Bank,Selesai,3
ORD-97789,Kartika Lestari,kartika5@gmail.com,08386398941,Balikpapan,Smartwatch Garmin,Elektronik,1,4029500,0,4029500,2025-05-06,GoPay,Selesai,1
ORD-23213,Sari Kusuma,sarikusuma@yahoo.com,08167649508,Surabaya,Susu UHT Ultra 1L,Makanan & Minuman,1,17900,5,17005,2025-03-11,OVO,Dibatalkan,
ORD-12563,Indra Kusuma,indra.kusuma@gmail.com,+628685966428,Jakarta,Serum Vitamin C Somethinc,Kecantikan,1,131300,20,105040,2024-08-23,GoPay,Selesai,4
ORD-78019,UMAR NUGRAHA,umarnugraha@yahoo.com,+628499646701,Bekasi,Smartwatch Garmin,Elektronik,3,3860400,0,6563000,2025-02-27,DANA,Selesai,2
ORD-17979,Gilang Purnama,gilangpurnama@yahoo.com,8964946066,Medan,Sofa L-Shape,Furniture,4,5628000,0,22512000,2024-08-11,Kartu Kredit,,2
ORD-95688,Agus Lestari,agus48@gmail.com,+628671748547,Depok,Laptop ASUS VivoBook,Elektronik,1,7591900,10,6832710,2024-12-09,Transfer Bank,Selesai,4
ORD-60145,Ika Lestari,ikalestari@yahoo.com,8644116429,Banjarmasin,Komik Naruto Vol 1,Buku,3,36200,30,76020,2024-08-29,ShopeePay,Selesai,1
ORD-46968,Gilang Setiawan,gilang.setiawan@gmail.com,628513488628,Manado,Snack Chitato 68gr,Makanan & Minuman,5,12300,10,55350,2025-03-21,Transfer Bank,Selesai,4
ORD-88145,Farah Utami,farah_utami@outlook.com,628738818250,Palembang,Laptop Lenovo IdeaPad,Elektronik,2,7100700,0,14201400,2025-02-20,COD,SELESAI,1
ORD-46428,Indra Setiawan,,8142818692,,Earbuds TWS JBL,Elektronik,1,840600,0,840600,2024-07-13,COD,Diproses,3
ORD-93864,Sari Hidayat,sari.hidayat@gmail.com,628115102892,Bogor,Headphone Sony WH-1000XM5,Elektronik,3,3427700,0,10283100,2024-09-25,Transfer Bank,Selesai,
ORD-64076,Dewi Santoso,dewi_santoso@outlook.com,8268276470,Bogor,Earbuds TWS JBL,Elektronik,-1,848500,0,-848500,2024-07-13,Transfer Bank,Dikembalikan,1
ORD-47712,Budi Lestari,budi11@gmail.com,8394546989,Depok,Celana Jeans Levis,Fashion,3,471700,10,1273590,2025-02-14,GoPay,Selesai,3
ORD-67603,Edy Kusuma,edykusuma@yahoo.com,08777156398,Makassar,Speaker Bluetooth JBL,Elektronik,2,1119200,15,3747700,2024-12-12,Transfer Bank,SELESAI,5
ORD-82356,Nita Ardiansyah,nita_ardiansyah@outlook.com,628758938746,Balikpapan,Susu UHT Ultra 1L,Makanan & Minuman,1,19100,15,16235,2024-09-27,GoPay,Selesai,4
ORD-25765,Dewi Firmansyah,dewi_firmansyah@outlook.com,+628515909595,Solo,Blender Philips,Peralatan Rumah,1,298300,30,208810,2024-09-24,Transfer Bank,Selesai,5
ORD-44617,Candra Firmansyah,candrafirmansyah@yahoo.com,+628727847048,Batam,Kamera Canon EOS M50,Elektronik,2,8040600,10,14473080,2024-06-17,ShopeePay,Dikirim,5
ORD-86639,Yeni Purnama,yeni_purnama@outlook.com,628251492516,Balikpapan,Vacuum Cleaner Dyson,Peralatan Rumah,2,4081200,30,5713680,2024-06-25,Indomaret,Selesai,3
ORD-80660,Yeni Sari,yeni_sari@outlook.com,08123923366,surabaya,Skincare Wardah Basic Kit,Kecantikan,4,179700,0,718800,2024-12-12,OVO,Selesai,2
ORD-97854,Yeni Nugraha,yeni_nugraha@outlook.com,8925951043,Solo,Lemari Pakaian 3 Pintu,Furniture,5,2104700,10,9471150,2025-01-28,OVO,Selesai,3
ORD-62187,Gilang Kusuma,gilang.kusuma@gmail.com,08218245685,Solo,Blender Philips,Peralatan Rumah,2,289100,0,578200,2024-06-02,GoPay,Selesai,2
ORD-75867,Umar Handoko,umar_handoko@outlook.com,628113321873,Malang,Rice Cooker Philips,Peralatan Rumah,2,351800,0,703600,2025-02-13,OVO,cancel,
ORD-93898,Ika Prasetyo,ika.prasetyo@gmail.com,628403276065,Banjarmasin,Smartwatch Garmin,Elektronik,-1,3924600,0,-3924600,2024-10-31,Transfer Bank,Sukses,3
ORD-45861,Eko Wijaya,eko.wijaya@gmail.com,+628199626108,Banjarmasin,Skincare Wardah Basic Kit,Kecantikan,5,192600,20,770400,2025-02-19,cc,Dikembalikan,5
ORD-52788,Fitri Hidayat,fitri.hidayat@gmail.com,8234449052,Bandung,Sepatu Adidas Ultraboost,Fashion,2,1511000,0,3022000,2025-04-01,COD,Selesai,5
ORD-17679,Yeni Nugraha,yeni_nugraha@outlook.com,8925951043,Solo,Teh Botol Sosro 330ml,Makanan & Minuman,2,5100,15,8670,2025-02-28,COD,Selesai,
ORD-95370,Umar Handoko,umar_handoko@outlook.com,628113321873,Malang,Novel Laskar Pelangi,Buku,5,72000,15,306000,2025-03-01,GoPay,Selesai,3
ORD-50438,Mario Hidayat,mariohidayat@yahoo.com,,Bandung,Buku Resep Masakan,Buku,4,50900,20,162880,2025-04-09,GoPay,Selesai,2
ORD-33729,Sari Hidayat,,628115102892,Bogor,Skincare Wardah Basic Kit,Kecantikan,1,179400,0,179400,2024-07-10,Kartu Kredit,Diproses,1
ORD-74819,Umar Hartono,umar_hartono@outlook.com,08653244614,Tangerang,Buku Resep Masakan,Buku,10,58400,30,408800,2024-12-15,Kartu Kredit,Selesai,
ORD-87167,Eko Hartono,eko77@gmail.com,628988017921,Banjarmasin,Lemari Pakaian 3 Pintu,Furniture,1,2366700,10,2130030,2025-03-01,COD,Selesai,1
ORD-35796,Edy Kusuma,edy_kusuma@outlook.com,,Bogor,Vacuum Cleaner Dyson,Peralatan Rumah,3,3669600,10,9907920,2024-07-02,Kartu Kredit,Selesai,2
ORD-72224,Kevin Utami,,+628459988193,Medan,Headphone Sony WH-1000XM5,Elektronik,1,3559800,5,4779600,2024-09-14,OVO,Selesai,3
ORD-61948,Joko Setiawan,joko73@gmail.com,+628702224599,Jakarta,Setrika Uap Panasonic,Peralatan Rumah,1,414500,30,290150,2025-02-16,OVO,Selesai,5
ORD-26165,Julia Gunawan,juliagunawan@yahoo.com,+628207418028,Batam,Sepatu Adidas Ultraboost,Fashion,4,1589800,5,6041240,2024-08-07,ShopeePay,Selesai,4
ORD-88409,Oscar Ardiansyah,oscar_ardiansyah@outlook.com,628535638619,Depok,Tas Ransel Laptop,Fashion,2,301200,5,572280,2024-07-11,Transfer Bank,Sukses,2
ORD-25331,,joko_sari@outlook.com,8279548432,Bandung,Headphone Sony WH-1000XM5,Elektronik,2,3607300,25,5410950,2025-04-28,Kartu Kredit,Dikirim,2
ORD-95180,Umar Nugraha,umarnugraha@yahoo.com,+628499646701,Bekasi,Handphone Xiaomi Redmi Note 12,Elektronik,3,2928200,10,7906140,2024-12-15,OVO,success,4
ORD-87113,,,628716271120,Bekasi,Teh Botol Sosro 330ml,Makanan & Minuman,5,5100,0,25500,2024-12-07,COD,Selesai,3
ORD-91082,Vina Ardiansyah,vinaardiansyah@yahoo.com,628557647878,surabaya,Celana Jeans Levis,Fashion,1,445000,10,400500,2024-08-09,gopay,Selesai,1
ORD-87510,Oji Suryadi,ojisuryadi@yahoo.com,,Solo,AC Split 1 PK Daikin,Peralatan Rumah,1,266797200,0,266797200,2024-11-19,Alfamart,Selesai,1
ORD-70422,Budi Lestari,budi11@gmail.com,8394546989,Depok,AC Split 1 PK Daikin,Peralatan Rumah,1,4191000,10,3771900,2024-06-27,ShopeePay,Selesai,2
ORD-44646,Hendra Gunawan,hendra.gunawan@gmail.com,+628511497036,Malang,Lemari Pakaian 3 Pintu,Furniture,4,2263700,5,11758700,2024-07-23,GoPay,selesai,
ORD-27827,Farah Suryadi,farah40@gmail.com,08122510773,Jakarta,Kemeja Pria Polos,,5,128100,0,640500,2025-04-18,DANA,Dikirim,4
ORD-56062,Putri Prasetyo,putri.prasetyo@gmail.com,08859466346,Manado,Tablet iPad Air,Elektronik,2,9309500,25,13964250,2024-07-03,GoPay,Selesai,4
ORD-11927,Dian Wibowo,dianwibowo@yahoo.com,628582622631,Jakarta,Kopi Kapal Api 1kg,Makanan & Minuman,3,70000,5,199500,2024-07-31,GoPay,Selesai,5
ORD-77458,Farah Santoso,farahsantoso@yahoo.com,08623589751,Yogyakarta,Lipstik MAC,Kecantikan,3,298600,0,895800,2025-03-03,GoPay,Selesai,3
ORD-63166,Farah Kusuma,farah.kusuma@gmail.com,628694422938,Yogyakarta,Vacuum Cleaner Dyson,Peralatan Rumah,20,3613800,25,54207000,2025-02-24,Transfer Bank,Selesai,3
ORD-16569,Gilang Hidayat,gilang57@gmail.com,+628481749657,Tangerang,Rak Buku Minimalis,Furniture,2,483200,0,966400,2024-11-02,GoPay,Dikirim,1
ORD-28654,Rizki Hartono,rizkihartono@yahoo.com,+628241540516,Palembang,Sofa L-Shape,Furniture,1,5107500,15,4341375,2024-10-04,Transfer Bank,Selesai,
ORD-64746,Dewi Kusuma,dewi82@gmail.com,8308412769,JAKARTA,Kaos Distro Premium,Fashion,3,90500,10,244350,2024-11-09,COD,Selesai,4
ORD-97349,Joko Nugraha,joko54@gmail.com,+628886049101,Jogja,Dress Wanita Batik,Fashion,1,209700,145,-94364,2024-06-05,GoPay,Dikirim,
ORD-32840,Vina Lestari,vinalestari@yahoo.com,08472637507,Tangerang,Rak Buku Minimalis,Furniture,1,463400,0,463400,11/03/2025,GoPay,Dibatalkan,
ORD-45003,Edy Santoso,edy_santoso@outlook.com,08341563871,Malang,Celana Jeans Levis,Fashion,2,455100,5,1068900,2024-11-29,DANA,Selesai,-1
ORD-34087,Agus Prasetyo,agus.prasetyo@gmail.com,628733775016,Bandung ,Speaker Bluetooth JBL,Elektronik,1,1146000,0,1146000,2025-04-14,GoPay,retur,3
ORD-10851,Bella Wijaya,bellawijaya@yahoo.com,08565841933,Semarang,AC Split 1 PK Daikin,Peralatan Rumah,2,4088500,10,7359300,2024-08-23,OVO,Selesai,
ORD-58502,Kevin Utami,kevin.utami@gmail.com,+628459988193,Medan,AC Split 1 PK Daikin,Peralatan Rumah,1,4462000,0,4462000,2024-09-12,OVO,Selesai,
ORD-74072,Dian Wibowo,dianwibowo@yahoo.com,628582622631,Jakarta,Tablet iPad Air,Elektronik,1,9204600,0,9204600,2025-01-12,GoPay,Selesai,
ORD-38304,Nita Ardiansyah,nita_ardiansyah@outlook.com,628758938746,Balikpapan,Sunscreen SPF50 Biore,Kecantikan,1,69200,5,65740,2025-04-21,GoPay,Diproses,
ORD-30380,Indra Setiawan,indra_setiawan@outlook.com,8142818692,Malang,Tas Ransel Laptop,Fashion,5,327900,15,1393575,2024-11-20,ShopeePay,Dikirim,2
ORD-57077,Wahyu Putra,wahyu.putra@gmail.com,628621909393,Manado,Celana Jeans Levis,Fashion,1,417000,5,396150,28/08/2024,COD,,5
ORD-64488,Rizki Santoso,rizki.santoso@gmail.com,08457701385,Bandung,Skincare Wardah Basic Kit,Kecantikan,1,179000,10,161100,2024-06-03,DANA,dibatalkan,1
ORD-58309,Dewi Putra,dewiputra@yahoo.com,8967588425,Semarang,Handphone Samsung Galaxy A54,Elektronik,5,4121500,10,18546750,2024-10-22,DANA,,3
ORD-69456,Oji Setiawan,oji54@gmail.com,+628576228407,Manado,Tablet iPad Air,Elektronik,1,8594200,15,7305070,2025-04-20,COD,Selesai,1
ORD-29335,Putri Gunawan,putri_gunawan@outlook.com,,Makassar,Earbuds TWS JBL,Elektronik,1,871500,10,784350,2024-10-11,Alfamart,retur,2
ORD-75471,Muhammad Utami,muhammad22@gmail.com,8551160783,Medan!,Sofa L-Shape,Furniture,1,5866200,10,5279580,2024-10-04,Indomaret,Selesai,5
ORD-18333,Joko Suryadi,jokosuryadi@yahoo.com,8483300647,Semarang,Kursi Gaming Ergonomis,Furniture,1,131034100,20,104827280,2025-02-04,COD,,4
ORD-41404,Lina Setiawan,linasetiawan@yahoo.com,+628205955645,Bogor,Kaos Distro Premium,Fashion,1,83400,30,58379,2024-09-23,Transfer Bank,Selesai,1
ORD-13930,Agus Wijaya,aguswijaya@yahoo.com,08384776753,Pekanbaru,Parfum Pria Davidoff,Kecantikan,1,609900,5,579405,2025-03-01,Transfer Bank,Dikembalikan,5
ORD-94255,Ika Prasetyo,ika.prasetyo@gmail.com,628403276065,Banjarmasin,Teh Botol Sosro 330ml,Makanan & Minuman,4,5500,0,22000,2025-03-11,ShopeePay,cancel,1
ORD-29335,Lina Setiawan,linasetiawan@yahoo.com,+628205955645,Bogor,Handphone Samsung Galaxy A54,Elektronik,4,3881000,0,15524000,2025-04-24,Transfer Bank,Dikirim,2
ORD-35967,Hani Ardiansyah,haniardiansyah@yahoo.com,628107638609,Batam,Rice Cooker Philips,Peralatan Rumah,2,331900,15,564230,2024-11-12,GoPay,Diproses,2
ORD-89681,Edy Handoko,edy.handoko@gmail.com,08679453010,yogya,Jaket Bomber Pria,Fashion,1,397100,10,357390,2024-07-05,OVO,,5
ORD-56428,Indra Purnama,indra12@gmail.com,8753355029,Makassar,Buku Python untuk Pemula,Buku,1,91500,20,73200,2024-12-28,ShopeePay,Selesai,3
ORD-76631,Dewi Hidayat,dewihidayat@yahoo.com,628597402509,Banjarmasin,Speaker Bluetooth JBL,Elektronik,4,1170500,15,3979700,2024-08-22,Indomaret,Selesai,2
ORD-42065,Nita Ardiansyah,nita_ardiansyah@outlook.com,628758938746,Balikpapan,Rice Cooker Philips,Peralatan Rumah,1,360300,10,324270,2024-10-23,ShopeePay,Selesai,4
ORD-60609,Eko Wibowo,eko_wibowo@outlook.com,628497851696,Banjarmasin,Rak Buku Minimalis,Furniture,3,436900,15,1114095,2024-10-04,OVO,Selesai,
ORD-56891,,yeni.gunawan@gmail.com,8373595941,surabaya,Kemeja Pria Polos,Fashion,1,118700,15,100895,2024-07-04,Transfer Bank,Selesai,4
ORD-74297,Tono Wijaya,tono_wijaya@outlook.com,08844905100,Tangerang,Kaos Distro Premium,Fashion,3,80000,30,168000,2025-02-17,OVO,Selesai,5
ORD-34690,Joko Firmansyah,,628222626229,Solo,Susu UHT Ultra 1L,Makanan & Minuman,1,18000,10,16600,2024-11-29,COD,Diproses,
ORD-75065,Yeni Hartono,yenihartono@yahoo.com,+628882421902,Bekasi,Jam Tangan Casio,Fashion,4,690000,5,4685100,2024/06/05,GoPay,dibatalkan,5
ORD-59827,Umar Hartono,umarhartono@yahoo.com,8695727345,Balikpapan,AC Split 1 PK Daikin,Peralatan Rumah,1,4347200,0,4347200,2024-10-20,Transfer Bank,Selesai,3
ORD-48293,Agus Prasetyo,agusprasetyo@yahoo.com,8964985095,Manado,Jam Tangan Casio,Fashion,5,661600,15,2811800,2024-09-29,GoPay,Dibatalkan,5
ORD-38642,Edy Ardiansyah,edy.ardiansyah@gmail.com,8685560602,Pekanbaru,Parfum Pria Davidoff,Kecantikan,1,587700,30,411390,2025-01-03,ShopeePay,BATAL,3
ORD-26470,Dian Utami,dian85@gmail.com,08294185957,Denpasar,Setrika Uap Panasonic,,1,448700,0,828200,2024-11-18,DANA,Dibatalkan,5
ORD-20339,Umar Handoko,,628113321873,Malang,Rak Buku Minimalis,Furniture,3,453800,0,1361400,2025-02-25,Kartu Kredit,Selesai,2
ORD-49486,Ahmad Rahayu,ahmadrahayu@yahoo.com,+628881088100,Banjarmasin,Teh Botol Sosro 330ml,Makanan & Minuman,3,5700,0,17100,2025-04-18,ShopeePay,Dibatalkan,1
ORD3406,Mario Hidayat,,,bandung,Rak Buku Minimalis,Furniture,4,482200,0,1928800,2024-11-08,ShopeePay,Selesai,2
ORD-42778,Hani Nugraha,haninugraha@yahoo.com,+628472696860,Manado,Teh Botol Sosro 330ml,Makanan & Minuman,3,5200,20,12480,2025-01-19,COD,Selesai,2
ORD-32364,Hani Ardiansyah,hani.ardiansyah@gmail.com,628285886733,Medan!,Kamera Canon EOS M50,Elektronik,2,8069000,20,12910400,2024-05-28,ShopeePay,Dikirim,
ORD-23315,Fitri Wibowo,fitri.wibowo@gmail.com,8137421134,Makassar,Sepatu Adidas Ultraboost,Fashion,4,1479300,0,5917200,2025-04-12,OVO,Selesai,1
ORD-79963,Bella Wijaya,bellawijaya@yahoo.com,08565841933,Semarang,Speaker Bluetooth JBL,Elektronik,2,1285900,15,2186030,2024-07-25,Alfamart,Selesai,5
ORD-16485,MARIO SETIAWAN,mariosetiawan@yahoo.com,,Denpasar,Jaket Bomber Pria,Fashion,2,386000,0,772000,2024-07-15,Transfer Bank,Selesai,4
ORD-99797,Muhammad Handoko,muhammadhandoko@yahoo.com,,Banjarmasin,Celana Jeans Levis,Fashion,1,479400,0,479400,2025-01-01,DANA,Diproses,1
ORD-55791,Eko Hartono,ekohartono@yahoo.com,,Solo,Snack Chitato 68gr,Makanan & Minuman,3,12400,5,35340,2025-03-22,GoPay,Selesai,3
ORD-13640,Yeni Suryadi,yeni.suryadi@gmail.com,+628663778404,Semarang,Novel Laskar Pelangi,Buku,5,72400,15,307700,2024-10-29,ShopeePay,Selesai,4
ORD-96932,JOKO KUSUMA,jokokusuma@yahoo.com,628956828829,Makassar,Kursi Gaming Ergonomis,Furniture,1,1684000,15,1431400,2025-02-17,COD,Selesai,2
ORD-67074,Candra Setiawan,candra.setiawan@gmail.com,628979969688,Balikpapan,Laptop ASUS VivoBook,Elektronik,2,7024800,10,12644640,2024-07-27,ovo,Selesai,5
ORD-62336,Bella Gunawan,bella_gunawan@outlook.com,+628952600296,Surabaya,Kamera Canon EOS M50,Elektronik,1,8307100,30,5814970,2024-08-26,Gopay,Selesai,3
ORD-90608,Rizki Kusuma,rizki.kusuma@gmail.com,+628493946849,Pekanbaru,Buku Resep Masakan,Buku,3,59200,0,177600,2025/02/25,Kartu Kredit,Selesai,0
ORD-52174,Budi Firmansyah,budi77@gmail.com,+628494524102,Bandung ,Sepatu Nike Air Max,Fashion,3,56666300,20,135999120,2025-03-05,Transfer Bank,Selesai,2
ORD-98234,Indra Nugraha,indra_nugraha@outlook.com,+628402724773,Bandung,Earbuds TWS JBL,Elektronik,5,850800,25,3190500,2024-08-18,Transfer Bank,Selesai,
ORD-98214,Oscar Ardiansyah,,628535638619,Depok,Kaos Distro Premium,Fashion,4,84500,5,321100,05-13-2025,GoPay,Selesai,2
ORD-91417,Wahyu Putra,wahyu.putra@gmail.com,628621909393,Manado,AC Split 1 PK Daikin,Peralatan Rumah,1,4481000,10,4032900,2025-05-09,ShopeePay,Dikirim,4
ORD-22347,Lina Utami,lina49@gmail.com,08514165061,Yogyakarta,Novel Laskar Pelangi,Buku,1,75800,0,75800,2025-01-02,Kartu Kredit,Dikirim,5
ORD-83719,Fitri Nugraha,fitri.nugraha@gmail.com,08814335942,Makassar,Snack Chitato 68gr,Makanan & Minuman,3,12500,0,37500,2024-08-27,DANA,Selesai,3
ORD-13664,EKO HARTONO,eko_hartono@outlook.com,+628268258130,Bekasi,Minyak Goreng Bimoli 2L,Makanan & Minuman,4,38900,0,155600,2024-08-11,ovo,Selesai,
ORD0706,Oscar Hidayat,,08881654924,Solo,Lipstik MAC,Kecantikan,3,322600,20,774240,2024-12-18,COD,Dikembalikan,2
ORD-56647,Indra Purnama,indra12@gmail.com,8753355029,Makassar,Sofa L-Shape,Furniture,3,5317600,5,15155160,2024-10-17,OVO,Selesai,
ORD-66063,Muhammad Gunawan,muhammad58@gmail.com,8866443037,Surabaya,Dompet Kulit Pria,Fashion,1,169500,0,169500,2024-12-22,Indomaret,Selesai,
ORD-51343,Lusi Hartono,lusi.hartono@gmail.com,08644394336,Malang,Tablet iPad Air,Elektronik,1,9360400,15,9932300,2025-01-20,COD,,2
ORD-47679,Indra Rahayu,indra_rahayu@outlook.com,628289745141,Depok,Buku Resep Masakan,Buku,1,51100,30,35770,2025-01-16,DANA,Dikembalikan,5
ORD-97633,Umar Wibowo,umar.wibowo@gmail.com,8321609681,Pekanbaru,Meja Belajar Minimalis,Furniture,2,795800,10,1432440,2024-06-15,OVO,Selesai,2
ORD-48770,Mario Rahayu,mariorahayu@yahoo.com,628767381684,Denpasar,Novel Laskar Pelangi,Buku,2,72600,0,145200,2024-11-06,gopay,Selesai,
ORD-14906,Mario Wijaya,mario.wijaya@gmail.com,8802023137,Balikpapan,Buku Python untuk Pemula,Buku,2,82900,0,165800,2024-10-28,COD,Dikirim,3
ORD-65686,Yeni Nugraha,yeni_nugraha@outlook.com,8925951043,Solo,Earbuds TWS JBL,Elektronik,1,882000,20,705600,2024-10-25,DANA,Dikirim,3
ORD-79765,Xena Hidayat,xena97@gmail.com,08153067274,Balikpapan,Lipstik MAC,Kecantikan,3,340800,0,1022400,2025-04-24,Kartu Kredit,Selesai,3
ORD-58619,Kartika Hidayat,kartika_hidayat@outlook.com,628852695038,Semarang,Parfum Pria Davidoff,Kecantikan,1,545300,0,545300,2025-01-11,OVO,Diproses,5
ORD-79352,Yeni Prasetyo,yeni.prasetyo@gmail.com,+628548421839,Banjarmasin,Smartwatch Garmin,Elektronik,1,4290200,25,3217650,2025-02-11,Transfer Bank,Selesai,5
ORD-54113,Candra Lestari,candralestari@yahoo.com,,surabaya,Buku Machine Learning,Buku,1,148000,0,148000,2024-12-23,OVO,,5
ORD-26585,Dian Firmansyah,dian_firmansyah@outlook.com,8327211142,Depok,Buku Machine Learning,Buku,1,139000,10,125100,2024-10-24,Kartu Kredit,Selesai,3
ORD-49234,Hendra Wibowo,hendra.wibowo@gmail.com,+628155156449,Malang,Kursi Gaming Ergonomis,Furniture,2,1924600,15,3271820,2024-09-08,GoPay,Selesai,1
ORD-48259,Eko Putra,eko.putra@gmail.com,628179382064,Makassar,Sofa L-Shape,Furniture,2,5782000,5,10985800,2024-10-15,Indomaret,Dikirim,2
ORD-98209,Muhammad Hartono,muhammad_hartono@outlook.com,,Banjarmasin,Sepatu Adidas Ultraboost,Fashion,2,1396500,0,2793000,2024-11-01,COD,Diproses,3
ORD-57844,Mario Prasetyo,marioprasetyo@yahoo.com,+628329228157,,Sunscreen SPF50 Biore,Kecantikan,1,68900,0,68900,2024-10-29,Indomaret,returned,5
ORD-90434,Siti Nugraha,siti_nugraha@outlook.com,08208945197,Banjarmasin,Lemari Pakaian 3 Pintu,Furniture,4,2063400,10,7428240,2025-01-26,COD,Dikirim,1
ORD4999,Tono Firmansyah,tono_firmansyah@outlook.com,628671630944,Bandung,Sunscreen SPF50 Biore,Kecantikan,2,64900,30,90860,2024-12-13,Gopay,Selesai,1
ORD-61891,Hani Rahayu,hani_rahayu@outlook.com,+628705089126,Bandung,Sepatu Adidas Ultraboost,Fashion,4,1396300,0,5585200,2025-01-05,Transfer Bank,returned,3
ORD-91446,Tono Wijaya,tono_wijaya@outlook.com,08844905100,Tangerang,Speaker Bluetooth JBL,Elektronik,10,1131700,15,9619450,2024-12-05,Kartu Kredit,Selesai,
ORD-38047,Yeni Sari,yeni_sari@outlook.com,08123923366,Pekanbaru,Handphone Xiaomi Redmi Note 12,Elektronik,2,2591900,5,6496700,2025-01-04,Transfer Bank,BATAL,4
ORD-72363,Hendra Santoso,hendrasantoso@yahoo.com,+628355479152,Jakarta,Kamera Canon EOS M50,Elektronik,10,8468300,10,76214700,2024-06-06,Transfer Bank,,4
ORD-46612,Nadia Setiawan,,+628638446596,Bekasi,Kemeja Pria Polos,Fashion,1,120900,10,108810,2024-08-02,ShopeePay,Diproses,4
ORD-97073,Dewi Hidayat,dewihidayat@yahoo.com,628597402509,Banjarmasin,Skincare Wardah Basic Kit,Kecantikan,1,196300,5,186485,2024-09-12,GoPay,Selesai,6
ORD-23933,Edy Ardiansyah,edy.ardiansyah@gmail.com,8685560602,Pekanbaru,Novel Laskar Pelangi,Buku,4,80100,5,304380,2025-03-26,Kartu Kredit,Selesai,4
ORD-13097,Agus Lestari,agus48@gmail.com,+628671748547,Depok,Earbuds TWS JBL,Elektronik,1,914800,20,731840,2024-06-11,OVO,Selesai,4
ORD-67284,Sari Nugraha,sari99@gmail.com,,,Tablet iPad Air,Elektronik,2,8793700,0,10532700,2024-08-13,ShopeePay,Dikirim,2
ORD-62862,,kartika5@gmail.com,08386398941,Balikpapan,Parfum Pria Davidoff,Kecantikan,2,582000,0,1594100,2024-07-06,ShopeePay,Diproses,5
ORD-30808,Yeni Prasetyo,yeni.prasetyo@gmail.com,+628548421839,Banjarmasin,Buku Python untuk Pemula,Buku,1,87900,0,87900,2025-03-17,ShopeePay,Selesai,1
ORD-53217,Yeni Utami,yeni.utami@gmail.com,628191560573,Depok,Speaker Bluetooth JBL,Elektronik,1,1290800,0,1290800,2024-09-19,GoPay,Selesai,3
ORD-12101,Gilang Setiawan,gilangsetiawan@yahoo.com,08731621086,Balikpapan,Sunscreen SPF50 Biore,Kecantikan,1,61400,30,83400,2024-12-06,OVO,Selesai,2
ORD-69563,Dewi Hidayat,dewihidayat@yahoo.com,,JAKARTA,Buku Python untuk Pemula,Buku,1,95400,15,81090,2025-04-08,ovo,returned,3
ORD-99463,Umar Hidayat,umar.hidayat@gmail.com,08513883553,Tangerang,Susu UHT Ultra 1L,Makanan & Minuman,1,18300,0,18300,2025-01-29,GoPay,Dikembalikan,3
ORD-38673,Muhammad Sari,muhammad_sari@outlook.com,628808738745,Bandung,Komik Naruto Vol 1,Buku,1,32700,20,26160,2024-10-25,Transfer Bank,Selesai,2
ORD-69383,Fitri Nugraha,fitri.nugraha@gmail.com,08814335942,Makassar,Sofa L-Shape,Furniture,3,5882800,20,14118720,2025-04-03,Kartu Kredit,Selesai,3
ORD1784,Agus Lestari,agus48@gmail.com,+628671748547,Depok,Speaker Bluetooth JBL,Elektronik,1,1128100,0,1128100,2024-11-29,,Selesai,3
ORD-21526,Gilang Purnama,gilang84@gmail.com,628919249789,,Celana Jeans Levis,Fashion,1,453400,20,362720,2024-11-08,DANA,Dibatalkan,3
ORD-22889,Tono Utami,tonoutami@yahoo.com,8988987516,Batam,Rak Buku Minimalis,Furniture,1,436400,0,436400,2024-12-11,OVO,Selesai,5
ORD-87624,Fitri Hidayat,fitri.hidayat@gmail.com,8234449052,Bandung,Tas Ransel Laptop,Fashion,10,11777000,0,117770000,2024-07-09,GoPay,Selesai,
ORD-16675,Hendra Wijaya,hendra51@gmail.com,,Medan,Susu UHT Ultra 1L,Makanan & Minuman,4,18400,10,66240,2024-11-10,OVO,Selesai,4
ORD-64460,Gilang Putra,gilang_putra@outlook.com,+628474816534,Depok,Komik Naruto Vol 1,,1,34800,10,31320,2024-12-02,GoPay,Selesai,4
ORD-81963,Hendra Gunawan,hendra.gunawan@gmail.com,+628511497036,Malang,Handphone Samsung Galaxy A54,Elektronik,3,3873900,20,9297360,2024-08-23,DANA,Selesai,5
ORD-18689,Lina Ardiansyah,lina_ardiansyah@outlook.com,+628946060836,Bogor,Rak Buku Minimalis,Furniture,10,464200,0,4642000,2024-10-19,transfer bank,Selesai,5
ORD-39115,Candra Lestari,candralestari@yahoo.com,+628302740017,Manado,Headphone Sony WH-1000XM5,Elektronik,3,322555500,20,774133200,2024-09-14,Transfer Bank,Selesai,4
ORD-50613,,nita.firmansyah@gmail.com,8776005578,Jakarta,Tablet iPad Air,Elektronik,2,9760000,50,9760000,2025-03-15,Kartu Kredit,Selesai,1
ORD-58773,Dewi Hidayat,dewi.hidayat@gmail.com,,Semarang,Speaker Bluetooth JBL,Elektronik,1,1176300,10,1058670,2024-05-29,DANA,Dikirim,4
ORD-26056,Ahmad Kusuma,ahmad_kusuma@outlook.com,8853419132,Bandung,Lipstik MAC,Kecantikan,2,345300,0,690600,2024-09-13,DANA,Selesai,4
ORD-62799,Julia Gunawan,juliagunawan@yahoo.com,+628207418028,Batam,Jam Tangan Casio,Fashion,2,701700,5,1333230,2024-08-01,Transfer Bank,Selesai,4
ORD-72283,Umar Nugraha,umar.nugraha@gmail.com,628927524435,surabaya,Parfum Pria Davidoff,,1,625800,5,594510,2024-05-23,Transfer Bank,Diproses,1
ORD-96014,Indra Hartono,indra8@gmail.com,628821968662,Surabaya,Buku Resep Masakan,Buku,1,58400,5,55480,2024-06-03,DANA,Diproses,2
ORD-19831,Nita Hidayat,,628653192921,Yogyakarta,Buku Resep Masakan,Buku,2,51700,0,103400,2024-07-17,DANA,Sukses,5
ORD-84532,Nita Firmansyah,nita.firmansyah@gmail.com,8776005578,Medan!,Serum Vitamin C Somethinc,Kecantikan,2,135800,10,244440,2024-09-07,Transfer Bank,Selesai,1
ORD-39343,Mario Rahayu,mariorahayu@yahoo.com,628767381684,Denpasar,Vacuum Cleaner Dyson,Peralatan Rumah,2,3759400,30,5263160,2024-11-02,Transfer Bank,Dikirim,5
ORD-21404,Bella Utami,bella.utami@gmail.com,8965398338,Malang,Lemari Pakaian 3 Pintu,,3,2253600,0,6760800,2025-01-06,COD,Dibatalkan,5
ORD-66996,Tono Utami,tono_utami@outlook.com,+628885014486,Tangerang,Rak Buku Minimalis,Furniture,1,468300,0,468300,2024-08-15,Transfer Bank,Dibatalkan,2
ORD-35221,HANI HANDOKO,hani_handoko@outlook.com,628874027557,Medan,Lemari Pakaian 3 Pintu,Furniture,1,2047700,5,1945315,2025-04-01,COD,Selesai,4
ORD-42191,Dewi Kusuma,dewi35@gmail.com,08948113787,Malang,Kemeja Pria Polos,Fashion,4,121800,10,438480,2024-09-15,DANA,Diproses,3
ORD-41814,Xena Kusuma,xena_kusuma@outlook.com,628956632941,Palembang,Novel Laskar Pelangi,Buku,5,73500,10,330750,2025-03-05,GoPay,Diproses,2
ORD-29810,Julia Gunawan,julia.gunawan@gmail.com,8542639417,Semarang,Sofa L-Shape,Furniture,3,5150500,5,14678925,2024/06/02,ShopeePay,Dibatalkan,
ORD-95162,Sari Nugraha,sari99@gmail.com,8715108369,Bekasi,Susu UHT Ultra 1L,Makanan & Minuman,4,17300,5,65740,2024-07-30,OVO,Dikirim,
ORD-80739,Edy Wibowo,edy.wibowo@gmail.com,+628242096280,Semarang,Jam Tangan Casio,Fashion,1,678300,5,644385,2024-09-17,OVO,Selesai,2
ORD-75989,Mario Sari,mariosari@yahoo.com,8587327855,Jakarta,Lipstik MAC,Kecantikan,3,303200,10,818640,2025-02-04,GoPay,Diproses,3
ORD-23931,Agus Wijaya,aguswijaya@yahoo.com,,,Susu UHT Ultra 1L,Makanan & Minuman,20,18200,10,327600,2024-08-20,Transfer Bank,Diproses,5
ORD-15211,HANI RAHAYU,hani_rahayu@outlook.com,+628705089126,Bandung,Kursi Gaming Ergonomis,Furniture,2,1894500,0,3789000,2024/06/09,CASH,Selesai,2
ORD-45728,Mario Putra,mario81@gmail.com,8457191986,Pekanbaru,Serum Vitamin C Somethinc,Kecantikan,1,132300,15,112455,2025-01-17,Kartu Kredit,Selesai,7
ORD-98250,Edy Wibowo,edy.wibowo@gmail.com,+628242096280,Semarang,Blender Philips,Peralatan Rumah,3,262700,15,669885,2024-08-30,GoPay,Diproses,4
ORD3415,Prita Gunawan,prita.gunawan@gmail.com,8133395441,Jakarta,Tas Ransel Laptop,Fashion,2,339500,0,427600,2025-01-28,OVO,Sukses,3
ORD-35738,Yeni Utami,yeni.utami@gmail.com,,Depok,Laptop ASUS VivoBook,Elektronik,3,7098600,0,21295800,2025-03-02,COD,Selesai,1
ORD-45116,Edy Handoko,edy.handoko@gmail.com,08679453010,Jakarta,Novel Laskar Pelangi,Buku,1,76200,10,68580,2024-06-14,DANA,Dikirim,5
ORD-56059,Dewi Firmansyah,dewi_firmansyah@outlook.com,+628515909595,Solo,Snack Chitato 68gr,,2,13300,25,19950,2024-10-19,Transfer Bank,Selesai,
ORD-53846,Gilang Purnama,gilangpurnama@yahoo.com,8964946066,Medan,Sofa L-Shape,Furniture,1,5078000,5,7520000,2025-01-02,GoPay,Selesai,1
ORD-65132,Zaidan Utami,zaidan.utami@gmail.com,8481540736,Depok,Tas Ransel Laptop,Fashion,3,334100,10,902070,2024-11-04,OVO,Diproses,2
ORD-51276,HANI HARTONO,hani_hartono@outlook.com,628508185805,Tangerang,Jam Tangan Casio,Fashion,1,657400,0,657400,2025-05-13,OVO,dibatalkan,1
ORD-86050,Wahyu Santoso,wahyusantoso@yahoo.com,8655170429,Malang,Earbuds TWS JBL,Elektronik,2,873500,0,1747000,2024-09-01,COD,Dikirim,3
ORD-97145,Hani Ardiansyah,hani.ardiansyah@gmail.com,628285886733,Tangerang,Meja Belajar Minimalis,Furniture,-1,823100,0,-823100,2024-12-20,Alfamart,Selesai,3
ORD-46429,Kartika Wijaya,kartika_wijaya@outlook.com,8204633834,Manado,Teh Botol Sosro 330ml,Makanan & Minuman,2,5700,5,10830,2024-12-03,Indomaret,Selesai,1
ORD-95727,AGUS LESTARI,agus48@gmail.com,+628671748547,Depok,Handphone Samsung Galaxy A54,Elektronik,2,3940900,10,7093620,2024-09-01,CASH,Selesai,4
ORD-96574,Budi Hidayat,budi_hidayat@outlook.com,628653653446,Balikpapan,Kursi Gaming Ergonomis,Furniture,2,1930000,0,7355600,2025-05-05,OVO,Dibatalkan,1
ORD-32967,Wahyu Firmansyah,wahyu.firmansyah@gmail.com,8644554277,Depok,Tas Ransel Laptop,Fashion,1,305600,10,275040,2025-01-23,Gopay,Diproses,
ORD-39206,NADIA RAHAYU,nadia_rahayu@outlook.com,+628697178606,Surabaya,Tas Ransel Laptop,Fashion,4,323600,0,1294400,2024-05-20,ShopeePay,Selesai,3
ORD-58131,Farah Suryadi,,08122510773,Jakarta,Teh Botol Sosro 330ml,Makanan & Minuman,2,5300,5,10070,2025-01-30,GoPay,Selesai,4
ORD-26953,Muhammad Gunawan,muhammad58@gmail.com,8866443037,Surabaya,Minyak Goreng Bimoli 2L,Makanan & Minuman,1,40500,10,36450,2024-12-16,Transfer Bank,Selesai,4
ORD-30227,Prita Rahayu,pritarahayu@yahoo.com,8686569576,Malang,Buku Python untuk Pemula,Buku,2,85400,50,85400,2025-01-28,Transfer Bank,Selesai,1
ORD-34851,Oscar Sari,oscar36@gmail.com,628277924719,Banjarmasin,Laptop Lenovo IdeaPad,Elektronik,1,6260800,15,5321680,2025-03-31,Indomaret,Selesai,3
ORD-29963,Sari Hidayat,,+628264934808,Yogyakarta,Komik Naruto Vol 1,Buku,4,35200,0,140800,2024-07-28,Transfer Bank,Dikirim,2
ORD-83229,Kevin Rahayu,kevin_rahayu@outlook.com,628155973336,Balikpapan,Lipstik MAC,Kecantikan,1,341600,5,324520,2024-07-02,GoPay,Selesai,4
ORD-10881,Nadia Hidayat,nadiahidayat@yahoo.com,+628331236293,Manado,Tablet iPad Air,Elektronik,10,9510300,10,85592700,07-08-2024,GoPay,Selesai,4
ORD-86523,Dewi Utami,dewi56@gmail.com,8596399642,Solo,Celana Jeans Levis,Fashion,1,429100,0,429100,2025-01-04,,retur,2
ORD-89731,Eko Hartono,ekohartono@yahoo.com,08997442089,Solo,Teh Botol Sosro 330ml,Makanan & Minuman,1,5600,0,5600,2025-03-19,COD,SELESAI,1
ORD-45553,Kevin Rahayu,kevin_rahayu@outlook.com,628155973336,Balikpapan,Tablet iPad Air,Elektronik,2,9820900,132,-6285376,2024-05-26,COD,Selesai,5
ORD-15230,Ahmad Setiawan,ahmad_setiawan@outlook.com,+628186784825,Jakarta,Rice Cooker Philips,Peralatan Rumah,20,360300,15,6661700,2024-08-08,COD,Selesai,2
ORD-44556,Muhammad Purnama,muhammad_purnama@outlook.com,08919517169,Manado,Setrika Uap Panasonic,Peralatan Rumah,10,424100,50,2120500,2025-05-02,OVO,Selesai,3
ORD-53946,Sari Nugraha,sari_nugraha@outlook.com,628842716512,Banjarmasin,Kemeja Pria Polos,Fashion,3,125800,15,320790,2025-05-05,gopay,Dikirim,
ORD8714,Sari Sari,sari.sari@gmail.com,+628597721705,Pekanbaru,Celana Jeans Levis,Fashion,1,419800,20,335840,2025-03-11,Kartu Kredit,Selesai,3
ORD-80073,Tono Utami,tono_utami@outlook.com,,yogya,Vacuum Cleaner Dyson,Peralatan Rumah,2,3499600,30,4899440,2024-12-08,transfer bank,Selesai,4
ORD-31614,Indra Setiawan,indra_setiawan@outlook.com,8142818692,Malang,Rak Buku Minimalis,Furniture,1,423700,15,360145,2025-01-14,GoPay,Selesai,5
ORD-48702,Gilang Suryadi,gilangsuryadi@yahoo.com,628899569884,Batam,Novel Laskar Pelangi,Buku,1,80400,10,72360,2024-09-12,cc,Selesai,5
ORD-88265,Kartika Setiawan,kartika_setiawan@outlook.com,+628106171869,Bandung,Meja Belajar Minimalis,Furniture,1,877100,0,877100,2025-02-21,GoPay,Dibatalkan,1
ORD-99246,Dian Wibowo,dianwibowo@yahoo.com,628582622631,bandung,Earbuds TWS JBL,Elektronik,1,839500,10,755550,2024-08-19,Transfer Bank,Selesai,3
ORD-17132,Mario Hidayat,mariohidayat@yahoo.com,8244446065,Bandung,Earbuds TWS JBL,Elektronik,2,885200,5,1681880,2024-12-13,GoPay,,4
ORD3044,Umar Nugraha,umarnugraha@yahoo.com,+628499646701,Bekasi,Earbuds TWS JBL,Elektronik,1,855700,10,770130,2024-12-27,COD,Selesai,2
ORD-41466,Ika Prasetyo,ika.prasetyo@gmail.com,628403276065,Banjarmasin,AC Split 1 PK Daikin,Peralatan Rumah,3,4116700,5,11732595,2025-05-18,ShopeePay,success,0
ORD-48448,Lina Utami,lina49@gmail.com,08514165061,Yogyakarta,Buku Resep Masakan,Buku,2,55800,10,100440,2024-11-04,ShopeePay,,5
ORD-42224,Zaidan Rahayu,zaidan50@gmail.com,,Depok,Susu UHT Ultra 1L,Makanan & Minuman,1,19200,10,17280,2025-02-03,Transfer Bank,Dibatalkan,
ORD-32212,Kartika Santoso,kartika_santoso@outlook.com,,Depok,Earbuds TWS JBL,Elektronik,2,881000,15,1497700,2024-05-29,Kartu Kredit,,3
ORD-35022,Siti Nugraha,siti_nugraha@outlook.com,08208945197,Banjarmasin,Rice Cooker Philips,Peralatan Rumah,10,371500,0,3715000,2025-01-23,COD,Selesai,5
ORD-66000,Edy Prasetyo,edyprasetyo@yahoo.com,08458761611,Tangerang,Meja Belajar Minimalis,Furniture,3,783900,0,2351700,2024-10-18,Transfer Bank,Selesai,
ORD-23674,Rizki Hartono,rizkihartono@yahoo.com,+628241540516,Palembang,Sepatu Adidas Ultraboost,Fashion,1,1383900,15,1176315,2024-07-29,DANA,Dikirim,2
ORD-28526,Wahyu Putra,wahyu.putra@gmail.com,628621909393,Manado,Skincare Wardah Basic Kit,Kecantikan,20,171900,5,3266100,2024-08-30,COD,Selesai,3
ORD-60701,Dewi Kusuma,dewi35@gmail.com,08948113787,Malang,Komik Naruto Vol 1,Buku,1,37000,0,37000,2024-07-31,GoPay,Selesai,5
ORD-56985,Lusi Gunawan,lusi82@gmail.com,628383941912,Semarang,Skincare Wardah Basic Kit,Kecantikan,2,2720800,20,4353280,2024-07-26,Transfer Bank,Selesai,
ORD-10647,Kevin Setiawan,kevin41@gmail.com,8392516313,Medan,Blender Philips,Peralatan Rumah,1,298500,20,238800,2024-06-21,Indomaret,Selesai,2
ORD-80080,Umar Hartono,umarhartono@yahoo.com,8695727345,Medan!,Minyak Goreng Bimoli 2L,Makanan & Minuman,2,38500,10,69300,2025-03-10,Transfer Bank,Dikembalikan,
ORD-59498,Kartika Hidayat,kartika_hidayat@outlook.com,628852695038,Semarang,Buku Machine Learning,Buku,10,140900,15,1197650,2025-04-06,Transfer Bank,Selesai,1
ORD-90022,Dewi Hidayat,,628597402509,Banjarmasin,Jaket Bomber Pria,Fashion,3,355500,10,959850,2024-07-17,Transfer Bank,Dikirim,2
ORD-77410,Hendra Wijaya,hendra38@gmail.com,8343673322,Balikpapan,Jaket Bomber Pria,Fashion,1,359800,15,305830,2024-10-10,GoPay,Dibatalkan,1
ORD-79419,Oscar Ardiansyah,oscar.ardiansyah@gmail.com,08306218367,,Speaker Bluetooth JBL,Elektronik,4,1274200,5,4841960,2024-12-21,COD,Selesai,
ORD-17420,Lusi Gunawan,lusi63@gmail.com,8595449368,Bekasi,Meja Belajar Minimalis,Furniture,3,894100,5,2548185,2025-01-13,OVO,Selesai,2
ORD-37542,Rizki Gunawan,rizki.gunawan@gmail.com,8627249378,Bandung,Serum Vitamin C Somethinc,Kecantikan,1,131100,10,117990,2024-12-13,COD,Selesai,1
ORD-97543,Kevin Wibowo,,08559059269,yogya,Lipstik MAC,Kecantikan,2,299500,10,539100,2024-07-09,Transfer Bank,Dikirim,5
ORD-60806,Dewi Santoso,dewi_santoso@outlook.com,8268276470,,Sunscreen SPF50 Biore,Kecantikan,3,66700,10,180090,2024-06-11,COD,Selesai,2
ORD-96271,Agus Wibowo,agus.wibowo@gmail.com,+628757070468,Yogyakarta,Snack Chitato 68gr,Makanan & Minuman,3,13200,0,39600,2025-03-24,ShopeePay,Dikirim,
ORD-16737,Nita Utami,nitautami@yahoo.com,8584739628,Malang,Jaket Bomber Pria,Fashion,4,409000,10,1472400,2024-12-07,DANA,Dikirim,5
ORD-56813,Sari Kusuma,sarikusuma@yahoo.com,08167649508,Surabaya,Buku Machine Learning,Buku,1,11384700,15,9676995,2024-05-31,COD,Selesai,1
ORD-96841,Umar Wijaya,umar31@gmail.com,628912191383,Yogyakarta,Dress Wanita Batik,Fashion,4,201600,5,766080,2024-08-11,COD,Selesai,3
ORD-49307,Gilang Lestari,gilang68@gmail.com,8666262886,Semarang,Sofa L-Shape,Furniture,3,5215500,10,14081850,2025-01-24,Indomaret,selesai,2
ORD-22960,Fitri Lestari,fitri35@gmail.com,,Jakarta,Skincare Wardah Basic Kit,Kecantikan,3,181600,10,490320,2024/10/14,OVO,Selesai,2
ORD-85384,Indra Purnama,indra12@gmail.com,8753355029,Makassar,Buku Python untuk Pemula,Buku,2,94600,15,160820,28-06-2024,ShopeePay,Selesai,2
ORD-67372,Wahyu Rahayu,wahyurahayu@yahoo.com,08829142618,Medan,Komik Naruto Vol 1,Buku,4,36300,5,137940,2024-12-12,COD,Selesai,4
ORD-42287,Julia Suryadi,julia_suryadi@outlook.com,,Denpasar,Novel Laskar Pelangi,Buku,5,78400,10,352800,2024-08-08,GoPay,Dibatalkan,
ORD-57683,Dewi Utami,dewiutami@yahoo.com,628166778321,Solo,Tas Ransel Laptop,Fashion,1,334300,10,300870,2024-09-14,COD,BATAL,1
ORD-87117,Nadia Rahayu,nadia_rahayu@outlook.com,+628697178606,Surabaya,Dress Wanita Batik,Fashion,-1,181400,5,-172330,2024-12-28,cc,Diproses,
ORD-18509,Prita Gunawan,prita.gunawan@gmail.com,8133395441,,Susu UHT Ultra 1L,Makanan & Minuman,2,17300,10,31140,2024-12-13,COD,Selesai,
ORD-19450,Muhammad Gunawan,muhammad58@gmail.com,,Surabaya,Laptop ASUS VivoBook,Elektronik,1,7385100,10,6646590,2025-05-08,QRIS,Dibatalkan,3
ORD-84237,Farah Santoso,farahsantoso@yahoo.com,08623589751,Jogja,Parfum Pria Davidoff,Kecantikan,1,546700,50,273350,2024-07-25,Transfer Bank,selesai,2
ORD-59654,Eko Lestari,eko1@gmail.com,08678883823,Tangerang,Sepatu Adidas Ultraboost,Fashion,3,1460500,0,4381500,2024-10-19,Gopay,Selesai,1
ORD-41785,Hendra Wijaya,hendra38@gmail.com,8343673322,Balikpapan,Kaos Distro Premium,Fashion,1,86700,0,86700,2024-12-12,COD,Selesai,2
ORD-58427,Hani Nugraha,haninugraha@yahoo.com,+628472696860,Manado,Kemeja Pria Polos,Fashion,20,115900,15,1970300,2024-09-16,OVO,Dikirim,5
ORD-74730,Hani Prasetyo,hani92@gmail.com,8604616991,Palembang,Kemeja Pria Polos,Fashion,3,122700,0,368100,2024-11-01,Indomaret,Selesai,1
ORD-89746,Vina Lestari,vinalestari@yahoo.com,08472637507,Tangerang,Jaket Bomber Pria,,1,390600,10,351540,2024-06-03,GoPay,Sukses,1
ORD-60672,Yeni Setiawan,yeni_setiawan@outlook.com,+628505055688,Semarang,Dompet Kulit Pria,Fashion,3,172200,5,490770,2024-08-01,Alfamart,Selesai,2
ORD-38210,Julia Lestari,julialestari@yahoo.com,8338250013,Surabaya,Earbuds TWS JBL,Elektronik,2,917100,5,1742490,2025-04-02,,Selesai,4
ORD-45665,Xena Putra,xenaputra@yahoo.com,08807352484,JAKARTA,Tas Ransel Laptop,Fashion,2,305400,20,488640,2024-07-10,DANA,Dikirim,
ORD-62488,Oscar Lestari,oscarlestari@yahoo.com,08308755439,Tangerang,Minyak Goreng Bimoli 2L,Makanan & Minuman,1,39000,25,29250,2024-08-05,DANA,Selesai,1
ORD-53139,Tono Utami,tono_utami@outlook.com,+628885014486,Tangerang,Dress Wanita Batik,Fashion,1,189400,50,94700,2025-03-18,Indomaret,Selesai,
ORD-50558,Dewi Hidayat,dewihidayat@yahoo.com,628597402509,Banjarmasin,Laptop ASUS VivoBook,Elektronik,2,7093900,0,14187800,2025-01-10,COD,Selesai,4
ORD-20445,Dian Utami,dian85@gmail.com,08294185957,Denpasar,Tablet iPad Air,Elektronik,3,9432000,0,28296000,2024-10-12,Transfer Bank,Dibatalkan,
ORD-31917,Bella Putra,bellaputra@yahoo.com,08842225232,Pekanbaru,Headphone Sony WH-1000XM5,Elektronik,1,3221100,0,3221100,2025-03-21,COD,Dibatalkan,5
ORD-55595,Oscar Firmansyah,oscarfirmansyah@yahoo.com,8769461748,Semarang,Sunscreen SPF50 Biore,Kecantikan,20,62900,15,1069300,2024-07-27,GoPay,Selesai,1
ORD-94971,Wahyu Firmansyah,wahyu.firmansyah@gmail.com,8644554277,Depok,Sunscreen SPF50 Biore,Kecantikan,-1,64400,10,-57960,2025-03-22,COD,Diproses,-1
ORD-82379,Julia Gunawan,juliagunawan@yahoo.com,+628207418028,Batam,Lipstik MAC,Kecantikan,1,308600,50,154300,2024-05-20,Transfer Bank,Selesai,
ORD-51211,Dian Hidayat,dian37@gmail.com,,Palembang,Speaker Bluetooth JBL,Elektronik,2,1135600,0,2271200,2025-04-12,ShopeePay,returned,0
ORD-49489,Edy Kusuma,edy_kusuma@outlook.com,+628526363836,Bogor,Sunscreen SPF50 Biore,Kecantikan,3,67700,10,182790,2025-04-06,Transfer Bank,Selesai,6
ORD-83178,Xena Putra,xenaputra@yahoo.com,08807352484,Pekanbaru,Minyak Goreng Bimoli 2L,Makanan & Minuman,2,38700,25,58050,10-03-2025,OVO,Dibatalkan,1
ORD-93575,Dewi Kusuma,dewi82@gmail.com,8308412769,Banjarmasin,Buku Resep Masakan,Buku,1,57600,5,54720,2025-01-06,GoPay,Selesai,2
ORD-77112,Umar Suryadi,umar77@gmail.com,628275437118,Jakarta,Kemeja Pria Polos,Fashion,1,122700,20,98160,2024-11-01,DANA,Dikirim,
ORD-24497,Eko Hidayat,eko.hidayat@gmail.com,08671816653,Semarang,Smartwatch Garmin,Elektronik,2,3986900,123,-1833973,2025-03-04,Transfer Bank,success,3
ORD-28258,Tono Handoko,tono_handoko@outlook.com,628992647814,Batam,Kamera Canon EOS M50,Elektronik,5,8846300,10,39808350,2024-10-18,OVO,Selesai,2
ORD-10649,Julia Lestari,julialestari@yahoo.com,8338250013,Surabaya,Handphone Samsung Galaxy A54,Elektronik,1,4516600,0,4516600,2024/11/19,Transfer Bank,,3
ORD-86253,Muhammad Firmansyah,muhammadfirmansyah@yahoo.com,628724888118,Tangerang,Kursi Gaming Ergonomis,Furniture,1,1764500,10,1588050,10-25-2024,OVO,Dibatalkan,2
ORD-19891,Hendra Setiawan,hendra_setiawan@outlook.com,08817133857,Jakarta,Sepatu Nike Air Max,Fashion,1,1337900,15,1137215,2024-07-12,ShopeePay,,2
ORD-94935,Indra Hartono,indra8@gmail.com,628821968662,Surabaya,Komik Naruto Vol 1,Buku,1,32500,10,29250,2024-06-01,DANA,Selesai,1
ORD-77191,Lina Setiawan,linasetiawan@yahoo.com,+628205955645,Bogor,Dompet Kulit Pria,Fashion,1,184700,30,129289,2024-09-22,OVO,Selesai,3
ORD-80172,Joko Kusuma,jokokusuma@yahoo.com,628956828829,Makassar,Snack Chitato 68gr,Makanan & Minuman,1,12500,25,9375,2024-07-07,COD,Diproses,3
ORD-33996,Umar Suryadi,umar77@gmail.com,,Jakarta,Sepatu Nike Air Max,Fashion,3,1347600,15,3436380,2024-09-30,GoPay,,3
ORD-84381,Mario Putra,mario81@gmail.com,8457191986,Pekanbaru,Tablet iPad Air,Elektronik,4,8674500,15,29493300,2024-08-19,COD,Selesai,3
ORD-34385,Julia Gunawan,,+628207418028,Batam,Buku Python untuk Pemula,Buku,4,95900,15,326060,2025-01-27,GoPay,Selesai,4
ORD-28876,Umar Nugraha,,+628499646701,Bekasi,Teh Botol Sosro 330ml,Makanan & Minuman,3,5100,15,13005,2025/01/02,GoPay,Selesai,2
ORD-98590,Eko Kusuma,eko50@gmail.com,8999767135,Medan,Sepatu Adidas Ultraboost,Fashion,1,1565600,0,1565600,2024/12/01,Indomaret,Dikirim,2
ORD-88563,Hani Rahayu,hani_rahayu@outlook.com,+628705089126,yogya,Handphone Xiaomi Redmi Note 12,Elektronik,1,2626900,20,2101520,2024-11-27,ShopeePay,Selesai,4
ORD8584,Siti Nugraha,siti_nugraha@outlook.com,08208945197,Banjarmasin,Dompet Kulit Pria,,1,168100,0,168100,2024-11-10,COD,Selesai,4
ORD-77675,Gilang Prasetyo,gilang_prasetyo@outlook.com,628412373555,Bandung,Vacuum Cleaner Dyson,Peralatan Rumah,10,3829700,0,38297000,2024-07-11,OVO,Dikirim,1
ORD-71606,Eko Hartono,eko77@gmail.com,628988017921,Banjarmasin,Celana Jeans Levis,Fashion,1,461800,15,392530,2025-02-18,Transfer Bank,Selesai,2
ORD-31377,Bella Wijaya,bellawijaya@yahoo.com,08565841933,Semarang,AC Split 1 PK Daikin,Peralatan Rumah,1,4472400,15,3801540,2024-12-23,GoPay,Selesai,5
ORD-94849,Agus Prasetyo,agusprasetyo@yahoo.com,8964985095,Manado,Handphone Xiaomi Redmi Note 12,Elektronik,2,2649700,5,6628100,2024-08-25,Transfer Bank,Dibatalkan,-1
ORD-25198,Lusi Rahayu,lusi_rahayu@outlook.com,8449396529,Batam,Kamera Canon EOS M50,Elektronik,2,8969100,0,33384800,2024-08-02,DANA,Selesai,1
ORD-65993,Lusi Rahayu,lusi_rahayu@outlook.com,8449396529,Batam,Sofa L-Shape,Furniture,1,5381000,15,4573850,2025-03-28,GoPay,Selesai,
ORD-99410,Vina Lestari,vinalestari@yahoo.com,628593347981,Jakarta,Teh Botol Sosro 330ml,Makanan & Minuman,2,5200,0,5500,2025-05-09,ShopeePay,Diproses,1
ORD-64926,Fitri Sari,fitri13@gmail.com,628307210606,surabaya,Buku Machine Learning,Buku,4,150100,10,540360,2024-09-01,COD,Selesai,
ORD-76238,Yeni Kusuma,yeni.kusuma@gmail.com,+628856882609,,Sepatu Nike Air Max,Fashion,10,38731700,15,329219450,2024-11-22,GoPay,Selesai,4
ORD-81578,Hendra Rahayu,hendra.rahayu@gmail.com,8369742856,Malang,Sofa L-Shape,Furniture,2,5755100,5,10934690,2024-07-17,ShopeePay,Dibatalkan,4
ORD-48769,Nadia Hartono,nadia_hartono@outlook.com,628616507321,Malang,Buku Resep Masakan,Buku,2,55800,0,111600,2025-02-16,Transfer Bank,Dibatalkan,5
ORD-38917,Muhammad Sari,muhammad_sari@outlook.com,628808738745,Bandung,Blender Philips,Peralatan Rumah,2,275200,20,440320,2025-04-10,Transfer Bank,Dibatalkan,3
ORD-21570,Lusi Gunawan,lusi63@gmail.com,8595449368,Bekasi,Snack Chitato 68gr,Makanan & Minuman,4,13100,30,36680,2024-10-15,,Selesai,4
ORD-72775,Prita Setiawan,prita.setiawan@gmail.com,628376952975,Manado,Kamera Canon EOS M50,Elektronik,10,8920200,0,89202000,2025-04-26,Transfer Bank,Dibatalkan,2
ORD-35521,Yeni Purnama,yeni_purnama@outlook.com,628251492516,Balikpapan,Meja Belajar Minimalis,Furniture,2,805000,15,1282500,2025-03-14,COD,Selesai,4
ORD-79756,Joko Prasetyo,joko85@gmail.com,628878099076,Bogor,Dompet Kulit Pria,Fashion,5,164500,5,781375,2024-06-24,Transfer Bank,Dibatalkan,5
ORD-15713,Dian Wibowo,dianwibowo@yahoo.com,628582622631,Jakarta,Susu UHT Ultra 1L,Makanan & Minuman,2,17600,5,33440,2024-09-16,DANA,Selesai,1
ORD-62625,Gilang Suryadi,gilangsuryadi@yahoo.com,628899569884,Batam,Kemeja Pria Polos,Fashion,2,114800,122,-50511,2024-05-26,GoPay,Dibatalkan,4
ORD-13261,Ika Lestari,ika69@gmail.com,8698115687,Tangerang,Kopi Kapal Api 1kg,Makanan & Minuman,10,78200,5,742900,2025-01-28,ShopeePay,Selesai,3
ORD-64897,Kevin Utami,kevin.utami@gmail.com,+628459988193,Medan,Tas Ransel Laptop,,2,320300,15,544510,2024-12-25,Kartu Kredit,Selesai,2
ORD-89816,Zaidan Wibowo,zaidan.wibowo@gmail.com,08636161977,Denpasar,Komik Naruto Vol 1,Buku,2,35300,25,52950,2025-05-08,OVO,Diproses,1
ORD-32572,Kevin Wibowo,kevin.wibowo@gmail.com,08559059269,Balikpapan,Vacuum Cleaner Dyson,Peralatan Rumah,5,3634200,10,16353900,2024-11-12,cc,Sukses,1
ORD-83705,Xena Santoso,xena54@gmail.com,628298306261,Manado,Kamera Canon EOS M50,Elektronik,3,9269100,15,23636205,2025-04-02,ShopeePay,Diproses,
ORD-70387,Eko Hartono,eko_hartono@outlook.com,+628268258130,Bekasi,Kaos Distro Premium,Fashion,3,89200,10,240840,2025-05-01,COD,Selesai,1
ORD-99687,Hani Nugraha,haninugraha@yahoo.com,+628472696860,Manado,Blender Philips,Peralatan Rumah,4,263700,0,1054800,2024-07-30,ShopeePay,,2
ORD-95852,DEWI SETIAWAN,dewi_setiawan@outlook.com,628997749095,Bandung,Handphone Xiaomi Redmi Note 12,Elektronik,2,2765900,0,5531800,2025-03-22,Transfer Bank,Dibatalkan,
ORD-64889,Joko Setiawan,joko73@gmail.com,+628702224599,Jakarta,Dress Wanita Batik,Fashion,3,188100,10,507870,2024-07-05,QRIS,Dikirim,2
ORD-59623,Bella Wibowo,bella41@gmail.com,+628194400953,Batam,Kursi Gaming Ergonomis,Furniture,1,64208500,10,57787650,2024-09-24,OVO,Diproses,5
ORD-98230,Farah Wibowo,farah.wibowo@gmail.com,08787011065,Makassar,Kursi Gaming Ergonomis,Furniture,1,1889000,0,1889000,2024-07-01,ShopeePay,Diproses,
ORD-73444,Dian Rahayu,dian.rahayu@gmail.com,+628364540415,,Snack Chitato 68gr,Makanan & Minuman,1,848900,10,764010,2024-08-28,cod,Selesai,2
ORD-32295,Xena Hidayat,xena97@gmail.com,08153067274,Balikpapan,Handphone Xiaomi Redmi Note 12,Elektronik,1,2682500,15,2280125,2025-05-08,COD,Selesai,5
ORD5138,Tono Utami,tonoutami@yahoo.com,8988987516,Batam,Lipstik MAC,Kecantikan,1,310300,10,279270,2024-06-05,ShopeePay,Selesai,4
ORD-72768,Yeni Wijaya,yeni_wijaya@outlook.com,,Pekanbaru,Sunscreen SPF50 Biore,Kecantikan,2,66000,117,-22439,2025-05-12,DANA,Dibatalkan,3
ORD-10841,Indra Lestari,indra_lestari@outlook.com,+628279796063,Jakarta,Novel Laskar Pelangi,Buku,3,78000,0,234000,2024-07-31,COD,Selesai,4
ORD-65791,Yeni Utami,yeniutami@yahoo.com,8272058651,Jakarta,Rice Cooker Philips,Peralatan Rumah,3,364800,30,766080,2025-01-09,OVO,Selesai,2
ORD-61246,Hani Firmansyah,hani_firmansyah@outlook.com,,Batam,Laptop ASUS VivoBook,Elektronik,1,7256200,20,5804960,2025-04-28,Transfer Bank,Selesai,4
ORD-73312,Wahyu Suryadi,wahyu.suryadi@gmail.com,08566159230,Banjarmasin,Jaket Bomber Pria,Fashion,1,349800,30,244859,2025-05-08,ShopeePay,Selesai,5
ORD-44632,Dewi Kusuma,dewi82@gmail.com,8308412769,Banjarmasin,Smartwatch Garmin,Elektronik,1,3825800,10,4492400,2025-01-03,DANA,Dikirim,5
ORD-90517,Yeni Purnama,yeni_purnama@outlook.com,628251492516,Balikpapan,Kamera Canon EOS M50,Elektronik,1,8152200,20,6521760,2024-07-07,OVO,Dibatalkan,3
ORD-58040,Eko Prasetyo,ekoprasetyo@yahoo.com,08748650572,Surabaya,Blender Philips,Peralatan Rumah,2,262200,25,393300,2024-09-05,ShopeePay,Selesai,2
ORD-34710,Rizki Santoso,rizki.santoso@gmail.com,08457701385,Bandung,Teh Botol Sosro 330ml,Makanan & Minuman,4,5200,10,18720,2025-03-12,DANA,returned,3
ORD-99139,Oscar Sari,oscar36@gmail.com,628277924719,Banjarmasin,Speaker Bluetooth JBL,Elektronik,3,1196500,0,3589500,2024-11-11,kartu kredit,Dikirim,3
ORD-34624,Muhammad Utami,muhammad22@gmail.com,8551160783,Semarang,Jaket Bomber Pria,Fashion,1,384300,15,326655,2024-07-07,gopay,Selesai,3
ORD-80566,Nita Hidayat,nitahidayat@yahoo.com,628653192921,Yogyakarta,Buku Python untuk Pemula,Buku,4,95900,10,345240,2024-11-04,ShopeePay,success,2
ORD-11468,Edy Sari,edy_sari@outlook.com,628508159911,Semarang,Tas Ransel Laptop,Fashion,4,299200,0,1196800,2024-09-22,COD,Dibatalkan,3
ORD-14039,Kevin Handoko,kevin_handoko@outlook.com,+628715951651,Tangerang,Rak Buku Minimalis,Furniture,2,414500,25,621750,2025-02-07,Transfer Bank,cancel,
ORD-93399,Hani Rahayu,hani_rahayu@outlook.com,+628705089126,Bandung,Susu UHT Ultra 1L,Makanan & Minuman,4,18900,0,75600,2024-06-02,COD,Selesai,2
ORD-32004,Lina Suryadi,lina27@gmail.com,+628101213899,Bandung,Buku Machine Learning,Buku,2,139200,15,338800,2024-09-15,COD,Dikirim,
ORD-80621,Hendra Santoso,hendrasantoso@yahoo.com,+628355479152,Jakarta,Rak Buku Minimalis,Furniture,2,421400,10,758520,2024-11-21,Transfer Bank,,3
ORD-83327,Muhammad Sari,muhammad_sari@outlook.com,628808738745,Bandung,Rak Buku Minimalis,Furniture,5,457800,20,1831200,2025-03-25,GoPay,Selesai,1
ORD-45909,Tono Gunawan,tono_gunawan@outlook.com,628298491822,Yogyakarta,Tas Ransel Laptop,Fashion,2,344900,5,655310,2025-03-17,OVO,Selesai,1
ORD-20589,Zaidan Hartono,zaidan67@gmail.com,+628382074176,Surabaya,Vacuum Cleaner Dyson,Peralatan Rumah,4,3558400,144,-6262783,2025-02-02,Transfer Bank,Selesai,2
ORD-52947,Budi Hidayat,budi_hidayat@outlook.com,628653653446,Balikpapan,Laptop Lenovo IdeaPad,Elektronik,2,6958500,20,11133600,2024-06-12,ShopeePay,Dibatalkan,5
ORD-99455,Yeni Utami,yeniutami@yahoo.com,8272058651,,Setrika Uap Panasonic,Peralatan Rumah,4,441600,50,883200,2024-09-24,COD,,2
ORD-67576,Nita Firmansyah,nita.firmansyah@gmail.com,8776005578,Jakarta,Komik Naruto Vol 1,Buku,5,1275900,0,6379500,2025-01-10,GoPay,Dibatalkan,2
ORD-88348,Hani Ardiansyah,haniardiansyah@yahoo.com,628107638609,Batam,Lipstik MAC,Kecantikan,1,298100,15,253385,2024-06-13,COD,Selesai,4
ORD-76773,Mario Utami,mario.utami@gmail.com,8743673793,Banjarmasin,Serum Vitamin C Somethinc,Kecantikan,2,135500,5,257450,2024-09-19,DANA,Selesai,3
ORD-46882,Joko Prasetyo,joko85@gmail.com,628878099076,Bogor,Skincare Wardah Basic Kit,Kecantikan,1,182700,0,182700,2025-01-16,ShopeePay,selesai,3
ORD-44523,Budi Nugraha,budi.nugraha@gmail.com,628605015307,Bogor,Kopi Kapal Api 1kg,Makanan & Minuman,1,76900,0,76900,2024-12-26,OVO,selesai,0
ORD-20310,Wahyu Utami,wahyuutami@yahoo.com,+628895875114,Balikpapan,Rice Cooker Philips,Peralatan Rumah,1,368700,25,276525,2025-01-04,COD,Selesai,5
ORD-62415,Budi Setiawan,budisetiawan@yahoo.com,628233596753,Banjarmasin,Speaker Bluetooth JBL,Elektronik,1,52269300,50,38231200,2024-06-23,Transfer Bank,Selesai,4
ORD-30390,Nita Ardiansyah,nita_ardiansyah@outlook.com,628758938746,Balikpapan,Earbuds TWS JBL,Elektronik,1,854300,20,683440,2024-07-05,,Selesai,1
ORD-39613,Dian Lestari,dian.lestari@gmail.com,628995450404,Tangerang,Earbuds TWS JBL,Elektronik,3,855100,5,2437035,2025-01-20,COD,Dibatalkan,7
ORD-37530,Fitri Hidayat,fitri.hidayat@gmail.com,8234449052,Bandung,Kemeja Pria Polos,Fashion,2,123700,10,222660,2025-02-11,Kartu Kredit,Selesai,3
ORD-38197,Sari Nugraha,sari_nugraha@outlook.com,628842716512,Banjarmasin,Jam Tangan Casio,Fashion,1,653400,15,555390,2025-02-16,COD,Selesai,2
ORD-87021,Siti Kusuma,sitikusuma@yahoo.com,628709907391,Malang,Celana Jeans Levis,Fashion,1,435300,0,435300,2024-11-18,DANA,selesai,4
ORD-90466,Nita Firmansyah,nita.firmansyah@gmail.com,8776005578,Jakarta,Blender Philips,Peralatan Rumah,1,290800,5,276260,2025-03-01,Transfer Bank,Selesai,3
ORD-89391,Hani Firmansyah,hani_firmansyah@outlook.com,08585702656,Batam,Laptop Lenovo IdeaPad,Elektronik,4,6320100,10,22752360,2024-07-27,Transfer Bank,Selesai,
ORD-91039,Lina Suryadi,,+628101213899,Bandung,Celana Jeans Levis,Fashion,3,459500,173,-1006305,2025-04-23,OVO,Dikirim,4
ORD-83250,Lina Purnama,,08415278117,Banjarmasin,Celana Jeans Levis,Fashion,1,454100,0,454100,2024-06-11,,Sukses,4
ORD-64854,Mario Sari,mariosari@yahoo.com,8587327855,Jakarta,Rice Cooker Philips,Peralatan Rumah,1,360800,0,360800,2025-03-15,GoPay,dibatalkan,4
ORD-55559,Lusi Hartono,lusi.hartono@gmail.com,08644394336,Malang,Sepatu Nike Air Max,Fashion,10,1258000,0,12580000,2024-05-31,Alfamart,Dibatalkan,
ORD-12021,Zaidan Rahayu,zaidan50@gmail.com,628186531293,Depok,Sepatu Adidas Ultraboost,Fashion,3,1585600,15,4043280,2025-03-07,Transfer Bank,Selesai,3
ORD-38187,Putri Gunawan,putri_gunawan@outlook.com,08276562703,yogya,Rice Cooker Philips,Peralatan Rumah,1,349600,10,314640,2024-12-17,COD,Selesai,5
ORD-24520,Wahyu Putra,wahyu94@gmail.com,628377831185,Jakarta,Setrika Uap Panasonic,Peralatan Rumah,2,452100,15,768570,2024-12-15,GoPay,Selesai,3
ORD-20637,Yeni Nugraha,yeni_nugraha@outlook.com,8925951043,Solo,Kursi Gaming Ergonomis,Furniture,2,1828700,0,3657400,2024-07-03,Transfer Bank,Dikembalikan,4
ORD-53862,Umar Hartono,umarhartono@yahoo.com,8695727345,Balikpapan,Headphone Sony WH-1000XM5,Elektronik,2,3649800,10,6569640,2024-09-18,Transfer Bank,Selesai,1
ORD-93794,Hendra Wijaya,hendra40@gmail.com,+628262512187,Semarang,Tas Ransel Laptop,Fashion,1,333300,10,299970,2024-06-13,GoPay,,1
ORD-38727,Umar Wijaya,umar31@gmail.com,628912191383,Yogyakarta,Rice Cooker Philips,Peralatan Rumah,1,344400,0,298800,2024-08-06,Transfer Bank,Selesai,2
ORD-85154,Eko Wibowo,eko_wibowo@outlook.com,,Banjarmasin,Lemari Pakaian 3 Pintu,Furniture,5,2167900,10,9755550,2024-07-02,Indomaret,Dikirim,5
ORD-60630,Gilang Kusuma,gilang.kusuma@gmail.com,08218245685,Solo,Rice Cooker Philips,Peralatan Rumah,1,348800,5,331360,2025-01-21,Transfer Bank,Selesai,
ORD-50215,Hendra Santoso,hendrasantoso@yahoo.com,+628355479152,Jakarta,Setrika Uap Panasonic,Peralatan Rumah,1,453400,15,385390,2025-04-24,COD,Selesai,1
ORD-66611,Joko Lestari,joko.lestari@gmail.com,628925620085,Batam,Blender Philips,Peralatan Rumah,-1,293500,10,-264150,2024-06-16,Indomaret,Selesai,4
ORD-39978,Bella Ardiansyah,bella_ardiansyah@outlook.com,8826029651,Surabaya,Minyak Goreng Bimoli 2L,Makanan & Minuman,1,36600,5,34770,2024-09-27,COD,Dikirim,
ORD-80307,,hendra.gunawan@gmail.com,+628511497036,Malang,Snack Chitato 68gr,Makanan & Minuman,4,13000,10,46800,2025-01-31,cc,Diproses,4
ORD-70950,Siti Kusuma,sitikusuma@yahoo.com,628709907391,Malang,Vacuum Cleaner Dyson,Peralatan Rumah,3,3881200,10,10479240,2025-05-10,COD,Dikirim,2
ORD-60895,Tono Utami,tonoutami@yahoo.com,8988987516,solo,Minyak Goreng Bimoli 2L,Makanan & Minuman,2,40100,5,76190,2025-03-10,OVO,Selesai,2
ORD-65603,Vina Kusuma,vinakusuma@yahoo.com,+628517555386,Jakarta,Setrika Uap Panasonic,Peralatan Rumah,4,424100,15,1441940,2024-06-18,Transfer Bank,Selesai,1
ORD-74552,Sari Hidayat,sari26@gmail.com,+628264934808,Yogyakarta,Snack Chitato 68gr,Makanan & Minuman,3,13300,5,37905,2025-05-10,Alfamart,Diproses,4
ORD-13301,Mario Wijaya,mario.wijaya@gmail.com,8802023137,Balikpapan,Minyak Goreng Bimoli 2L,Makanan & Minuman,2,37500,0,75000,2025-02-03,GoPay,Selesai,
ORD-59494,Hani Santoso,hani_santoso@outlook.com,08957783308,Bandung,Lipstik MAC,Kecantikan,4,323500,20,1035200,2024-10-30,COD,Selesai,3
ORD-54906,Dian Prasetyo,dianprasetyo@yahoo.com,8516662319,Depok,Laptop Lenovo IdeaPad,Elektronik,1,7003600,10,6303240,2025-01-02,ShopeePay,Diproses,1
ORD-52420,Lusi Lestari,lusilestari@yahoo.com,+628462323049,Bekasi,Vacuum Cleaner Dyson,Peralatan Rumah,1,3598700,10,3238830,2024-10-16,GoPay,,5
ORD-18608,Sari Hidayat,sari26@gmail.com,+628264934808,Yogyakarta,Handphone Samsung Galaxy A54,Elektronik,2,4053500,15,6890950,2025-03-10,COD,Selesai,3
ORD-40237,Agus Setiawan,agus_setiawan@outlook.com,+628115216804,Palembang,Buku Machine Learning,Buku,3,134200,0,402600,2025-04-23,ShopeePay,Dikirim,
ORD-11412,Rizki Gunawan,,8627249378,Bandung,Sepatu Nike Air Max,Fashion,5,1256500,20,5026000,2024-05-21,Transfer Bank,retur,5
ORD-75992,Vina Sari,vina_sari@outlook.com,8463044708,Bogor,Laptop ASUS VivoBook,Elektronik,5,7389900,0,36949500,2024-11-29,DANA,Selesai,1
ORD-73201,Oji Santoso,oji39@gmail.com,08942694160,Bekasi,Buku Resep Masakan,Buku,2,54600,15,92820,2025-01-31,Transfer Bank,Selesai,3
ORD-41335,Yeni Purnama,yeni_purnama@outlook.com,628251492516,Balikpapan,AC Split 1 PK Daikin,Peralatan Rumah,2,4377400,136,-3151728,2024-11-02,ShopeePay,Selesai,2
ORD-65076,Sari Hidayat,sari.hidayat@gmail.com,,Bogor,Sepatu Adidas Ultraboost,Fashion,3,1618700,0,4856100,2024-10-22,Alfamart,Selesai,
ORD-86503,Budi Lestari,budi11@gmail.com,8394546989,Depok,Skincare Wardah Basic Kit,Kecantikan,1,182400,50,91200,2025-01-05,ShopeePay,Selesai,2
ORD-86017,Oscar Lestari,oscarlestari@yahoo.com,08308755439,Tangerang,Parfum Pria Davidoff,Kecantikan,1,613200,15,521220,2025-04-17,GoPay,Selesai,4
ORD-63250,Kevin Setiawan,kevin41@gmail.com,8392516313,Medan,Vacuum Cleaner Dyson,Peralatan Rumah,1,3538400,0,3538400,2025-03-21,Transfer Bank,Selesai,2
ORD-40118,JOKO KUSUMA,joko_kusuma@outlook.com,628873574265,Malang,Laptop Lenovo IdeaPad,Elektronik,1,7164000,0,7164000,2024-12-10,ShopeePay,Selesai,3
ORD-44721,Joko Kusuma,joko_kusuma@outlook.com,628873574265,Malang,Lipstik MAC,Kecantikan,1,318900,10,287010,2024-05-25,GoPay,Dibatalkan,
ORD-26056,Lusi Hartono,lusi.hartono@gmail.com,08644394336,Malang,Rice Cooker Philips,Peralatan Rumah,1,323500,0,323500,2025-01-21,Kartu Kredit,Dikirim,2
ORD-78078,Xena Kusuma,xena_kusuma@outlook.com,628956632941,Palembang,Kemeja Pria Polos,Fashion,3,125900,20,302160,2024-12-06,gopay,Diproses,1
ORD-29285,Edy Santoso,edy_santoso@outlook.com,08341563871,Malang,Earbuds TWS JBL,Elektronik,1,880300,0,880300,2024-07-29,Gopay,Selesai,1
ORD-40121,Prita Nugraha,prita58@gmail.com,+628374452490,SOLO,Lipstik MAC,Kecantikan,1,342100,5,324995,2024-09-18,COD,Dikirim,3
ORD-75557,Tono Utami,tonoutami@yahoo.com,8988987516,,Handphone Samsung Galaxy A54,Elektronik,2,4349400,50,3017100,2024-06-26,Transfer Bank,Selesai,2
ORD-54625,Dian Lestari,dian.lestari@gmail.com,628995450404,Tangerang,Susu UHT Ultra 1L,Makanan & Minuman,4,19700,20,63040,2024-07-01,OVO,Selesai,3
ORD-88812,Kartika Nugraha,kartika9@gmail.com,8368048838,Denpasar,Kaos Distro Premium,Fashion,20,82300,10,1481400,2025-04-15,DANA,Dibatalkan,3
ORD-24459,Candra Prasetyo,candra39@gmail.com,8691966769,,Jaket Bomber Pria,Fashion,2,404000,10,727200,2024-09-12,Gopay,Selesai,1
ORD-26704,Bella Ardiansyah,bella_ardiansyah@outlook.com,8826029651,Surabaya,Teh Botol Sosro 330ml,Makanan & Minuman,1,5800,0,5800,2024-06-16,Transfer Bank,Dibatalkan,
ORD-33891,Julia Lestari,julialestari@yahoo.com,8338250013,Surabaya,Kursi Gaming Ergonomis,Furniture,-1,1777300,0,-1777300,2024-09-11,COD,Dikirim,5
ORD-73084,Yeni Nugraha,yeni_nugraha@outlook.com,8925951043,Solo,Buku Resep Masakan,Buku,2,50800,15,86360,2024-12-12,Transfer Bank,selesai,4
ORD-42691,Ahmad Rahayu,ahmadrahayu@yahoo.com,,Malang,Dompet Kulit Pria,Fashion,2,165900,0,331800,2024-12-27,GoPay,Dibatalkan,5
ORD-55450,Edy Handoko,edy.handoko@gmail.com,08679453010,Jakarta,AC Split 1 PK Daikin,Peralatan Rumah,4,3997100,162,-9912808,2024-11-10,,Selesai,2
ORD-70114,Kevin Handoko,kevin_handoko@outlook.com,+628715951651,bandung,Headphone Sony WH-1000XM5,Elektronik,4,3443900,20,11020480,2024-11-18,kartu kredit,Dikembalikan,2
ORD-91349,Kevin Handoko,kevin_handoko@outlook.com,+628715951651,Tangerang,Meja Belajar Minimalis,Furniture,1,813600,10,732240,2024-11-12,COD,Dikirim,1
ORD-25895,Hendra Rahayu,hendra.rahayu@gmail.com,8369742856,Malang,Susu UHT Ultra 1L,Makanan & Minuman,-1,18900,20,-15120,2024-06-27,Kartu Kredit,Dibatalkan,1
ORD-75663,Mario Sari,mariosari@yahoo.com,8587327855,Jakarta,Headphone Sony WH-1000XM5,Elektronik,3,3391400,25,7630650,2025-03-19,Transfer Bank,Diproses,
ORD-37148,Dian Utami,dian85@gmail.com,08294185957,Denpasar,Tablet iPad Air,Elektronik,2,9032000,10,16257600,2024-07-04,ShopeePay,BATAL,4
ORD7851,,hendra40@gmail.com,+628262512187,Semarang,Susu UHT Ultra 1L,Makanan & Minuman,3,19900,5,56715,2024-11-16,Transfer Bank,Dikirim,
ORD-84670,Muhammad Gunawan,muhammad58@gmail.com,8866443037,Surabaya,Buku Resep Masakan,Buku,5,55400,10,249300,2024-11-30,ShopeePay,Selesai,1
ORD-49802,Fitri Wibowo,fitri_wibowo@outlook.com,08498481225,Malang,Susu UHT Ultra 1L,Makanan & Minuman,-1,19000,0,-19000,2024-11-13,ShopeePay,Diproses,2
ORD-47115,Yeni Sari,yeni_sari@outlook.com,8692976045,Jakarta,Speaker Bluetooth JBL,Elektronik,10,1154400,0,11544000,2024-11-11,Alfamart,retur,4
ORD-36502,Bella Wijaya,bellawijaya@yahoo.com,08565841933,Semarang,Laptop Lenovo IdeaPad,Elektronik,1,6288500,5,5974075,2025-01-26,ShopeePay,Dikembalikan,3
ORD-59491,Kevin Handoko,kevin_handoko@outlook.com,+628715951651,Tangerang,Susu UHT Ultra 1L,Makanan & Minuman,1,397100,30,277970,2025-01-14,DANA,Selesai,1
ORD-54146,Prita Wibowo,pritawibowo@yahoo.com,8155107776,Manado,Tablet iPad Air,Elektronik,1,9714900,0,9714900,2024-06-06,GoPay,,5
ORD-82787,Sari Hartono,sari.hartono@gmail.com,8546018975,Depok,Headphone Sony WH-1000XM5,Elektronik,2,3356800,0,6713600,2024-07-15,,Dikirim,1
ORD-22126,Yeni Utami,yeni.utami@gmail.com,628191560573,Depok,Novel Laskar Pelangi,Buku,3,78700,5,224295,2024-10-22,GoPay,Diproses,1
ORD-23574,Bella Gunawan,bella_gunawan@outlook.com,+628952600296,yogya,Jaket Bomber Pria,Fashion,2,359100,0,748200,2024-05-20,ovo,Selesai,2
ORD-26402,Bella Putra,bella.putra@gmail.com,628876910964,Semarang,Tas Ransel Laptop,Fashion,1,334900,20,267920,2025-04-01,OVO,Selesai,2
ORD-10564,Eko Hartono,eko77@gmail.com,628988017921,Bandung ,Lemari Pakaian 3 Pintu,Furniture,2,2106300,10,3791340,2025-05-05,Transfer Bank,Dikirim,2
ORD-62429,Nita Hidayat,nitahidayat@yahoo.com,628653192921,Yogyakarta,Susu UHT Ultra 1L,Makanan & Minuman,2,18900,10,34020,2024-09-23,Transfer Bank,Dibatalkan,4
ORD-36475,Lusi Gunawan,lusi63@gmail.com,8595449368,Bekasi,Headphone Sony WH-1000XM5,Elektronik,3,3467700,50,9793800,2024-10-04,Transfer Bank,Selesai,2
ORD-31202,Bella Purnama,bellapurnama@yahoo.com,+628574767135,Semarang,Laptop Lenovo IdeaPad,Elektronik,1,7146600,25,5359950,2025-05-10,OVO,Selesai,5
ORD-66042,Hendra Wijaya,hendra40@gmail.com,+628262512187,Semarang,Celana Jeans Levis,Fashion,4,471100,5,1790180,2025-04-03,GoPay,Selesai,2
ORD-66416,Farah Utami,farah16@gmail.com,+628907067228,Bekasi,Jaket Bomber Pria,Fashion,1,399700,0,618000,2025-03-16,Transfer Bank,Diproses,5
ORD-10642,Ahmad Rahayu,ahmadrahayu@yahoo.com,+628881088100,Banjarmasin,Skincare Wardah Basic Kit,Kecantikan,3,190800,5,543780,2024-11-21,OVO,Sukses,1
ORD-65591,Putri Lestari,putri90@gmail.com,628278795419,Batam,Buku Python untuk Pemula,Buku,3,85600,10,231120,2024/09/15,ShopeePay,Dibatalkan,1
ORD-98323,Agus Wibowo,agus.wibowo@gmail.com,,Medan!,Serum Vitamin C Somethinc,Kecantikan,2,132600,10,238680,2024-11-21,ShopeePay,Selesai,2
ORD-73005,Oji Hartono,oji.hartono@gmail.com,8943586094,bandung,Blender Philips,Peralatan Rumah,2,269300,5,511670,2025-03-28,GoPay,Selesai,
ORD-79947,Sari Hartono,sari.hartono@gmail.com,8546018975,Depok,AC Split 1 PK Daikin,Peralatan Rumah,5,4476500,10,20144250,2024-10-31,Transfer Bank,Selesai,5
ORD-76492,Mario Rahayu,mariorahayu@yahoo.com,628767381684,Denpasar,Jaket Bomber Pria,Fashion,1,363000,0,363000,2024-11-06,COD,dibatalkan,4
ORD-52947,Lusi Lestari,lusilestari@yahoo.com,+628462323049,Bekasi,Tablet iPad Air,Elektronik,10,9071100,0,90711000,2024-10-19,DANA,Selesai,4
ORD-85873,Farah Rahayu,farah21@gmail.com,+628492969909,Semarang,Speaker Bluetooth JBL,,3,1152900,10,3112830,01-08-2025,Transfer Bank,Dikembalikan,3
ORD6520,Fitri Wibowo,fitri_wibowo@outlook.com,08498481225,SOLO,Kemeja Pria Polos,Fashion,2,122500,0,245000,2024-07-15,GoPay,Selesai,4
ORD-23674,Yeni Purnama,,628251492516,Balikpapan,Skincare Wardah Basic Kit,Kecantikan,2,177700,10,319860,2024-09-04,COD,Dikirim,1
ORD-26894,Wahyu Putra,wahyu.putra@gmail.com,628621909393,Manado,Laptop ASUS VivoBook,Elektronik,1,379962800,0,379962800,2025-05-16,ShopeePay,Dibatalkan,2
ORD-64466,Julia Lestari,julialestari@yahoo.com,8338250013,Surabaya,Setrika Uap Panasonic,Peralatan Rumah,2,432600,0,917700,2024-09-26,Transfer Bank,,
ORD-74199,Nadia Setiawan,nadia72@gmail.com,+628638446596,Bekasi,Teh Botol Sosro 330ml,Makanan & Minuman,1,119100,179,-94089,2024-12-14,Alfamart,Dikirim,
ORD-82440,Sari Hidayat,sarihidayat@yahoo.com,8975428914,Depok,AC Split 1 PK Daikin,Peralatan Rumah,1,4299400,15,3654490,2024-10-23,GoPay,Dikirim,1
ORD-70687,Rizki Kusuma,rizki.kusuma@gmail.com,+628493946849,Pekanbaru,Handphone Samsung Galaxy A54,Elektronik,1,4012500,146,-1845749,2025-02-17,GoPay,Selesai,3
ORD-48668,Gilang Suryadi,gilangsuryadi@yahoo.com,628899569884,Batam,Meja Belajar Minimalis,Furniture,2,882200,10,1587960,2024-07-13,DANA,Diproses,4
ORD-10073,Nita Firmansyah,nita.firmansyah@gmail.com,8776005578,Jakarta,Parfum Pria Davidoff,Kecantikan,1,586500,25,439875,2024-08-20,COD,Selesai,
ORD-77661,Edy Wibowo,edy16@gmail.com,08931298116,Manado,Serum Vitamin C Somethinc,Kecantikan,3,124500,15,317475,2025-01-20,Kartu Kredit,Selesai,1
ORD-56237,Hendra Hartono,hendra_hartono@outlook.com,+628511941524,Tangerang,Buku Python untuk Pemula,Buku,2,94100,20,150560,2025-03-10,kartu kredit,success,5
ORD-94222,Kartika Wijaya,kartika_wijaya@outlook.com,8204633834,Manado,Handphone Samsung Galaxy A54,Elektronik,4,4167700,0,16670800,2024-10-12,COD,Selesai,3
ORD-84408,Yeni Nugraha,yeninugraha@yahoo.com,+628557817881,Solo,Setrika Uap Panasonic,Peralatan Rumah,2,415700,30,581980,2025-02-26,GoPay,Diproses,2
ORD-99926,Hani Hartono,hani_hartono@outlook.com,628508185805,Tangerang,Susu UHT Ultra 1L,Makanan & Minuman,1,17000,0,17000,2024-10-31,COD,Selesai,
ORD-99571,Gilang Hidayat,gilang57@gmail.com,+628481749657,Tangerang,Teh Botol Sosro 330ml,Makanan & Minuman,1,5700,0,5700,2024-07-30,COD,Selesai,5
ORD-14816,Gilang Purnama,gilangpurnama@yahoo.com,8964946066,,Blender Philips,Peralatan Rumah,10,301300,0,3013000,2024-08-09,OVO,,
ORD-30161,Fitri Nugraha,fitri.nugraha@gmail.com,+628413112652,Tangerang,Sepatu Nike Air Max,Fashion,1,1383700,5,1314515,2024-05-22,,Dibatalkan,
ORD-98101,Bella Gunawan,bella_gunawan@outlook.com,+628952600296,Surabaya,Serum Vitamin C Somethinc,Kecantikan,2,127100,0,325200,2025-05-10,COD,Dikirim,4
ORD-54192,Lina Ardiansyah,lina.ardiansyah@gmail.com,08307528076,JAKARTA,Setrika Uap Panasonic,Peralatan Rumah,1,434700,30,304290,2024-06-17,DANA,Dikirim,1
ORD-93256,Putri Lestari,putri90@gmail.com,628278795419,Batam,Kopi Kapal Api 1kg,Makanan & Minuman,4,76300,10,274680,2024-06-10,Kartu Kredit,Selesai,2
ORD-31825,Yeni Sari,yeni_sari@outlook.com,,Jakarta,Kemeja Pria Polos,Fashion,3,123700,30,259769,2025-03-11,Kartu Kredit,Dikirim,3
ORD-44769,Joko Setiawan,joko73@gmail.com,+628702224599,Jakarta,Kursi Gaming Ergonomis,Furniture,2,1706900,0,3413800,30/09/2024,DANA,Selesai,1
ORD-50149,Hendra Wijaya,hendra40@gmail.com,+628262512187,Semarang,Sunscreen SPF50 Biore,Kecantikan,2,68100,15,115770,30-12-2024,,Dikirim,
ORD-62614,Hani Ardiansyah,haniardiansyah@yahoo.com,,Batam,Rak Buku Minimalis,Furniture,2,459800,0,919600,2024-10-01,ShopeePay,Selesai,
ORD-78458,Joko Setiawan,joko73@gmail.com,+628702224599,JAKARTA,Snack Chitato 68gr,Makanan & Minuman,1,12300,10,11070,2024-06-17,COD,Selesai,5
ORD-22004,,,,Tangerang,Snack Chitato 68gr,Makanan & Minuman,2,12400,0,24800,2024-08-04,COD,Dikirim,2
ORD-89042,Joko Nugraha,joko_nugraha@outlook.com,8184317700,Semarang,Minyak Goreng Bimoli 2L,Makanan & Minuman,1,40200,5,38190,2024-10-25,ShopeePay,Selesai,2
ORD6003,Rizki Hidayat,rizki_hidayat@outlook.com,08973030966,Balikpapan,Komik Naruto Vol 1,Buku,3,36500,5,104025,2025-03-27,OVO,Dibatalkan,
ORD5951,Candra Prasetyo,candra.prasetyo@gmail.com,8437426403,Denpasar,Earbuds TWS JBL,Elektronik,1,819400,30,573580,2024-08-15,Transfer Bank,Selesai,4
ORD-25277,Oscar Ardiansyah,oscar.ardiansyah@gmail.com,08306218367,Denpasar,Rak Buku Minimalis,Furniture,10,471600,15,4008600,2025-04-27,COD,Selesai,5
ORD-79713,FITRI SARI,fitri13@gmail.com,628307210606,Bandung,Minyak Goreng Bimoli 2L,Makanan & Minuman,1,40200,10,64300,2024-10-18,Transfer Bank,Dibatalkan,1
ORD-80756,Umar Suryadi,umar77@gmail.com,628275437118,Jakarta,Novel Laskar Pelangi,Buku,1,72000,25,54000,2024-08-20,GoPay,Selesai,2
ORD-95072,Budi Hidayat,budi_hidayat@outlook.com,8582902100,Depok,Skincare Wardah Basic Kit,Kecantikan,2,180000,15,306000,2024-05-22,OVO,Dikirim,1
ORD-86208,Tono Firmansyah,tono_firmansyah@outlook.com,628671630944,Bandung,Laptop Lenovo IdeaPad,Elektronik,4,6376600,20,20405120,2025-04-27,Transfer Bank,Dikembalikan,2
ORD-90385,Joko Kusuma,joko_kusuma@outlook.com,628873574265,Malang,Smartwatch Garmin,Elektronik,1,4020500,0,4020500,2024-12-31,Transfer Bank,Dikirim,2
ORD-91991,Edy Kusuma,edy_kusuma@outlook.com,+628526363836,Bogor,Kaos Distro Premium,Fashion,3,85800,5,244530,2024-10-19,Kartu Kredit,Selesai,3
ORD-32459,Oscar Firmansyah,oscarfirmansyah@yahoo.com,8769461748,Semarang,Handphone Samsung Galaxy A54,Elektronik,10,4476400,10,40287600,2024-10-25,GoPay,Dikirim,3
ORD-70328,Oscar Ardiansyah,oscar.ardiansyah@gmail.com,08306218367,Denpasar,Kemeja Pria Polos,Fashion,2,128000,5,243200,2025-01-21,Transfer Bank,Dikirim,4
ORD-39687,Prita Utami,pritautami@yahoo.com,08853586950,,Blender Philips,Peralatan Rumah,4,265800,10,956880,2025-04-10,GoPay,Selesai,4
ORD-71579,Agus Wibowo,agus.wibowo@gmail.com,+628757070468,Bandung ,Susu UHT Ultra 1L,Makanan & Minuman,2,19000,20,47500,2024-09-27,ShopeePay,Selesai,2
ORD-72478,Rizki Sari,rizki_sari@outlook.com,08493163099,Bekasi,Novel Laskar Pelangi,Buku,1,74100,10,66690,2024-11-11,Transfer Bank,Selesai,4
ORD-81350,Kevin Wibowo,kevin.wibowo@gmail.com,08559059269,Balikpapan,Vacuum Cleaner Dyson,Peralatan Rumah,2,3513600,15,5973120,2025-03-19,COD,Selesai,
ORD-85487,Agus Lestari,agus48@gmail.com,+628671748547,JAKARTA,Serum Vitamin C Somethinc,Kecantikan,1,120600,5,114570,2025-02-24,,Selesai,3
ORD-70398,Eko Hartono,ekohartono@yahoo.com,08997442089,Solo,Setrika Uap Panasonic,Peralatan Rumah,3,435900,25,980775,2025-03-06,OVO,Selesai,4
ORD-47516,Prita Purnama,prita55@gmail.com,+628675348512,Depok,Teh Botol Sosro 330ml,Makanan & Minuman,3,5300,20,12720,2025-04-27,OVO,Diproses,1
ORD-29521,Indra Setiawan,indra_setiawan@outlook.com,8142818692,Malang,Kamera Canon EOS M50,Elektronik,2,8663200,0,17326400,2024-07-31,,Selesai,2
ORD-67213,Oscar Purnama,oscar.purnama@gmail.com,08464986941,Medan,Buku Machine Learning,Buku,3,139200,25,313200,2024-08-12,OVO,returned,2
ORD-21398,Dian Rahayu,dian.rahayu@gmail.com,+628364540415,Banjarmasin,Jaket Bomber Pria,Fashion,1,365500,0,365500,2025-05-09,GoPay,Selesai,1
ORD-15168,Rizki Hidayat,rizki_hidayat@outlook.com,08973030966,Balikpapan,Kemeja Pria Polos,Fashion,1,122300,10,110070,2024-12-17,GoPay,Diproses,5
ORD-67969,Farah Rahayu,farah26@gmail.com,628837022335,Surabaya,Rice Cooker Philips,Peralatan Rumah,20,349400,15,5939800,2024-05-25,COD,Selesai,4
ORD-27008,Farah Kusuma,farah.kusuma@gmail.com,,Yogyakarta,Laptop Lenovo IdeaPad,Elektronik,5,7298500,5,34667875,2025-01-07,ShopeePay,Dibatalkan,2
ORD-98059,Siti Lestari,siti_lestari@outlook.com,8581649691,Tangerang,Laptop Lenovo IdeaPad,Elektronik,2,7294100,20,11670560,11-01-2025,OVO,Dibatalkan,5
ORD-99284,GILANG PRASETYO,gilang_prasetyo@outlook.com,628412373555,Bandung,Serum Vitamin C Somethinc,Kecantikan,3,136600,0,409800,2024-06-04,GoPay,Diproses,5
ORD-74603,Hendra Handoko,hendra_handoko@outlook.com,08245673599,Makassar,Lipstik MAC,Kecantikan,1,337300,15,286705,2024-07-16,ShopeePay,Dikembalikan,5
ORD-35618,Julia Lestari,julialestari@yahoo.com,8338250013,Surabaya,Sepatu Nike Air Max,Fashion,3,1356900,5,3867165,2024-10-07,ShopeePay,Selesai,1
ORD4263,MARIO SARI,mariosari@yahoo.com,8587327855,Jakarta,Tas Ransel Laptop,Fashion,2,307400,15,522580,2024-06-24,OVO,Selesai,1
ORD-45338,Xena Gunawan,xenagunawan@yahoo.com,628716271120,Bekasi,Rice Cooker Philips,Peralatan Rumah,2,350000,20,560000,2024-09-15,Transfer Bank,Selesai,3
ORD-10910,Candra Putra,candra11@gmail.com,08121873851,Tangerang,Kamera Canon EOS M50,Elektronik,10,8215800,5,78050100,2025-05-06,Transfer Bank,Dikembalikan,5
ORD-12814,XENA PUTRA,xenaputra@yahoo.com,08807352484,Pekanbaru,Buku Machine Learning,Buku,5,135400,0,677000,2024-09-29,ShopeePay,Selesai,2
ORD-84765,Eko Hidayat,eko.hidayat@gmail.com,08671816653,Semarang,Tablet iPad Air,Elektronik,10,8912800,10,80215200,2024-10-17,Transfer Bank,Dikirim,4
ORD-18760,Muhammad Firmansyah,muhammadfirmansyah@yahoo.com,628724888118,Tangerang,Novel Laskar Pelangi,Buku,3,76900,0,230700,2025-05-19,COD,Selesai,1
ORD-93395,Muhammad Lestari,muhammad.lestari@gmail.com,8969033176,Palembang,Sepatu Nike Air Max,Fashion,20,1250800,10,22514400,2024-10-14,ShopeePay,Dibatalkan,5
ORD-74479,Umar Handoko,umar_handoko@outlook.com,628113321873,Malang,Kamera Canon EOS M50,,1,8581100,15,7293935,2025-02-09,Kartu Kredit,Selesai,1
ORD-25836,Eko Lestari,eko1@gmail.com,08678883823,Tangerang,Rice Cooker Philips,Peralatan Rumah,2,336400,50,336400,2025-03-11,DANA,Diproses,5
ORD-73288,Gilang Lestari,gilang68@gmail.com,8666262886,Semarang,AC Split 1 PK Daikin,Peralatan Rumah,2,3867200,0,7734400,2024-07-07,ShopeePay,Sukses,5
ORD-36642,Nita Firmansyah,nita.firmansyah@gmail.com,8776005578,Jakarta,Rak Buku Minimalis,Furniture,2,447100,10,804780,2024-05-20,Transfer Bank,Selesai,1
ORD-66969,AGUS HANDOKO,agus.handoko@gmail.com,08973192032,Depok,Handphone Samsung Galaxy A54,Elektronik,2,4247500,0,8495000,2024-12-28,COD,Selesai,4
ORD-57244,Lina Ardiansyah,lina.ardiansyah@gmail.com,08307528076,Bandung,Sunscreen SPF50 Biore,Kecantikan,1,60900,5,57855,2024-08-27,ShopeePay,Selesai,2
ORD-58656,DEWI SETIAWAN,dewi_setiawan@outlook.com,628997749095,Bandung,Handphone Samsung Galaxy A54,Elektronik,3,4535400,15,11565270,2024-07-03,COD,Selesai,3
ORD-37517,Wahyu Nugraha,wahyu.nugraha@gmail.com,08439212178,Malang,Dress Wanita Batik,Fashion,1,185500,0,185500,2024-12-10,Indomaret,Selesai,4
ORD-16973,Farah Utami,farah16@gmail.com,+628907067228,Bekasi,Dress Wanita Batik,Fashion,1,187200,0,187200,2024-08-28,OVO,,1
ORD-87652,Tono Handoko,tono_handoko@outlook.com,628992647814,Batam,Snack Chitato 68gr,Makanan & Minuman,2,12900,10,23220,2024-12-03,DANA,Selesai,
ORD-52363,Muhammad Suryadi,muhammad60@gmail.com,8188867190,Bekasi,Kopi Kapal Api 1kg,Makanan & Minuman,2,80600,10,145080,2025-02-13,COD,Selesai,5
ORD-86238,Vina Firmansyah,vina45@gmail.com,8224598010,Yogyakarta,Earbuds TWS JBL,Elektronik,-1,874600,5,-830870,2025-02-12,OVO,Selesai,3
ORD-10127,Ahmad Rahayu,ahmadrahayu@yahoo.com,+628881088100,Banjarmasin,Skincare Wardah Basic Kit,Kecantikan,1,181500,5,172425,2024-09-02,Alfamart,Dikirim,2
ORD-36002,Prita Purnama,prita55@gmail.com,+628675348512,Depok,Handphone Xiaomi Redmi Note 12,Elektronik,1,2643000,20,2114400,2025-04-28,ShopeePay,Selesai,2
ORD-65847,Julia Gunawan,julia.gunawan@gmail.com,8542639417,Semarang,Handphone Samsung Galaxy A54,Elektronik,2,4269400,157,-4867116,2024-08-06,COD,Diproses,4
ORD0381,Oscar Sari,oscar36@gmail.com,628277924719,Banjarmasin,Minyak Goreng Bimoli 2L,Makanan & Minuman,-1,39000,5,-37050,2024-10-06,Alfamart,Selesai,2
ORD-75689,Umar Handoko,umar_handoko@outlook.com,628113321873,yogya,Earbuds TWS JBL,Elektronik,3,857200,5,2443020,2025-02-20,Alfamart,Diproses,3
ORD-84796,Indra Purnama,indra12@gmail.com,8753355029,,Buku Resep Masakan,Buku,10,59000,25,442500,2025-03-20,Alfamart,Selesai,
ORD-48107,Hani Firmansyah,hani_firmansyah@outlook.com,08585702656,Batam,Handphone Xiaomi Redmi Note 12,Elektronik,2,2670900,15,4540530,2024-06-30,Transfer Bank,Selesai,4
ORD-83797,Putri Gunawan,,08276562703,Medan!,Jaket Bomber Pria,Fashion,4,362700,15,1233180,2024-09-11,transfer bank,Selesai,5
ORD-22409,Vina Nugraha,vinanugraha@yahoo.com,628973347627,Depok,Kopi Kapal Api 1kg,Makanan & Minuman,2,78700,0,157400,2024-11-27,GoPay,Selesai,5
ORD-94149,Bella Gunawan,bella_gunawan@outlook.com,+628952600296,Surabaya,Kemeja Pria Polos,Fashion,4,124800,30,349440,2024-05-28,Kartu Kredit,Selesai,2
ORD-44758,Mario Sari,mario.sari@gmail.com,+628639770838,Depok,Skincare Wardah Basic Kit,Kecantikan,5,196000,10,882000,2025-01-04,Transfer Bank,Selesai,4
ORD-58575,Putri Lestari,putri90@gmail.com,628278795419,Batam,Tablet iPad Air,Elektronik,4,8637500,0,34550000,2025-04-27,DANA,Dikirim,3
ORD-29745,Agus Prasetyo,agusprasetyo@yahoo.com,8964985095,Manado,Buku Resep Masakan,Buku,2,54400,20,119600,2024-12-04,OVO,,1
ORD-23529,Rizki Sari,rizki_sari@outlook.com,08493163099,,Blender Philips,Peralatan Rumah,3,295200,10,1324400,2024-09-17,OVO,Selesai,7
ORD-66649,Xena Hidayat,xena97@gmail.com,08153067274,Balikpapan,Lemari Pakaian 3 Pintu,Furniture,1,2225200,0,2225200,21-04-2025,GoPay,Dikirim,5
ORD6402,Ahmad Prasetyo,ahmad_prasetyo@outlook.com,,Makassar,Tablet iPad Air,Elektronik,3,9155000,5,26091750,2025-05-06,OVO,Selesai,5
ORD-81878,Xena Hidayat,xena97@gmail.com,08153067274,Balikpapan,Skincare Wardah Basic Kit,Kecantikan,1,189500,10,170550,2024-06-11,Kartu Kredit,Selesai,
ORD-14436,Ika Santoso,ika_santoso@outlook.com,08414744854,Surabaya,Komik Naruto Vol 1,Buku,1,33900,5,32205,04-08-2024,Kartu Kredit,Selesai,3
ORD-29585,,xena.wibowo@gmail.com,8801615675,Bandung,Earbuds TWS JBL,Elektronik,2,902100,25,1353150,2024-10-08,OVO,Dibatalkan,5
ORD-87560,Candra Setiawan,candra.setiawan@gmail.com,628979969688,Balikpapan,Speaker Bluetooth JBL,Elektronik,10,1122600,0,11226000,2025-05-03,GoPay,Dikirim,2
ORD-38448,Sari Sari,sari.sari@gmail.com,+628597721705,Pekanbaru,Dompet Kulit Pria,Fashion,4,182700,15,621180,2025-02-16,ShopeePay,Diproses,2
ORD-82553,Joko Prasetyo,joko85@gmail.com,628878099076,Bogor,Rak Buku Minimalis,Furniture,1,430600,0,430600,2025-01-17,Kartu Kredit,Selesai,5
ORD-38199,Hendra Putra,hendraputra@yahoo.com,08677276684,Pekanbaru,Kamera Canon EOS M50,Elektronik,3,8555400,0,25666200,2024-10-01,OVO,Diproses,5
ORD-19060,Xena Hidayat,xena97@gmail.com,08153067274,Balikpapan,Tablet iPad Air,Elektronik,1,9470100,0,9470100,2025-04-03,transfer bank,Diproses,3
ORD-92168,Prita Wibowo,pritawibowo@yahoo.com,8155107776,Manado,Skincare Wardah Basic Kit,Kecantikan,3,185300,25,416925,2024-08-06,COD,Dikembalikan,
ORD-88916,Indra Hartono,indra8@gmail.com,628821968662,Surabaya,Laptop ASUS VivoBook,,1,7247800,30,5073460,2024-09-08,OVO,Selesai,2
ORD-59496,Gilang Setiawan,gilangsetiawan@yahoo.com,08731621086,,Tablet iPad Air,Elektronik,3,9738000,0,29214000,2025-02-01,Indomaret,Selesai,2
ORD-66477,Lina Suryadi,lina27@gmail.com,+628101213899,Bandung,Rice Cooker Philips,Peralatan Rumah,5,359000,50,897500,2025-04-19,COD,Diproses,1
ORD-25512,Eko Wijaya,eko.wijaya@gmail.com,+628199626108,Banjarmasin,Snack Chitato 68gr,Makanan & Minuman,1,11700,15,9945,2025-04-05,Transfer Bank,Dikirim,5
ORD-35864,Farah Putra,farah_putra@outlook.com,+628346294016,Palembang,Teh Botol Sosro 330ml,Makanan & Minuman,1,5400,5,5130,2025-03-06,DANA,Selesai,
ORD-95505,Candra Setiawan,candra.setiawan@gmail.com,628979969688,Balikpapan,Kamera Canon EOS M50,Elektronik,1,8271200,20,6616960,2024-06-05,Transfer Bank,Selesai,
ORD-86680,Hendra Santoso,hendrasantoso@yahoo.com,,surabaya,Rice Cooker Philips,Peralatan Rumah,3,327400,0,982200,2024-10-26,Alfamart,Selesai,5
ORD-33790,Lusi Gunawan,lusi63@gmail.com,8595449368,Bekasi,Kaos Distro Premium,Fashion,2,88600,0,177200,2025-03-06,Alfamart,Dibatalkan,3
ORD-99298,Dewi Utami,dewiutami@yahoo.com,628166778321,Solo,AC Split 1 PK Daikin,Peralatan Rumah,4,4318200,176,-13127328,2024-11-10,OVO,Dikirim,5
ORD-87484,Candra Nugraha,candra53@gmail.com,8949025733,Yogyakarta,Blender Philips,Peralatan Rumah,1,269900,0,269900,2024-12-23,ShopeePay,Selesai,4
ORD-55727,Kevin Utami,kevin.utami@gmail.com,+628459988193,Medan,Vacuum Cleaner Dyson,Peralatan Rumah,2,4047500,147,-3804650,2025-01-28,OVO,Selesai,2
ORD-14264,Gilang Utami,gilang_utami@outlook.com,,Surabaya,Celana Jeans Levis,Fashion,2,466500,15,793050,2024-11-30,Gopay,success,3
ORD-51186,Siti Kusuma,sitikusuma@yahoo.com,628709907391,Bandung ,Lipstik MAC,Kecantikan,1,317500,30,222250,2024-10-03,Alfamart,Selesai,
ORD-24609,Dewi Utami,dewiutami@yahoo.com,628166778321,Solo,Buku Machine Learning,Buku,1,140000,0,140000,2025-02-17,Kartu Kredit,Selesai,4
ORD-42979,Oscar Prasetyo,oscar.prasetyo@gmail.com,628937575963,Banjarmasin,Tas Ransel Laptop,Fashion,2,330500,0,661000,2025-04-13,GoPay,Selesai,4
ORD-30961,Wahyu Utami,,+628895875114,Balikpapan,Smartwatch Garmin,Elektronik,1,4337900,0,4337900,2024-10-19,Transfer Bank,Selesai,4
ORD6627,Oscar Kusuma,oscarkusuma@yahoo.com,8741523352,,Tas Ransel Laptop,Fashion,2,296500,10,533700,2024-10-04,Gopay,Selesai,3
ORD-17570,Mario Utami,mario.utami@gmail.com,8743673793,JAKARTA,Sunscreen SPF50 Biore,Kecantikan,1,62300,0,62300,2025-02-09,,Dibatalkan,5
ORD6091,Lina Ardiansyah,lina_ardiansyah@outlook.com,+628946060836,yogya,Handphone Xiaomi Redmi Note 12,Elektronik,1,2631600,0,2631600,2025-04-22,,Dikembalikan,4
ORD-46068,Indra Setiawan,indra_setiawan@outlook.com,8142818692,Malang,Kemeja Pria Polos,Fashion,20,110900,0,2218000,2024/05/22,COD,Selesai,4
ORD3892,Siti Lestari,siti_lestari@outlook.com,8581649691,Tangerang,Vacuum Cleaner Dyson,Peralatan Rumah,2,3628200,10,6530760,2025-02-13,Transfer Bank,Selesai,3
ORD-45977,Oscar Sari,oscarsari@yahoo.com,08491229419,Semarang,Kursi Gaming Ergonomis,Furniture,2,1709200,20,2734720,2024-06-29,transfer bank,Dibatalkan,5
ORD-32295,Candra Nugraha,candra53@gmail.com,8949025733,Yogyakarta,Meja Belajar Minimalis,Furniture,1,882200,5,838090,11-06-2024,OVO,Diproses,3
ORD-67493,Rizki Hartono,rizkihartono@yahoo.com,+628241540516,Palembang,Serum Vitamin C Somethinc,Kecantikan,2,138000,0,276000,2025-02-07,Kartu Kredit,Diproses,1
ORD-84604,Dewi Putra,dewiputra@yahoo.com,8967588425,Semarang,Smartwatch Garmin,Elektronik,3,4058300,5,11566155,2024-11-04,COD,Dibatalkan,1
ORD-35866,Eko Wibowo,eko_wibowo@outlook.com,628497851696,Banjarmasin,Teh Botol Sosro 330ml,Makanan & Minuman,2,5600,20,8960,2024-11-22,COD,Selesai,4
ORD-96248,Tono Wijaya,tono_wijaya@outlook.com,08844905100,Tangerang,Sunscreen SPF50 Biore,Kecantikan,2,60400,5,114760,2024-06-04,gopay,Selesai,5
ORD-16058,Kevin Setiawan,kevin_setiawan@outlook.com,8474664903,Banjarmasin,Snack Chitato 68gr,Makanan & Minuman,10,12300,50,61500,2024-06-01,Transfer Bank,Diproses,
ORD-99911,Sari Sari,sari.sari@gmail.com,+628597721705,Pekanbaru,Setrika Uap Panasonic,Peralatan Rumah,-1,407500,15,-346375,2025-01-04,Indomaret,Selesai,4
ORD-27709,Fitri Sari,fitri13@gmail.com,628307210606,Bandung,Kaos Distro Premium,Fashion,2,82200,0,164400,2024-10-07,COD,Selesai,4
ORD-49629,Farah Kusuma,,628694422938,Yogyakarta,Vacuum Cleaner Dyson,Peralatan Rumah,10,3899600,10,35096400,2025-05-15,Transfer Bank,Diproses,3
ORD-59156,Prita Utami,pritautami@yahoo.com,08853586950,Denpasar,Minyak Goreng Bimoli 2L,Makanan & Minuman,10,41000,50,205000,2024-08-02,DANA,Dibatalkan,2
ORD-98537,Eko Wibowo,eko_wibowo@outlook.com,628497851696,,Parfum Pria Davidoff,Kecantikan,1,623000,20,498400,2024-11-02,GoPay,Diproses,4
ORD-61851,Hani Hartono,hani_hartono@outlook.com,628508185805,Tangerang,Sepatu Adidas Ultraboost,Fashion,10,1605800,0,16058000,2024-09-27,GoPay,Diproses,
ORD-16646,Fitri Wibowo,fitri_wibowo@outlook.com,08498481225,Malang,Parfum Pria Davidoff,Kecantikan,1,565900,5,537605,2025-02-24,OVO,Dikembalikan,5
ORD-16241,Farah Suryadi,farah40@gmail.com,08122510773,Jakarta,Rice Cooker Philips,Peralatan Rumah,4,324300,0,1297200,2024-11-22,OVO,Selesai,3
ORD-21749,Joko Utami,jokoutami@yahoo.com,+628771567468,Tangerang,Dompet Kulit Pria,Fashion,2,167000,5,317300,2025-01-20,ShopeePay,Selesai,
ORD-36367,Candra Santoso,,+628521024528,Balikpapan,Speaker Bluetooth JBL,Elektronik,2,1112400,0,2224800,2024-12-16,Kartu Kredit,Selesai,5
ORD-17096,Vina Firmansyah,vina45@gmail.com,8224598010,Yogyakarta,Handphone Xiaomi Redmi Note 12,Elektronik,-1,2640500,30,-1848349,2025-05-05,kartu kredit,Selesai,
ORD-33622,Yeni Utami,yeniutami@yahoo.com,8272058651,Jakarta,Jaket Bomber Pria,Fashion,1,395800,0,395800,2024-10-30,Kartu Kredit,returned,1
ORD-53821,Ahmad Kusuma,ahmad.kusuma@gmail.com,08476055825,Pekanbaru,Laptop Lenovo IdeaPad,Elektronik,1,6411200,25,4808400,2025-02-02,gopay,Selesai,4
ORD-16938,Fitri Nugraha,fitri.nugraha@gmail.com,08814335942,Makassar,Rice Cooker Philips,Peralatan Rumah,2,365200,10,657360,2024-05-25,ShopeePay,Selesai,2
ORD-71695,Rizki Hidayat,rizki_hidayat@outlook.com,08973030966,Balikpapan,Sofa L-Shape,Furniture,2,5525700,5,10498830,2024-09-18,DANA,selesai,5
ORD-59255,BELLA ARDIANSYAH,bella_ardiansyah@outlook.com,,Surabaya,Sepatu Adidas Ultraboost,Fashion,1,1553400,10,1398060,2024-08-04,COD,,4
ORD-65755,Julia Gunawan,juliagunawan@yahoo.com,,Batam,Novel Laskar Pelangi,,1,76900,30,53830,2024-06-22,GoPay,Selesai,2
ORD-95679,Farah Wibowo,farah.wibowo@gmail.com,08787011065,bandung,Rice Cooker Philips,Peralatan Rumah,1,359300,15,305405,2025-01-26,DANA,Dikirim,1
ORD-74337,Eko Putra,eko.putra@gmail.com,628179382064,Makassar,Sofa L-Shape,Furniture,1,5671900,0,5671900,2024-07-20,GoPay,Dibatalkan,3
ORD-44823,Tono Handoko,tono_handoko@outlook.com,628992647814,Batam,Tablet iPad Air,Elektronik,2,9275100,10,16695180,2025-01-05,GoPay,Dibatalkan,3
ORD-14731,Siti Firmansyah,siti49@gmail.com,628634700025,Solo,Sepatu Adidas Ultraboost,Fashion,1,1482200,0,1482200,2025-03-15,COD,Selesai,5
ORD-40427,Hani Ardiansyah,hani.ardiansyah@gmail.com,628285886733,Tangerang,Kemeja Pria Polos,Fashion,1,111400,10,100260,2024-08-23,GoPay,Selesai,5
ORD-11058,Yeni Wijaya,yeni_wijaya@outlook.com,+628578330827,Pekanbaru,Vacuum Cleaner Dyson,Peralatan Rumah,2,3723100,30,5212340,2025-01-22,OVO,Selesai,3
ORD9628,Farah Santoso,farahsantoso@yahoo.com,08623589751,Yogyakarta,Tas Ransel Laptop,Fashion,1,320800,20,256640,2024-12-19,OVO,Selesai,4
ORD-85918,Oji Wijaya,oji_wijaya@outlook.com,+628933493647,Batam,Headphone Sony WH-1000XM5,Elektronik,2,3228800,10,5811840,2025-03-15,cc,Diproses,5
ORD-58458,Yeni Purnama,yeni_purnama@outlook.com,628251492516,Balikpapan,Sunscreen SPF50 Biore,,1,69000,0,69000,2024-12-08,Transfer Bank,Selesai,2
ORD-26179,Ahmad Rahayu,ahmadrahayu@yahoo.com,+628881088100,Banjarmasin,Teh Botol Sosro 330ml,Makanan & Minuman,-1,5200,20,-4160,2025-04-26,COD,Selesai,3
ORD-20091,Budi Hidayat,budihidayat@yahoo.com,628653138181,Jakarta,Rice Cooker Philips,Peralatan Rumah,1,332600,0,332600,2024-08-12,Transfer Bank,Selesai,3
ORD-66983,Hendra Rahayu,hendra.rahayu@gmail.com,8369742856,Malang,Kursi Gaming Ergonomis,Furniture,5,1938400,5,9207400,2024-07-18,OVO,Dikirim,2
ORD-95250,Bella Wijaya,bellawijaya@yahoo.com,08565841933,,Sunscreen SPF50 Biore,Kecantikan,1,61000,20,48800,2024-12-09,OVO,Selesai,0
ORD-76334,Muhammad Firmansyah,muhammadfirmansyah@yahoo.com,628724888118,Tangerang,Sunscreen SPF50 Biore,Kecantikan,2,65100,10,117180,2024-08-23,OVO,Selesai,1
ORD-29599,DIAN RAHAYU,dian.rahayu@gmail.com,+628364540415,Banjarmasin,Celana Jeans Levis,Fashion,1,418400,5,397480,2024-09-17,OVO,Dikembalikan,
ORD-30722,Oscar Lestari,oscarlestari@yahoo.com,08308755439,Tangerang,Sepatu Adidas Ultraboost,Fashion,2,1418100,5,2694390,2024-07-27,ShopeePay,Dikirim,4
ORD-27575,Prita Purnama,prita55@gmail.com,+628675348512,yogya,Teh Botol Sosro 330ml,Makanan & Minuman,1,5100,20,6200,2025-03-22,GoPay,Selesai,2
ORD-87794,Nita Utami,nita_utami@outlook.com,+628478612081,Solo,Jaket Bomber Pria,Fashion,1,384900,0,384900,2025-02-05,Kartu Kredit,Dikembalikan,4
ORD-69848,Nita Utami,nitautami@yahoo.com,8584739628,Malang,Novel Laskar Pelangi,Buku,3,71800,10,193860,2024-10-30,ShopeePay,Selesai,1
ORD-85742,Umar Hartono,umar.hartono@gmail.com,628581681729,Semarang,Lemari Pakaian 3 Pintu,Furniture,3,2184500,15,5570475,2024-11-02,GoPay,Diproses,2
ORD-52913,Lusi Firmansyah,lusi.firmansyah@gmail.com,628296412833,,Minyak Goreng Bimoli 2L,Makanan & Minuman,3,39100,0,117300,2024-11-11,COD,Dibatalkan,1
ORD-28437,Mario Gunawan,mario.gunawan@gmail.com,8741341153,Pekanbaru,Sunscreen SPF50 Biore,Kecantikan,10,68000,15,578000,2024-08-16,DANA,Selesai,5
ORD-51963,Gilang Setiawan,gilangsetiawan@yahoo.com,08731621086,Balikpapan,Vacuum Cleaner Dyson,Peralatan Rumah,2,3951500,10,7112700,2024-10-23,Indomaret,Dikembalikan,2
ORD-13453,Zaidan Hartono,zaidan67@gmail.com,+628382074176,Surabaya,Laptop Lenovo IdeaPad,Elektronik,2,6520900,0,13041800,2024-06-23,COD,Selesai,
ORD-35108,Yeni Gunawan,,,Tangerang,Skincare Wardah Basic Kit,Kecantikan,1,195700,0,195700,2025-01-28,,,
ORD-40724,Candra Prasetyo,candra39@gmail.com,8691966769,Solo,Jam Tangan Casio,Fashion,3,611800,15,1560090,2024-11-18,Kartu Kredit,Selesai,5
ORD-69500,Kartika Hidayat,kartika_hidayat@outlook.com,628852695038,Semarang,Headphone Sony WH-1000XM5,Elektronik,3,3341900,0,10025700,2025-03-09,GoPay,Selesai,3
ORD-69800,Umar Hartono,umarhartono@yahoo.com,8695727345,Balikpapan,Laptop Lenovo IdeaPad,Elektronik,3,6798500,15,17336175,2024-07-13,GoPay,Selesai,5
ORD-35062,Hani Ardiansyah,hani.ardiansyah@gmail.com,628285886733,Tangerang,Meja Belajar Minimalis,Furniture,1,816200,5,775390,2024-06-16,Alfamart,Selesai,3
ORD-14720,Eko Putra,eko.putra@gmail.com,628179382064,,Snack Chitato 68gr,Makanan & Minuman,10,12300,10,110700,2024-08-12,Kartu Kredit,Dikembalikan,4
ORD-18919,Gilang Purnama,gilang84@gmail.com,628919249789,Solo,Vacuum Cleaner Dyson,Peralatan Rumah,3,3719200,0,17194800,2024-10-26,GoPay,Selesai,
ORD-64319,Vina Ardiansyah,vinaardiansyah@yahoo.com,628557647878,Depok,Sunscreen SPF50 Biore,Kecantikan,1,64600,10,58140,2024-10-17,ShopeePay,Selesai,5
ORD-93766,Nadia Hartono,nadia_hartono@outlook.com,628616507321,Malang,Smartwatch Garmin,Elektronik,2,4298600,30,6018040,2025-03-09,GoPay,Selesai,1
ORD-59670,Muhammad Gunawan,muhammad58@gmail.com,8866443037,Surabaya,Rak Buku Minimalis,Furniture,2,456800,0,913600,2024-08-29,Transfer Bank,Diproses,
ORD-30294,Muhammad Suryadi,muhammad60@gmail.com,8188867190,Bekasi,Susu UHT Ultra 1L,Makanan & Minuman,5,17200,0,86000,2024-09-23,OVO,Diproses,
ORD-42026,Hendra Gunawan,hendra.gunawan@gmail.com,+628511497036,Malang,Meja Belajar Minimalis,Furniture,4,887400,15,3017160,2025-03-28,ShopeePay,Dikirim,2
ORD-91902,Lina Setiawan,,,JAKARTA,Minyak Goreng Bimoli 2L,Makanan & Minuman,3,36900,5,105165,2024-11-14,ShopeePay,Dikirim,5
ORD-86796,Lusi Utami,lusiutami@yahoo.com,08605948917,Jakarta,Dompet Kulit Pria,Fashion,1,186500,10,167850,2024-10-07,COD,Selesai,1
ORD-98027,Nadia Rahayu,nadia_rahayu@outlook.com,+628697178606,Surabaya,AC Split 1 PK Daikin,Peralatan Rumah,4,4263000,25,12789000,30/11/2024,Gopay,Selesai,3
ORD-39170,Farah Santoso,farahsantoso@yahoo.com,08623589751,Yogyakarta,Vacuum Cleaner Dyson,Peralatan Rumah,1,3838700,25,2879025,2024-08-31,cod,Selesai,5
ORD-82982,Umar Handoko,umar_handoko@outlook.com,628113321873,Malang,Earbuds TWS JBL,Elektronik,5,888900,15,3777825,2025-03-25,Kartu Kredit,Selesai,4
ORD-67599,Gilang Putra,gilang_putra@outlook.com,+628474816534,Depok,Snack Chitato 68gr,Makanan & Minuman,10,364900,15,3101650,2025-01-11,DANA,Diproses,
ORD-26091,Dewi Hidayat,dewihidayat@yahoo.com,628597402509,Banjarmasin,Kamera Canon EOS M50,Elektronik,1,8744400,0,8744400,2024-08-14,Indomaret,Dibatalkan,4
ORD-93722,Dewi Lestari,dewi.lestari@gmail.com,08612156393,Malang,Parfum Pria Davidoff,Kecantikan,3,623000,0,1869000,2024-05-26,Transfer Bank,Selesai,5
ORD-75105,Nita Ardiansyah,nita_ardiansyah@outlook.com,628758938746,Balikpapan,Laptop Lenovo IdeaPad,Elektronik,1,415490400,0,415490400,2024-11-21,OVO,Selesai,2
ORD-30959,Kartika Lestari,kartika5@gmail.com,08386398941,Balikpapan,Teh Botol Sosro 330ml,Makanan & Minuman,-1,5100,10,-4590,2025-03-03,GoPay,Dibatalkan,3
ORD-37486,Prita Purnama,prita55@gmail.com,+628675348512,Depok,Komik Naruto Vol 1,Buku,1,35100,5,33345,28/08/2024,DANA,Dibatalkan,
ORD8409,Candra Setiawan,candra58@gmail.com,08656308382,Denpasar,Teh Botol Sosro 330ml,Makanan & Minuman,3,5700,50,8550,2024-07-08,Transfer Bank,Dibatalkan,3
ORD-27607,Gilang Purnama,gilangpurnama@yahoo.com,8964946066,Medan,Buku Python untuk Pemula,Buku,5,85700,15,364225,2025-01-24,COD,Selesai,1
ORD9109,Sari Sari,sari.sari@gmail.com,+628597721705,Pekanbaru,Sunscreen SPF50 Biore,Kecantikan,3,67500,5,192375,2024-06-27,Transfer Bank,Diproses,3
ORD-69574,Joko Nugraha,joko_nugraha@outlook.com,8184317700,Bandung ,Tablet iPad Air,Elektronik,3,9098700,50,13648050,2024-09-23,OVO,success,5
ORD-16576,Hani Nugraha,haninugraha@yahoo.com,+628472696860,Manado,Dress Wanita Batik,Fashion,1,209500,25,157125,2024-08-07,Transfer Bank,Selesai,5
ORD-86916,Indra Rahayu,indra_rahayu@outlook.com,628289745141,Depok,Kopi Kapal Api 1kg,Makanan & Minuman,1,76300,25,57225,2024-09-22,GoPay,Selesai,3
ORD-75317,BELLA PRASETYO,bella_prasetyo@outlook.com,628682677407,Semarang,Sofa L-Shape,Furniture,1,5147400,0,5147400,2025-03-18,Kartu Kredit,Selesai,1
ORD-20398,Mario Sari,mariosari@yahoo.com,8587327855,Jakarta,Laptop ASUS VivoBook,Elektronik,1,7786900,5,7397555,2025-02-20,COD,Selesai,1
ORD-20768,Muhammad Sari,muhammad_sari@outlook.com,628808738745,Bandung,Novel Laskar Pelangi,Buku,4,79000,0,376500,2024-07-21,Alfamart,Selesai,3
ORD-70903,Ahmad Nugraha,ahmad_nugraha@outlook.com,628156437011,Depok,Blender Philips,Peralatan Rumah,2,282200,5,536180,2024-12-31,GoPay,Dikirim,4
ORD-75553,Budi Setiawan,budisetiawan@yahoo.com,,Banjarmasin,Novel Laskar Pelangi,Buku,1,74200,10,66780,2025-02-19,GoPay,Selesai,3
ORD-32304,Xena Hidayat,xena97@gmail.com,08153067274,Balikpapan,Kopi Kapal Api 1kg,Makanan & Minuman,1,75300,20,60240,2024-12-27,Transfer Bank,Dibatalkan,
ORD-24220,Mario Rahayu,mariorahayu@yahoo.com,628767381684,Denpasar,Rice Cooker Philips,Peralatan Rumah,1,341800,5,324710,2024-08-06,Transfer Bank,Selesai,5
ORD-21664,Nita Lestari,nita83@gmail.com,08125088109,Denpasar,Setrika Uap Panasonic,Peralatan Rumah,4,453100,0,1812400,2025-03-10,Kartu Kredit,retur,4
ORD-66644,Hani Hartono,hani.hartono@gmail.com,08365480460,Surabaya,Susu UHT Ultra 1L,Makanan & Minuman,1,18400,20,14720,2024-07-29,,Selesai,5
ORD-20102,Umar Nugraha,umar.nugraha@gmail.com,628927524435,Jakarta,Meja Belajar Minimalis,Furniture,4,898400,0,3593600,2024-07-10,Transfer Bank,Selesai,
ORD-33969,Farah Rahayu,farah26@gmail.com,628837022335,Jogja,Susu UHT Ultra 1L,Makanan & Minuman,20,19400,10,349200,2024-12-02,COD,selesai,5
ORD-48997,Oji Setiawan,oji54@gmail.com,+628576228407,,Rak Buku Minimalis,Furniture,2,415000,0,830000,2025-03-15,Kartu Kredit,Selesai,2
ORD-41657,Hani Hartono,hani.hartono@gmail.com,08365480460,Surabaya,Jaket Bomber Pria,Fashion,1,379400,5,360430,2024-09-12,COD,Selesai,4
ORD-44898,Nita Utami,nita_utami@outlook.com,+628478612081,Solo,Headphone Sony WH-1000XM5,Elektronik,1,3413600,20,2730880,2024-06-14,GoPay,Selesai,3
ORD-89124,Bella Prasetyo,bella_prasetyo@outlook.com,628682677407,Semarang,Tablet iPad Air,Elektronik,2,8681900,20,13891040,2024-07-03,DANA,Dikirim,1
ORD-81963,Prita Gunawan,prita.gunawan@gmail.com,8133395441,Jakarta,Tas Ransel Laptop,Fashion,1,309300,20,247440,2024-08-03,ShopeePay,Sukses,4
ORD-68463,Vina Lestari,vinalestari@yahoo.com,08472637507,Tangerang,Dress Wanita Batik,Fashion,-1,185300,10,-166770,2024-09-05,Transfer Bank,Dibatalkan,3
ORD-13645,Yeni Utami,yeniutami@yahoo.com,8272058651,Jakarta,Jaket Bomber Pria,Fashion,1,360800,50,180400,2025-02-14,Gopay,Dikirim,4
ORD-75496,Julia Lestari,julialestari@yahoo.com,8338250013,Surabaya,Buku Machine Learning,Buku,1,141800,0,141800,2024-09-14,GoPay,Selesai,2
ORD-72908,Edy Wibowo,,08931298116,Manado,Kopi Kapal Api 1kg,Makanan & Minuman,2,70600,0,141200,2024-06-18,CASH,Selesai,1
ORD-30031,Edy Sari,edy.sari@gmail.com,08977162857,Batam,Snack Chitato 68gr,Makanan & Minuman,2,12800,156,-14336,2025-04-26,,Dibatalkan,3
ORD-49773,Wahyu Nugraha,wahyu.nugraha@gmail.com,08439212178,Malang,Teh Botol Sosro 330ml,Makanan & Minuman,-1,5600,30,-3919,2024-12-15,Kartu Kredit,BATAL,4
ORD-28710,Ika Lestari,ika69@gmail.com,8698115687,Tangerang,Susu UHT Ultra 1L,Makanan & Minuman,5,19800,20,79200,2024-06-17,COD,Diproses,4
ORD-81676,Sari Hidayat,sarihidayat@yahoo.com,8975428914,Depok,Sunscreen SPF50 Biore,Kecantikan,3,68300,10,184410,2024-08-14,COD,success,5
ORD-45792,Sari Hidayat,sarihidayat@yahoo.com,8975428914,Depok,Kopi Kapal Api 1kg,Makanan & Minuman,1,71800,5,68210,2024-12-21,DANA,Diproses,2
ORD-13644,Edy Kusuma,edy_kusuma@outlook.com,+628526363836,Bogor,Kaos Distro Premium,Fashion,1,78600,0,78600,2024-12-08,ShopeePay,retur,1
ORD-55571,Hendra Santoso,hendrasantoso@yahoo.com,+628355479152,bandung,Serum Vitamin C Somethinc,Kecantikan,2,131800,114,-36903,2025-04-12,ShopeePay,Selesai,2
ORD-73040,Dian Rahayu,dian.rahayu@gmail.com,+628364540415,Banjarmasin,Serum Vitamin C Somethinc,Kecantikan,1,125000,0,125000,2024-05-25,Transfer Bank,Dibatalkan,
ORD-47097,Ahmad Kusuma,ahmad.kusuma@gmail.com,08476055825,Pekanbaru,Dress Wanita Batik,Fashion,3,184600,20,443040,2024-10-02,OVO,Dikirim,3
ORD-48028,Candra Firmansyah,candrafirmansyah@yahoo.com,+628727847048,Batam,Sofa L-Shape,,1,425903500,0,425903500,2025-01-14,ShopeePay,Selesai,2
ORD-90581,Umar Handoko,umar_handoko@outlook.com,628113321873,Malang,Kursi Gaming Ergonomis,Furniture,1,1716100,5,1630295,2024-10-10,Transfer Bank,Selesai,
ORD-76087,Prita Gunawan,prita.gunawan@gmail.com,8133395441,Jakarta,Laptop ASUS VivoBook,Elektronik,20,7571000,5,143849000,2024-11-09,COD,Dibatalkan,4
ORD-81715,Hani Ardiansyah,hani.ardiansyah@gmail.com,628285886733,Tangerang,Kemeja Pria Polos,Fashion,1,111600,20,89280,2025-04-01,GoPay,Selesai,
ORD-97594,Gilang Hidayat,gilang57@gmail.com,+628481749657,Tangerang,Vacuum Cleaner Dyson,Peralatan Rumah,2,3840600,10,6913080,2024-09-27,GoPay,Selesai,2
ORD-45962,Dewi Utami,dewiutami@yahoo.com,628166778321,Solo,AC Split 1 PK Daikin,Peralatan Rumah,2,4159000,0,10197100,2025-03-06,,Selesai,1
ORD-69259,Dian Lestari,dian.lestari@gmail.com,628995450404,Tangerang,Meja Belajar Minimalis,Furniture,1,899200,10,809280,2024-10-04,OVO,Selesai,2
ORD-12083,Ika Prasetyo,ika.prasetyo@gmail.com,628403276065,Banjarmasin,Komik Naruto Vol 1,Buku,3,33600,10,90720,2024-10-13,COD,Selesai,3
ORD-30384,Joko Nugraha,joko_nugraha@outlook.com,8184317700,Semarang,Sepatu Nike Air Max,Fashion,10,1427100,0,14271000,2024-09-22,Transfer Bank,Dibatalkan,3
ORD-38462,DIAN HIDAYAT,dian37@gmail.com,628601919088,Palembang,Rak Buku Minimalis,Furniture,3,440100,30,924209,2024-08-03,Transfer Bank,Dibatalkan,3
ORD-59619,Mario Gunawan,mario.gunawan@gmail.com,8741341153,Pekanbaru,Komik Naruto Vol 1,Buku,2,32800,10,59040,2024-12-04,OVO,Dikembalikan,2
ORD-41439,Fitri Nugraha,fitri.nugraha@gmail.com,08814335942,yogya,Kopi Kapal Api 1kg,Makanan & Minuman,4,69900,10,251640,2024-06-13,GoPay,Selesai,5
ORD-60322,Fitri Nugraha,fitri.nugraha@gmail.com,+628413112652,Tangerang,Susu UHT Ultra 1L,Makanan & Minuman,2,17200,15,29240,2024-06-02,Kartu Kredit,Selesai,2
ORD-11173,Lusi Hartono,lusi.hartono@gmail.com,08644394336,Medan!,Laptop ASUS VivoBook,Elektronik,1,7022900,50,3511450,2024-09-27,Transfer Bank,Selesai,5
ORD-90884,Yeni Sari,yeni_sari@outlook.com,8692976045,Jakarta,Komik Naruto Vol 1,Buku,2,34400,30,48160,2024-06-05,OVO,Selesai,-1
ORD-85866,Lina Setiawan,linasetiawan@yahoo.com,+628205955645,Bogor,Buku Resep Masakan,Buku,2,56800,10,102240,2025-01-25,OVO,,5
ORD-15290,Lina Setiawan,linasetiawan@yahoo.com,+628205955645,Bogor,Lipstik MAC,Kecantikan,4,11285400,50,22570800,2024-06-02,OVO,Dikirim,1
ORD-52815,Siti Firmansyah,siti49@gmail.com,628634700025,Solo,Dompet Kulit Pria,Fashion,1,164600,15,139910,2024-07-25,COD,Selesai,4
ORD-87425,Eko Hidayat,eko.hidayat@gmail.com,08671816653,solo,Snack Chitato 68gr,Makanan & Minuman,1,13400,10,12060,2024-11-16,ShopeePay,Selesai,3
ORD-30682,Lina Suryadi,lina.suryadi@gmail.com,8411327658,Malang,Tas Ransel Laptop,Fashion,20,323200,0,6464000,2024-09-27,OVO,Dikirim,3
ORD-26895,Bella Wijaya,bellawijaya@yahoo.com,08565841933,Semarang,Meja Belajar Minimalis,Furniture,1,812100,0,812100,2024-11-28,COD,Selesai,1
ORD-19037,Wahyu Putra,wahyu94@gmail.com,628377831185,Jakarta,Speaker Bluetooth JBL,Elektronik,5,1204100,25,4515375,2025-02-03,Transfer Bank,Selesai,2
ORD-79355,Ahmad Nugraha,ahmad_nugraha@outlook.com,628156437011,Depok,Setrika Uap Panasonic,Peralatan Rumah,1,394700,0,394700,2025-02-20,Transfer Bank,Selesai,4
ORD-50783,Hendra Purnama,hendrapurnama@yahoo.com,8207258766,Batam,Dress Wanita Batik,Fashion,1,187200,20,149760,2024-07-15,Transfer Bank,Selesai,5
ORD-98960,Prita Wibowo,pritawibowo@yahoo.com,8155107776,Manado,Laptop Lenovo IdeaPad,Elektronik,1,6761400,20,5409120,2024-10-11,COD,Dikirim,2
ORD-96625,Tono Gunawan,tono_gunawan@outlook.com,628298491822,Yogyakarta,AC Split 1 PK Daikin,Peralatan Rumah,1,4031500,5,3829925,2024-08-13,Transfer Bank,Diproses,1
ORD-97804,Prita Rahayu,pritarahayu@yahoo.com,8686569576,Malang,Earbuds TWS JBL,Elektronik,2,834200,15,1418140,2024-12-07,COD,Selesai,1
ORD-59241,Muhammad Santoso,muhammad90@gmail.com,8912746679,Semarang,Laptop ASUS VivoBook,Elektronik,2,7845000,15,13336500,2025-05-05,kartu kredit,Dikirim,3
ORD-70480,TONO WIJAYA,tono_wijaya@outlook.com,08844905100,Tangerang,Sepatu Nike Air Max,Fashion,1,1300300,5,1235285,2025-01-24,Transfer Bank,Selesai,2
ORD-83603,Wahyu Nugraha,wahyu.nugraha@gmail.com,08439212178,Malang,Earbuds TWS JBL,Elektronik,2,912500,10,1642500,2025-01-14,COD,Dikirim,5
ORD-11854,Nadia Wijaya,nadia35@gmail.com,628854640933,Bekasi,Blender Philips,Peralatan Rumah,1,262800,5,249660,2024-11-26,GoPay,Sukses,
ORD-60834,Agus Handoko,agus.handoko@gmail.com,08973192032,Depok,Sunscreen SPF50 Biore,Kecantikan,3,66300,5,188955,2025-01-28,,Selesai,5
ORD-11308,Edy Wibowo,edy.wibowo@gmail.com,+628242096280,Semarang,Buku Resep Masakan,Buku,4,51400,50,102800,2024-11-21,COD,Selesai,3
ORD-89689,Candra Prasetyo,candra.prasetyo@gmail.com,8437426403,Denpasar,Laptop ASUS VivoBook,Elektronik,1,7905700,197,-7668529,2025-02-12,GoPay,Dikembalikan,2
ORD-80784,Fitri Nugraha,fitri.nugraha@gmail.com,08814335942,Makassar,Novel Laskar Pelangi,Buku,2,73000,0,146000,2025-04-25,ShopeePay,Dibatalkan,
ORD-95318,Kevin Setiawan,kevin_setiawan@outlook.com,8474664903,Banjarmasin,Sepatu Nike Air Max,Fashion,1,1276200,5,1212390,2025-01-26,ShopeePay,Dikirim,
ORD-42890,Budi Nugraha,budi.nugraha@gmail.com,628605015307,Bogor,Kursi Gaming Ergonomis,Furniture,2,1775400,20,2840640,2024-06-16,GoPay,dibatalkan,5
ORD-76542,Hendra Kusuma,hendrakusuma@yahoo.com,+628192562037,Manado,Headphone Sony WH-1000XM5,Elektronik,2,3403700,0,6807400,2024-07-02,GoPay,Selesai,4
ORD-38177,Dewi Hidayat,dewi.hidayat@gmail.com,8805240244,Semarang,Dompet Kulit Pria,Fashion,4,166300,5,631940,2024-12-15,Transfer Bank,Dibatalkan,1
ORD-55439,Wahyu Nugraha,wahyu.nugraha@gmail.com,08439212178,Malang,Dress Wanita Batik,Fashion,3,197000,30,413700,2024-12-02,Indomaret,Selesai,1
ORD-67454,TONO GUNAWAN,tono_gunawan@outlook.com,628298491822,Bandung ,Jaket Bomber Pria,Fashion,2,405900,30,568260,2025-03-11,GoPay,Dikembalikan,4
ORD-61211,AGUS HANDOKO,agus.handoko@gmail.com,08973192032,Depok,Meja Belajar Minimalis,Furniture,4,848700,5,3225060,2024-12-06,COD,Selesai,
ORD-41599,Gilang Suryadi,,628899569884,yogya,Lipstik MAC,Kecantikan,1,300800,0,300800,2024-12-20,COD,selesai,3
ORD-11703,Gilang Purnama,gilangpurnama@yahoo.com,8964946066,surabaya,Vacuum Cleaner Dyson,Peralatan Rumah,1,3623500,25,2717625,2025-01-29,DANA,Selesai,3
ORD-24314,Umar Hidayat,umar.hidayat@gmail.com,08513883553,Tangerang,Minyak Goreng Bimoli 2L,Makanan & Minuman,3,38300,10,103410,2025-03-14,Transfer Bank,Selesai,5
ORD3740,Gilang Setiawan,gilangsetiawan@yahoo.com,08731621086,Balikpapan,Blender Philips,Peralatan Rumah,2,301800,5,573420,2025-03-11,Kartu Kredit,Dibatalkan,6
ORD-35483,Muhammad Purnama,muhammad_purnama@outlook.com,08919517169,Manado,Kemeja Pria Polos,Fashion,1,123700,15,113300,2024-12-01,CASH,Selesai,
ORD7172,Yeni Purnama,yeni_purnama@outlook.com,628251492516,Balikpapan,Kamera Canon EOS M50,Elektronik,4,9378700,10,33763320,2024-06-19,,Selesai,5
ORD-73199,Edy Wibowo,edy.wibowo@gmail.com,+628242096280,Semarang,Buku Resep Masakan,Buku,1,54800,25,41100,2024-10-11,GoPay,Dikirim,4
ORD-77922,Zaidan Suryadi,zaidan77@gmail.com,628543743303,Surabaya,Blender Philips,Peralatan Rumah,2,286900,0,573800,2024-07-11,COD,Dibatalkan,3
ORD-79737,Fitri Sari,fitri13@gmail.com,628307210606,Bandung,Dress Wanita Batik,Fashion,1,210400,15,178840,2025-02-04,Transfer Bank,Selesai,2
ORD-52077,Sari Hidayat,sari.hidayat@gmail.com,628115102892,JAKARTA,Kursi Gaming Ergonomis,Furniture,10,1864100,5,25850700,2024-08-13,Alfamart,Dibatalkan,4
ORD-73098,Dewi Putra,dewiputra@yahoo.com,8967588425,Semarang,Dress Wanita Batik,Fashion,1,13963500,10,12567150,2025-05-10,GoPay,Dibatalkan,5
ORD-61348,Yeni Gunawan,yeni.gunawan@gmail.com,8373595941,Tangerang,Smartwatch Garmin,Elektronik,1,4369900,20,3495920,2025-02-15,Kartu Kredit,success,2
ORD-50416,Rizki Kusuma,rizki.kusuma@gmail.com,+628493946849,Pekanbaru,Rak Buku Minimalis,Furniture,3,445900,5,1270815,2024-11-23,GoPay,Selesai,2
ORD-32282,Ahmad Kusuma,ahmad_kusuma@outlook.com,8853419132,Bandung,Kopi Kapal Api 1kg,Makanan & Minuman,10,76700,5,728650,2024-05-28,OVO,Selesai,1
ORD-97489,Rizki Kusuma,rizki_kusuma@outlook.com,8317946088,Bogor,Sepatu Nike Air Max,Fashion,1,1296900,0,1296900,2025-05-08,,Selesai,3
ORD-59592,Farah Rahayu,farah26@gmail.com,628837022335,Surabaya,Smartwatch Garmin,Elektronik,2,4187800,5,7956820,2024-06-11,DANA,dibatalkan,4
ORD-27576,Bella Gunawan,bella_gunawan@outlook.com,+628952600296,Surabaya,Susu UHT Ultra 1L,Makanan & Minuman,1,18500,30,12950,2024-06-27,,Dikirim,2
ORD-70824,Xena Prasetyo,xena.prasetyo@gmail.com,+628265205279,Surabaya,Minyak Goreng Bimoli 2L,Makanan & Minuman,2,39000,20,62400,2025-02-20,Indomaret,Diproses,
ORD-82404,Candra Firmansyah,candrafirmansyah@yahoo.com,+628727847048,Batam,Laptop ASUS VivoBook,Elektronik,10,7884800,0,78848000,2025-02-04,Alfamart,Selesai,6
ORD-27808,Farah Suryadi,farah40@gmail.com,08122510773,Jakarta,Buku Resep Masakan,Buku,4,53200,0,212800,2025-01-24,GoPay,Dikembalikan,1
ORD-37588,Dewi Utami,dewi56@gmail.com,8596399642,Solo,Buku Python untuk Pemula,Buku,1,92700,0,92700,2024-07-08,GoPay,Selesai,3
ORD-13634,Farah Rahayu,farah21@gmail.com,+628492969909,Semarang,Serum Vitamin C Somethinc,Kecantikan,1,122200,0,122200,2024-07-13,GoPay,Selesai,
ORD-53195,Vina Firmansyah,vina45@gmail.com,8224598010,Yogyakarta,Tas Ransel Laptop,Fashion,10,325100,0,3251000,2024-10-16,DANA,Selesai,5
ORD-91939,Bella Wijaya,bellawijaya@yahoo.com,08565841933,bandung,Tablet iPad Air,Elektronik,2,9056000,10,16300800,2024-12-26,COD,Selesai,
ORD-54342,Umar Nugraha,umarnugraha@yahoo.com,+628499646701,Bekasi,Sunscreen SPF50 Biore,Kecantikan,1,62200,15,52870,2024-07-28,Kartu Kredit,Selesai,5
ORD-49921,Dewi Lestari,dewi.lestari@gmail.com,08612156393,Malang,Snack Chitato 68gr,Makanan & Minuman,2,13200,10,23760,2024-12-19,Transfer Bank,Diproses,4
ORD3892,Muhammad Suryadi,muhammad60@gmail.com,8188867190,Bekasi,Novel Laskar Pelangi,Buku,4,70200,20,224640,2024-10-27,OVO,Selesai,5
ORD-87095,Tono Utami,tonoutami@yahoo.com,8988987516,Batam,Blender Philips,Peralatan Rumah,1,268700,20,214960,2024-12-20,Kartu Kredit,Selesai,1
ORD-94061,Agus Wijaya,aguswijaya@yahoo.com,08384776753,Pekanbaru,Buku Machine Learning,Buku,2,155600,10,280080,2024-11-14,OVO,Selesai,3
ORD-74625,Gilang Purnama,gilang84@gmail.com,628919249789,Solo,Buku Python untuk Pemula,Buku,1,92000,0,92000,2025-01-02,Transfer Bank,Dibatalkan,1
ORD-75968,Gilang Suryadi,gilangsuryadi@yahoo.com,628899569884,Batam,AC Split 1 PK Daikin,Peralatan Rumah,1,4484900,10,4036410,2024-11-27,Kartu Kredit,Selesai,3
ORD-97424,Umar Nugraha,umarnugraha@yahoo.com,+628499646701,Bekasi,Handphone Xiaomi Redmi Note 12,Elektronik,20,2952100,0,59042000,2024-12-26,GoPay,Selesai,
ORD-59416,Indra Setiawan,indra_setiawan@outlook.com,8142818692,JAKARTA,Snack Chitato 68gr,Makanan & Minuman,1,12300,50,6150,2025-01-04,ShopeePay,Selesai,4
ORD-48549,Fitri Ardiansyah,fitri77@gmail.com,08691688246,Batam,Blender Philips,Peralatan Rumah,4,278300,5,1057540,2024-09-23,GoPay,retur,4
ORD-95638,Bella Prasetyo,bella_prasetyo@outlook.com,628682677407,Semarang,Teh Botol Sosro 330ml,Makanan & Minuman,3,5900,15,15045,2024-09-18,ShopeePay,Selesai,
ORD-47550,Muhammad Lestari,muhammad.lestari@gmail.com,8969033176,bandung,Kemeja Pria Polos,Fashion,3,122400,10,330480,2024-08-13,GoPay,Selesai,
ORD-39304,Hani Ardiansyah,haniardiansyah@yahoo.com,628107638609,Batam,Kopi Kapal Api 1kg,Makanan & Minuman,1,75700,5,37200,2024-11-14,cod,Dikirim,3
ORD-81586,Prita Rahayu,pritarahayu@yahoo.com,8686569576,Malang,Buku Python untuk Pemula,Buku,1,87500,0,87500,2025-04-25,GoPay,Diproses,3
ORD-32630,Kartika Lestari,kartika5@gmail.com,08386398941,Balikpapan,Kursi Gaming Ergonomis,Furniture,20,28714300,0,574286000,2024-07-04,ShopeePay,Selesai,2
ORD8357,XENA SANTOSO,xena54@gmail.com,628298306261,Manado,Teh Botol Sosro 330ml,Makanan & Minuman,2,5200,10,9360,2025-03-23,ShopeePay,Diproses,1
ORD-78314,Budi Hidayat,budi_hidayat@outlook.com,628653653446,Balikpapan,Laptop ASUS VivoBook,Elektronik,20,7295600,128,-40855360,2024-06-01,Transfer Bank,Selesai,
ORD-87504,Edy Hidayat,edyhidayat@yahoo.com,08106727022,Bandung ,Headphone Sony WH-1000XM5,Elektronik,2,3274400,25,4911600,2024-10-15,Alfamart,Diproses,
ORD4383,Fitri Hidayat,fitri.hidayat@gmail.com,8234449052,Bandung,Novel Laskar Pelangi,Buku,2,79800,5,151620,2024-09-22,ShopeePay,Selesai,1
ORD-21570,Nadia Hartono,nadia_hartono@outlook.com,628616507321,Malang,Rice Cooker Philips,Peralatan Rumah,1,338300,5,321385,2025-03-04,Transfer Bank,Diproses,
ORD-34425,Yeni Kusuma,yeni.kusuma@gmail.com,+628856882609,Palembang,Rak Buku Minimalis,Furniture,1,472700,10,425430,2025-05-07,GoPay,Selesai,3
ORD-32542,Joko Sari,joko_sari@outlook.com,8279548432,Bandung,Celana Jeans Levis,Fashion,2,426800,30,597520,2024-09-19,COD,Selesai,5
ORD-14288,Hendra Sari,hendra.sari@gmail.com,628922060605,Solo,Kamera Canon EOS M50,Elektronik,2,761079700,0,1522159400,2024-05-29,GoPay,Selesai,3
ORD-41238,Gilang Purnama,gilang84@gmail.com,628919249789,Solo,Setrika Uap Panasonic,Peralatan Rumah,2,456700,5,867730,2025-01-15,OVO,Dikirim,1
ORD-94202,Vina Lestari,vinalestari@yahoo.com,08472637507,Tangerang,Lemari Pakaian 3 Pintu,Furniture,10,2250800,0,22508000,2025-03-31,COD,Diproses,3
ORD-34471,Rizki Hidayat,rizki_hidayat@outlook.com,08973030966,Balikpapan,Setrika Uap Panasonic,Peralatan Rumah,1,458700,10,412830,2025-01-25,GoPay,cancel,5
ORD6281,Candra Lestari,candralestari@yahoo.com,+628302740017,Manado,Novel Laskar Pelangi,Buku,1,71100,0,71100,2024-12-14,GoPay,Dikirim,4
ORD-64298,Kartika Nugraha,kartika9@gmail.com,8368048838,Denpasar,Dompet Kulit Pria,Fashion,3,182800,50,274200,2024-12-30,Indomaret,Dikirim,4
ORD-48280,Dewi Hidayat,dewi.hidayat@gmail.com,8805240244,Semarang,Buku Machine Learning,Buku,2,135400,20,216640,2025-04-15,DANA,Selesai,1
ORD-15602,Oji Santoso,oji39@gmail.com,08942694160,Bekasi,Minyak Goreng Bimoli 2L,Makanan & Minuman,1,2128500,30,1489950,2024-08-21,ShopeePay,Dikirim,5
ORD-55263,Dian Rahayu,dian.rahayu@gmail.com,+628364540415,Banjarmasin,Kursi Gaming Ergonomis,Furniture,4,1674400,15,5692960,2024-12-27,ShopeePay,Selesai,2
ORD-49263,Muhammad Firmansyah,muhammadfirmansyah@yahoo.com,628724888118,Tangerang,Skincare Wardah Basic Kit,Kecantikan,5,197200,153,-522580,2025-04-23,OVO,Selesai,5
ORD-25690,Xena Prasetyo,xena.prasetyo@gmail.com,+628265205279,Surabaya,Sunscreen SPF50 Biore,Kecantikan,20,66600,0,1332000,2025-03-09,Transfer Bank,Selesai,3
ORD-39359,Yeni Suryadi,yeni.suryadi@gmail.com,+628663778404,Semarang,Tas Ransel Laptop,Fashion,3,342900,0,1028700,2025-05-12,OVO,Dikirim,4
ORD-89318,Candra Prasetyo,candra39@gmail.com,8691966769,Solo,Laptop Lenovo IdeaPad,Elektronik,1,6323100,0,6323100,2024-06-28,Transfer Bank,Dibatalkan,1
ORD-35612,Fitri Wibowo,fitri.wibowo@gmail.com,8137421134,Makassar,Buku Resep Masakan,Buku,2,54300,0,108600,2025-02-22,GoPay,Selesai,1
ORD-52684,Gilang Lestari,gilang68@gmail.com,8666262886,Semarang,Skincare Wardah Basic Kit,Kecantikan,2,170500,15,289850,2024-12-06,Transfer Bank,Selesai,5
ORD-32646,Candra Setiawan,candra58@gmail.com,08656308382,,Blender Philips,Peralatan Rumah,3,291300,5,830205,2025-05-09,Kartu Kredit,Selesai,
ORD-33243,Agus Setiawan,agus_setiawan@outlook.com,+628115216804,,Speaker Bluetooth JBL,Elektronik,2,1208300,15,2054110,2025-03-22,COD,Selesai,4
ORD-26109,Nita Firmansyah,nita.firmansyah@gmail.com,8776005578,Jakarta,Lipstik MAC,Kecantikan,1,296900,20,237520,2025-05-01,cc,retur,4
ORD-81834,Sari Kusuma,sarikusuma@yahoo.com,08167649508,Surabaya,Dompet Kulit Pria,Fashion,10,171900,20,1375200,2024-12-15,Transfer Bank,Dibatalkan,4
ORD-37097,Nita Firmansyah,nita.firmansyah@gmail.com,8776005578,Jakarta,Meja Belajar Minimalis,Furniture,1,788800,5,749360,2024-07-25,Transfer Bank,Dibatalkan,3
ORD-51560,Wahyu Santoso,wahyusantoso@yahoo.com,8655170429,Malang,Jam Tangan Casio,Fashion,1,648400,10,583560,2025-02-12,COD,Dikirim,1
ORD-61157,Joko Nugraha,joko54@gmail.com,+628886049101,Solo,Kaos Distro Premium,Fashion,2,82800,5,157320,2025-02-03,GoPay,Dibatalkan,5
ORD-38959,Xena Wibowo,xena.wibowo@gmail.com,8801615675,Bandung,Laptop Lenovo IdeaPad,Elektronik,1,7254900,15,6166665,2025-02-25,Transfer Bank,Selesai,4
ORD-17251,Nadia Setiawan,nadia72@gmail.com,+628638446596,Bekasi,Celana Jeans Levis,Fashion,10,477100,25,3578250,2025-03-08,DANA,Dikirim,-1
ORD-72402,Oji Setiawan,oji54@gmail.com,+628576228407,Manado,Novel Laskar Pelangi,Buku,2,80200,15,136340,12-16-2024,ShopeePay,Selesai,0
ORD-89927,ZAIDAN HARTONO,zaidan67@gmail.com,+628382074176,Surabaya,Jaket Bomber Pria,Fashion,1,392800,5,373160,18-09-2024,ShopeePay,Selesai,5
ORD-21869,Edy Hidayat,,08106727022,Makassar,Handphone Samsung Galaxy A54,Elektronik,1,4524100,15,3845485,2024-05-21,,Dikirim,3
ORD9929,Dewi Firmansyah,dewi_firmansyah@outlook.com,+628515909595,Solo,Smartwatch Garmin,Elektronik,2,3980300,20,6368480,2025-02-10,COD,Diproses,
ORD-25277,Dewi Kusuma,dewi35@gmail.com,08948113787,Malang,Parfum Pria Davidoff,Kecantikan,1,553600,0,553600,2025-02-08,GoPay,Selesai,4
ORD-52879,ZAIDAN WIBOWO,zaidan.wibowo@gmail.com,08636161977,Denpasar,Susu UHT Ultra 1L,Makanan & Minuman,5,19000,50,47500,2025-05-07,ShopeePay,Dikirim,
ORD-57158,Muhammad Santoso,muhammad52@gmail.com,08815191831,Tangerang,Dompet Kulit Pria,Fashion,1,6258600,15,5319810,2024-09-22,GoPay,,3
ORD-56700,Yeni Kusuma,yeni_kusuma@outlook.com,08463646552,Medan!,Kopi Kapal Api 1kg,Makanan & Minuman,2,75600,25,113400,2025-04-18,OVO,Selesai,5
ORD-28363,Candra Firmansyah,candrafirmansyah@yahoo.com,,Batam,Smartwatch Garmin,Elektronik,1,4089800,20,3271840,2025-04-26,COD,Diproses,2
ORD-81928,Budi Hidayat,budi_hidayat@outlook.com,628653653446,Balikpapan,Buku Python untuk Pemula,Buku,3,94200,0,282600,2025-05-06,Transfer Bank,Selesai,1
ORD-39213,Budi Hidayat,budi_hidayat@outlook.com,628653653446,Balikpapan,Buku Resep Masakan,Buku,1,51600,5,49020,2024-12-03,GoPay,Selesai,4
ORD-75296,Putri Gunawan,putri_gunawan@outlook.com,08276562703,Makassar,Handphone Samsung Galaxy A54,Elektronik,2,4237200,10,7626960,2024-09-09,COD,cancel,1
ORD-23734,Kartika Setiawan,kartika_setiawan@outlook.com,+628106171869,Bandung,Snack Chitato 68gr,Makanan & Minuman,1,12800,5,12160,2024-11-24,ShopeePay,Diproses,4
ORD-35209,Vina Kusuma,vinakusuma@yahoo.com,+628517555386,Jakarta,Kemeja Pria Polos,Fashion,2,116400,15,197880,2024-07-20,COD,Selesai,3
ORD-29980,Nadia Santoso,nadiasantoso@yahoo.com,628824656838,Makassar,Teh Botol Sosro 330ml,Makanan & Minuman,1,5400,0,5400,2024-11-21,,Selesai,3
ORD-36938,Muhammad Rahayu,muhammad.rahayu@gmail.com,8733251501,Bandung ,Parfum Pria Davidoff,Kecantikan,1,620500,0,620500,2024-12-15,GoPay,Selesai,5
ORD-48564,Agus Prasetyo,agus.prasetyo@gmail.com,628733775016,Tangerang,Buku Resep Masakan,Buku,1,56000,10,50400,2024-12-12,COD,BATAL,4
ORD-37052,Gilang Putra,gilang_putra@outlook.com,+628474816534,Depok,Jam Tangan Casio,Fashion,3,602300,0,1806900,2025-04-25,ShopeePay,Selesai,6
ORD-90557,Oji Wijaya,oji_wijaya@outlook.com,+628933493647,Batam,Lemari Pakaian 3 Pintu,Furniture,5,2121200,10,9545400,2024-09-30,Kartu Kredit,Selesai,-1
ORD-95592,Edy Handoko,edy.handoko@gmail.com,08679453010,Jakarta,Buku Python untuk Pemula,Buku,10,91000,0,910000,2024-08-02,Kartu Kredit,Selesai,4
ORD-95407,Budi Hidayat,budi_hidayat@outlook.com,628653653446,Balikpapan,Headphone Sony WH-1000XM5,Elektronik,2,3240800,20,5185280,2024-11-27,OVO,Selesai,2
ORD-20847,Umar Suryadi,umar77@gmail.com,628275437118,Jakarta,Laptop ASUS VivoBook,Elektronik,1,7623300,20,6098640,2024-12-09,GoPay,Dikembalikan,3
ORD-70535,Fitri Lestari,fitri35@gmail.com,8541447451,Jakarta,Speaker Bluetooth JBL,Elektronik,1,1218400,15,1035640,2024-09-28,COD,Dikirim,4
ORD-45162,Kartika Lestari,,08386398941,Balikpapan,Buku Machine Learning,Buku,3,137400,5,391590,2025-01-19,GoPay,BATAL,3
ORD-25147,Vina Kusuma,vinakusuma@yahoo.com,+628517555386,Jakarta,Jaket Bomber Pria,Fashion,-1,396200,0,-396200,2024-11-27,OVO,,5
ORD-32826,Oji Hartono,oji.hartono@gmail.com,8943586094,bandung,Tas Ransel Laptop,Fashion,4,301100,0,1204400,2025-02-25,OVO,Selesai,3
ORD-82624,,putri90@gmail.com,628278795419,Batam,Kursi Gaming Ergonomis,Furniture,4,1775000,0,7100000,2025-03-22,GoPay,Selesai,2
ORD6787,IKA LESTARI,ika69@gmail.com,8698115687,Tangerang,Kemeja Pria Polos,Fashion,2,129000,0,258000,2025-01-16,COD,Dikirim,4
ORD-78503,Kartika Santoso,kartika_santoso@outlook.com,+628191910467,Depok,Tablet iPad Air,Elektronik,4,9054300,50,18108600,2024-07-06,Transfer Bank,Selesai,3
ORD-44563,Rizki Hidayat,,08973030966,Balikpapan,Rice Cooker Philips,Peralatan Rumah,10,355400,10,3198600,2024-08-26,Kartu Kredit,Diproses,4
ORD-39052,Oscar Ardiansyah,oscar.ardiansyah@gmail.com,08306218367,Denpasar,Earbuds TWS JBL,Elektronik,1,27195900,5,25836105,2024-06-04,Transfer Bank,Dikirim,4
ORD-65200,Umar Suryadi,umar77@gmail.com,628275437118,Jakarta,Minyak Goreng Bimoli 2L,Makanan & Minuman,4,39300,50,78600,2024-12-08,Transfer Bank,Selesai,4
ORD-17184,Umar Hartono,umarhartono@yahoo.com,8695727345,Balikpapan,Lemari Pakaian 3 Pintu,Furniture,2,2058400,25,3087600,2024-06-22,GoPay,Selesai,3
ORD-37943,Fitri Wibowo,fitri.wibowo@gmail.com,8137421134,Makassar,Jaket Bomber Pria,Fashion,2,388600,0,777200,2025-01-29,OVO,,4
ORD-93099,Farah Suryadi,farah40@gmail.com,08122510773,Jakarta,Sepatu Nike Air Max,Fashion,1,1293400,15,1099390,2025-03-24,Transfer Bank,Diproses,1
ORD-38084,Joko Nugraha,joko_nugraha@outlook.com,8184317700,JAKARTA,Buku Python untuk Pemula,Buku,2,90000,5,171000,2025-04-21,Transfer Bank,Dibatalkan,
ORD-89377,Sari Hidayat,sari26@gmail.com,+628264934808,Yogyakarta,Susu UHT Ultra 1L,Makanan & Minuman,4,17300,15,58820,2024-12-01,GoPay,retur,1
ORD-86358,Indra Rahayu,indra_rahayu@outlook.com,628289745141,Depok,Kemeja Pria Polos,Fashion,1,114400,10,102960,2025-05-17,GoPay,Diproses,1
ORD-36417,Farah Rahayu,farah21@gmail.com,+628492969909,Semarang,Sepatu Adidas Ultraboost,Fashion,3,1423200,0,4269600,2024-12-30,Kartu Kredit,Selesai,
ORD-53254,Julia Gunawan,juliagunawan@yahoo.com,08873321942,Bekasi,Laptop ASUS VivoBook,Elektronik,1,7936200,15,6745770,2025-05-16,GoPay,Selesai,2
ORD-41372,Indra Hartono,indra8@gmail.com,628821968662,Surabaya,Sepatu Nike Air Max,Fashion,1,1383600,5,1314420,2024-09-30,OVO,Diproses,2
ORD-42672,Tono Handoko,tono_handoko@outlook.com,628992647814,Batam,Skincare Wardah Basic Kit,Kecantikan,3,172000,0,516000,20-01-2025,OVO,Selesai,1
ORD-88126,Fitri Ardiansyah,fitri77@gmail.com,08691688246,Batam,Headphone Sony WH-1000XM5,Elektronik,1,3738200,10,3364380,02-20-2025,OVO,Selesai,2
ORD-50447,Joko Firmansyah,joko74@gmail.com,628222626229,Solo,Laptop ASUS VivoBook,Elektronik,1,7285000,10,6556500,2024-10-02,Transfer Bank,Selesai,2
ORD-82526,Candra Firmansyah,candrafirmansyah@yahoo.com,+628727847048,Batam,Jaket Bomber Pria,Fashion,2,377800,5,717820,2024-09-07,ovo,Selesai,
ORD-66459,Rizki Hidayat,rizki_hidayat@outlook.com,08973030966,Balikpapan,Kursi Gaming Ergonomis,Furniture,1,57674300,0,57674300,2025-01-27,gopay,Selesai,5
ORD2358,Kevin Suryadi,kevin60@gmail.com,8675091349,Denpasar,Teh Botol Sosro 330ml,Makanan & Minuman,2,5300,0,10600,2024-10-31,GoPay,Selesai,
ORD-84796,Bella Utami,bella.utami@gmail.com,8965398338,Malang,Lemari Pakaian 3 Pintu,Furniture,10,2191800,0,21918000,2024-05-25,OVO,Diproses,3
ORD-20412,Rizki Kusuma,rizki.kusuma@gmail.com,+628493946849,Pekanbaru,Meja Belajar Minimalis,Furniture,2,817400,50,817400,2025-04-25,GoPay,Selesai,
ORD-13150,Eko Hartono,ekohartono@yahoo.com,08997442089,Solo,Jam Tangan Casio,Fashion,2,688800,110,-137760,2024-10-06,GoPay,selesai,3
ORD-80187,,joko73@gmail.com,+628702224599,Jakarta,Buku Python untuk Pemula,Buku,1,90200,5,85690,2024-08-26,ShopeePay,Dikirim,1
ORD-53240,Kevin Wibowo,kevin.wibowo@gmail.com,08559059269,bandung,Vacuum Cleaner Dyson,Peralatan Rumah,1,4023800,0,4023800,2025-01-22,Alfamart,Dibatalkan,1
ORD-17590,Ika Prasetyo,ika.prasetyo@gmail.com,628403276065,Banjarmasin,Sunscreen SPF50 Biore,Kecantikan,1,62400,5,59280,2024-08-20,COD,Selesai,1
ORD-74633,Xena Hidayat,xena97@gmail.com,08153067274,Balikpapan,Meja Belajar Minimalis,Furniture,4,915200,0,3660800,23/10/2024,OVO,Selesai,2
ORD-83419,Budi Hidayat,budi_hidayat@outlook.com,628653653446,Balikpapan,Rice Cooker Philips,Peralatan Rumah,2,359300,20,574880,2025-02-15,COD,Selesai,4
ORD-62465,Nadia Hartono,nadia_hartono@outlook.com,628616507321,Malang,Celana Jeans Levis,Fashion,4,478400,10,1722240,2025-01-04,OVO,Diproses,4
ORD-87491,Nita Utami,nitautami@yahoo.com,8584739628,Malang,Minyak Goreng Bimoli 2L,Makanan & Minuman,2,36800,25,55200,2024-11-17,DANA,Dibatalkan,1
ORD-91656,Sari Nugraha,sari_nugraha@outlook.com,628842716512,,Sofa L-Shape,Furniture,1,5934200,30,4153939,2024-11-08,ShopeePay,Diproses,3
ORD-38287,Oscar Lestari,oscarlestari@yahoo.com,,Tangerang,Skincare Wardah Basic Kit,Kecantikan,3,174100,5,496185,2025-02-28,Indomaret,Dikembalikan,4
ORD-70907,Hendra Prasetyo,hendra.prasetyo@gmail.com,08857442986,Tangerang,Kopi Kapal Api 1kg,Makanan & Minuman,4,79900,0,319600,2025-01-21,GoPay,Selesai,5
ORD-35302,Edy Santoso,edy_santoso@outlook.com,08341563871,Malang,Snack Chitato 68gr,,2,12400,0,24800,2025-03-29,Transfer Bank,selesai,
ORD-72957,Yeni Prasetyo,yeni.prasetyo@gmail.com,+628548421839,Banjarmasin,Kaos Distro Premium,Fashion,1,88500,0,88500,2024-11-16,OVO,Dikirim,1
ORD-56822,Edy Hidayat,edyhidayat@yahoo.com,08106727022,Makassar,Laptop Lenovo IdeaPad,Elektronik,2,7137000,50,7137000,2024-12-03,ShopeePay,Selesai,2
ORD-30842,Rizki Wijaya,,08564340507,Tangerang,Skincare Wardah Basic Kit,Kecantikan,2,177300,194,-333324,2025-01-04,Transfer Bank,Dikembalikan,3
ORD-95804,Muhammad Sari,muhammad_sari@outlook.com,628808738745,Bandung,Teh Botol Sosro 330ml,Makanan & Minuman,2,5500,15,9350,2025-02-05,GoPay,Dibatalkan,4
ORD-48609,Budi Hidayat,budi_hidayat@outlook.com,628653653446,Balikpapan,Kemeja Pria Polos,Fashion,10,121900,0,1219000,2024-10-29,Transfer Bank,Selesai,1
ORD-69820,Siti Lestari,siti_lestari@outlook.com,8581649691,Tangerang,Parfum Pria Davidoff,Kecantikan,1,619300,5,588335,2024-09-04,CASH,Dikirim,2
ORD-97042,Rizki Gunawan,rizki.gunawan@gmail.com,8627249378,,Vacuum Cleaner Dyson,Peralatan Rumah,4,3714600,0,14858400,2025-05-13,DANA,Selesai,1
ORD-20059,Kartika Prasetyo,kartika_prasetyo@outlook.com,+628286308033,Yogyakarta,Snack Chitato 68gr,Makanan & Minuman,1,125100,5,118845,2024-12-12,Kartu Kredit,Selesai,1
ORD-49692,Lina Purnama,lina18@gmail.com,08415278117,yogya,Tablet iPad Air,Elektronik,10,9306200,30,65143399,2024-08-05,OVO,Dibatalkan,4
ORD-59286,Sari Hartono,sari.hartono@gmail.com,8546018975,Depok,Kemeja Pria Polos,Fashion,1,113800,10,102420,2025-01-31,Transfer Bank,Selesai,2
ORD-58377,Dian Suryadi,dian.suryadi@gmail.com,08149955386,JAKARTA,Kursi Gaming Ergonomis,Furniture,2,1758000,15,2988600,2024-06-12,ShopeePay,Selesai,3
ORD-15718,Joko Nugraha,joko54@gmail.com,+628886049101,Solo,Sunscreen SPF50 Biore,Kecantikan,5,66600,0,333000,2024-06-11,COD,,1
ORD-44691,Hani Nugraha,haninugraha@yahoo.com,+628472696860,,Jaket Bomber Pria,Fashion,2,385800,0,771600,2025-01-10,OVO,Selesai,1
ORD-47217,Lina Setiawan,linasetiawan@yahoo.com,+628205955645,Bogor,Setrika Uap Panasonic,Peralatan Rumah,1,453600,0,453600,2024-08-18,COD,Selesai,2
ORD-70799,Umar Suryadi,umar77@gmail.com,628275437118,Jakarta,Buku Machine Learning,Buku,1,135800,20,108640,2025-04-06,GoPay,Selesai,
ORD-11908,Umar Hartono,umar_hartono@outlook.com,08653244614,Tangerang,Minyak Goreng Bimoli 2L,Makanan & Minuman,2,35200,15,59840,2024-09-20,COD,Selesai,1
ORD-55510,Vina Nugraha,vinanugraha@yahoo.com,628973347627,Depok,Sofa L-Shape,Furniture,3,5813200,20,13951680,2024-08-01,OVO,Dibatalkan,1
ORD-95123,Umar Hartono,umar_hartono@outlook.com,08653244614,Tangerang,Celana Jeans Levis,Fashion,1,459800,150,-229900,2024-10-16,Alfamart,Selesai,1
ORD-79950,Agus Setiawan,,+628115216804,Palembang,Handphone Samsung Galaxy A54,Elektronik,4,4121900,5,15663220,2025-01-14,,Dibatalkan,4
ORD-34651,Dian Wibowo,dianwibowo@yahoo.com,628582622631,Jakarta,Susu UHT Ultra 1L,Makanan & Minuman,1,19400,30,13580,2024-10-19,Kartu Kredit,Selesai,6
ORD-42597,Joko Lestari,joko.lestari@gmail.com,628925620085,Batam,Handphone Xiaomi Redmi Note 12,Elektronik,1,2628400,20,2102720,12-11-2024,Transfer Bank,Dikirim,1
ORD-10424,Lusi Gunawan,lusi82@gmail.com,628383941912,Semarang,Rak Buku Minimalis,Furniture,2,418900,0,837800,2025-05-13,DANA,Selesai,4
ORD-59214,Budi Hidayat,budihidayat@yahoo.com,628653138181,Jakarta,Vacuum Cleaner Dyson,Peralatan Rumah,4,3545200,10,12762720,2024-07-03,COD,Selesai,2
ORD-51303,Dewi Utami,dewi56@gmail.com,8596399642,Solo,Buku Python untuk Pemula,Buku,3,92700,50,139050,2024-09-16,Indomaret,Selesai,2
ORD-39100,Eko Kusuma,eko50@gmail.com,8999767135,Medan,Buku Machine Learning,Buku,1,142400,15,61600,2024-10-25,DANA,Dibatalkan,4
ORD-65918,DIAN FIRMANSYAH,dian.firmansyah@gmail.com,08606205543,Balikpapan,Serum Vitamin C Somethinc,Kecantikan,2,122700,30,171780,2024-06-11,Transfer Bank,,4
ORD-96001,Yeni Kusuma,yeni.kusuma@gmail.com,+628856882609,Palembang,Snack Chitato 68gr,Makanan & Minuman,1,11800,30,13700,2024-12-10,GoPay,Selesai,2
ORD-98816,Eko Putra,eko.putra@gmail.com,628179382064,Makassar,Minyak Goreng Bimoli 2L,Makanan & Minuman,20,38700,0,774000,2024-09-05,ShopeePay,Dibatalkan,5
ORD-35217,Edy Kusuma,edykusuma@yahoo.com,,Makassar,Teh Botol Sosro 330ml,Makanan & Minuman,1,5500,0,5500,05-07-2025,ShopeePay,Selesai,3
ORD-53834,Yeni Utami,yeniutami@yahoo.com,8272058651,Jakarta,Parfum Pria Davidoff,Kecantikan,1,57632200,5,54750590,2024-09-17,GoPay,Selesai,3
ORD-24576,Xena Kusuma,xena_kusuma@outlook.com,628956632941,Palembang,Handphone Samsung Galaxy A54,Elektronik,2,4100400,0,15299800,2025-02-10,Kartu Kredit,Selesai,4
ORD-51431,Budi Nugraha,budi.nugraha@gmail.com,628605015307,Bogor,Buku Python untuk Pemula,Buku,1,93100,10,83790,2024-12-21,COD,Selesai,5
ORD-90759,Tono Gunawan,tono_gunawan@outlook.com,628298491822,Yogyakarta,Buku Resep Masakan,Buku,1,55200,5,52440,2025-03-04,GoPay,Selesai,1
ORD-63794,,hendra_hartono@outlook.com,+628511941524,Tangerang,Rice Cooker Philips,Peralatan Rumah,1,323800,20,259040,2024-06-07,GoPay,Diproses,0
ORD-42586,Dian Utami,dian85@gmail.com,08294185957,solo,Rice Cooker Philips,Peralatan Rumah,2,329300,15,559810,2024-05-22,COD,Selesai,4
ORD-58957,Wahyu Nugraha,wahyu.nugraha@gmail.com,08439212178,Malang,Handphone Xiaomi Redmi Note 12,Elektronik,2,2857000,20,4571200,2025-04-27,Transfer Bank,cancel,4
ORD-66499,Dian Firmansyah,dian_firmansyah@outlook.com,8327211142,Depok,Celana Jeans Levis,Fashion,3,434500,0,1303500,2024-11-27,Kartu Kredit,Diproses,3
ORD1143,Dian Firmansyah,dian_firmansyah@outlook.com,8327211142,Depok,Parfum Pria Davidoff,Kecantikan,1,602100,20,481680,2024-10-07,Transfer Bank,Dikirim,3
ORD-99011,Dewi Lestari,dewi.lestari@gmail.com,08612156393,Malang,Teh Botol Sosro 330ml,Makanan & Minuman,3,5600,20,13440,2024-10-01,ShopeePay,Dibatalkan,5
ORD-19761,Wahyu Suryadi,wahyu.suryadi@gmail.com,08566159230,,Kaos Distro Premium,Fashion,2,86500,10,155700,2024-07-23,GoPay,Selesai,2
ORD-79309,Muhammad Handoko,muhammadhandoko@yahoo.com,8567189302,Banjarmasin,Sofa L-Shape,Furniture,1,5368200,0,5368200,2025-01-14,gopay,Selesai,3
ORD-71942,Fitri Ardiansyah,fitri77@gmail.com,08691688246,Batam,Parfum Pria Davidoff,Kecantikan,3,548800,5,1564080,2025-02-05,COD,Dikembalikan,4
ORD-93684,Yeni Hartono,yenihartono@yahoo.com,+628882421902,Bekasi,Vacuum Cleaner Dyson,Peralatan Rumah,3,3742000,25,8419500,2025-01-06,Indomaret,Selesai,5
ORD-31375,Nita Utami,nitautami@yahoo.com,8584739628,Malang,Celana Jeans Levis,Fashion,4,442000,0,1768000,2025-03-16,COD,Selesai,2
ORD-85666,Sari Setiawan,sari31@gmail.com,08446530194,Medan,Lipstik MAC,Kecantikan,10,337000,5,3201500,2024-06-25,GoPay,Selesai,4
ORD-92634,Dewi Kusuma,dewi82@gmail.com,8308412769,Banjarmasin,Handphone Samsung Galaxy A54,Elektronik,1,3979300,10,3581370,2025-04-28,Kartu Kredit,Diproses,2
ORD-95370,Muhammad Santoso,muhammad90@gmail.com,8912746679,Semarang,Kemeja Pria Polos,Fashion,2,124400,0,248800,2024-10-13,DANA,Selesai,2
ORD-96026,Zaidan Hartono,zaidan67@gmail.com,+628382074176,,Smartwatch Garmin,Elektronik,1,3975700,20,3180560,2025-03-05,COD,Selesai,3
ORD-68557,Oscar Hidayat,oscar23@gmail.com,08881654924,yogya,Minyak Goreng Bimoli 2L,Makanan & Minuman,1,38800,5,36860,2024-11-14,Kartu Kredit,Dibatalkan,1
ORD-91165,Nadia Setiawan,nadia72@gmail.com,+628638446596,Bekasi,Laptop ASUS VivoBook,Elektronik,1,8062400,111,-690000,2025-04-19,GoPay,Selesai,4
ORD-17688,Candra Prasetyo,candra39@gmail.com,8691966769,,Speaker Bluetooth JBL,Elektronik,3,1150300,5,3278355,2025-05-14,Transfer Bank,Selesai,4
ORD-10009,Kartika Hidayat,kartika_hidayat@outlook.com,628852695038,Semarang,Blender Philips,Peralatan Rumah,10,264300,5,2510850,2024-07-16,Transfer Bank,dibatalkan,3
ORD-89794,Joko Suryadi,jokosuryadi@yahoo.com,8483300647,Semarang,Dompet Kulit Pria,Fashion,10,172500,0,1725000,2024-06-24,Transfer Bank,returned,4
ORD-62857,Rizki Wijaya,rizki.wijaya@gmail.com,08564340507,Tangerang,Kaos Distro Premium,Fashion,2,84300,0,168600,2025-03-07,Transfer Bank,Selesai,6
ORD-52929,Hani Firmansyah,hani_firmansyah@outlook.com,08585702656,Batam,Tas Ransel Laptop,Fashion,2,295300,15,502010,2025-04-13,DANA,Dikirim,5
ORD-93713,Hani Ardiansyah,hani.ardiansyah@gmail.com,628285886733,Tangerang,Tablet iPad Air,Elektronik,1,9762300,15,8297955,2025-03-13,Transfer Bank,Selesai,3
ORD-30409,Muhammad Santoso,muhammad90@gmail.com,8912746679,Semarang,Susu UHT Ultra 1L,Makanan & Minuman,3,19900,20,59700,2024-12-24,Transfer Bank,Dibatalkan,1
ORD-89864,FARAH SURYADI,,08122510773,Jakarta,Skincare Wardah Basic Kit,Kecantikan,1,171700,50,85850,05-02-2025,GoPay,Dikembalikan,1
ORD-55553,Prita Rahayu,,8686569576,Malang,Snack Chitato 68gr,Makanan & Minuman,5,12100,10,54450,2024-11-13,Indomaret,Selesai,
ORD-28995,Dewi Setiawan,dewi_setiawan@outlook.com,,Bandung,Handphone Xiaomi Redmi Note 12,Elektronik,4,2814100,10,10130760,2024-11-20,COD,Selesai,
ORD-23061,Dian Firmansyah,dian_firmansyah@outlook.com,8327211142,Depok,Komik Naruto Vol 1,Buku,20,35300,0,706000,2024/11/21,OVO,Selesai,2
ORD-85511,Kartika Kusuma,kartika.kusuma@gmail.com,+628666891952,Bandung,Serum Vitamin C Somethinc,Kecantikan,1,122800,0,122800,2025-02-11,Kartu Kredit,Selesai,
ORD-85568,Tono Rahayu,tono_rahayu@outlook.com,08104043480,Balikpapan,Setrika Uap Panasonic,Peralatan Rumah,2,450600,30,630840,2025-02-12,,Dikirim,1
ORD-68882,Joko Prasetyo,joko85@gmail.com,628878099076,Bogor,Smartwatch Garmin,Elektronik,10,4316100,30,30212699,2025-02-22,ShopeePay,Selesai,5
ORD-86457,Nita Firmansyah,nita.firmansyah@gmail.com,8776005578,Jakarta,Speaker Bluetooth JBL,Elektronik,20,1229700,5,23364300,2024-11-22,,Diproses,3
ORD-63457,Hani Purnama,hani.purnama@gmail.com,+628674599894,Medan,Buku Machine Learning,Buku,1,149300,0,149300,2024-06-11,GoPay,Dikirim,4
ORD-77672,Hani Ardiansyah,haniardiansyah@yahoo.com,628107638609,Bandung ,Serum Vitamin C Somethinc,,1,135100,149,-66199,2025-04-18,ShopeePay,dibatalkan,2
ORD-81883,Candra Utami,candra88@gmail.com,+628706013906,Medan,Laptop Lenovo IdeaPad,Elektronik,5,6827500,0,34137500,2024-09-01,Transfer Bank,BATAL,3
ORD-66561,Muhammad Santoso,muhammad90@gmail.com,8912746679,Semarang,Buku Python untuk Pemula,Buku,10,93000,0,930000,2024-10-22,Kartu Kredit,Selesai,3
ORD-14318,Joko Nugraha,joko54@gmail.com,+628886049101,Solo,AC Split 1 PK Daikin,Peralatan Rumah,10,3975600,0,39756000,2025-04-01,,Selesai,
ORD-51250,Wahyu Putra,wahyu94@gmail.com,628377831185,Jakarta,Meja Belajar Minimalis,Furniture,2,865100,0,1730200,2025-01-07,GoPay,BATAL,1
ORD-93523,,fitri.nugraha@gmail.com,+628413112652,,Dress Wanita Batik,Fashion,1,200100,15,170085,2025-03-21,Transfer Bank,Selesai,
ORD4626,VINA LESTARI,vinalestari@yahoo.com,628593347981,SOLO,Dress Wanita Batik,Fashion,1,200900,152,-104468,2024-12-21,kartu kredit,Selesai,3
ORD-68081,,dian.firmansyah@gmail.com,08606205543,Bandung ,Jam Tangan Casio,Fashion,1,607700,5,577315,2024-06-14,GoPay,,5
ORD-28561,Rizki Santoso,rizki.santoso@gmail.com,08457701385,Bandung,Jam Tangan Casio,Fashion,1,642800,0,878300,2025-04-09,GoPay,Selesai,3
ORD-10287,Xena Santoso,xena54@gmail.com,628298306261,Manado,Buku Python untuk Pemula,Buku,4,6850500,10,24661800,2024-11-11,Alfamart,Selesai,1
ORD-47194,Joko Putra,joko_putra@outlook.com,+628738225192,Balikpapan,Lipstik MAC,Kecantikan,2,339400,10,1119400,2024-09-28,Indomaret,success,2
ORD-71474,Dian Rahayu,dian.rahayu@gmail.com,+628364540415,Banjarmasin,Dompet Kulit Pria,Fashion,1,170400,5,161880,2024-06-14,ovo,Dikirim,4
ORD-14983,Umar Hartono,umar.hartono@gmail.com,628581681729,SOLO,Handphone Xiaomi Redmi Note 12,Elektronik,3,2864900,5,8164965,2024-05-23,ovo,Selesai,2
ORD-85497,Zaidan Wibowo,,+628281272124,Yogyakarta,Snack Chitato 68gr,Makanan & Minuman,20,11600,0,232000,2024-08-12,GoPay,Selesai,1
ORD-56392,Hendra Prasetyo,hendra.prasetyo@gmail.com,08857442986,Tangerang,Sofa L-Shape,Furniture,2,5310700,10,9559260,2024-11-18,Gopay,SELESAI,3
ORD-56700,Agus Handoko,agus.handoko@gmail.com,08973192032,Depok,Speaker Bluetooth JBL,Elektronik,3,1204000,0,3612000,2025-05-04,Transfer Bank,Dibatalkan,5
ORD-34336,Rizki Wijaya,rizki.wijaya@gmail.com,08564340507,Tangerang,Handphone Samsung Galaxy A54,,1,4435300,186,-3814358,2024-06-16,Kartu Kredit,Selesai,5
ORD-30722,TONO UTAMI,tonoutami@yahoo.com,8988987516,Batam,Serum Vitamin C Somethinc,Kecantikan,1,124700,0,124700,2024-07-18,COD,Selesai,3
ORD-59431,Edy Sari,edy_sari@outlook.com,628508159911,Semarang,Dress Wanita Batik,Fashion,1,184600,0,184600,2025-03-08,Transfer Bank,Diproses,3
ORD-85667,Hendra Wijaya,hendra51@gmail.com,+628561064014,Medan,Kopi Kapal Api 1kg,Makanan & Minuman,10,76600,10,689400,2024-05-23,COD,Selesai,4
ORD-55148,Vina Firmansyah,vina45@gmail.com,8224598010,Yogyakarta,Buku Python untuk Pemula,Buku,1,83900,10,75510,2025-01-02,GoPay,Diproses,3
ORD-22807,Julia Lestari,julialestari@yahoo.com,,Surabaya,Rice Cooker Philips,Peralatan Rumah,1,335000,10,301500,2025-02-24,Transfer Bank,Selesai,3
ORD-76618,Kevin Rahayu,kevin_rahayu@outlook.com,628155973336,Bandung ,Kaos Distro Premium,Fashion,2,85800,0,171600,2025-02-23,ShopeePay,Selesai,1
ORD-77675,FARAH UTAMI,farah16@gmail.com,+628907067228,Bekasi,Parfum Pria Davidoff,Kecantikan,2,606600,5,1152540,2024-08-22,Transfer Bank,Selesai,4
ORD-57681,Farah Utami,farah_utami@outlook.com,628738818250,Palembang,Teh Botol Sosro 330ml,Makanan & Minuman,10,5500,5,52250,2024-09-19,COD,Selesai,4
ORD-10498,Lina Purnama,lina18@gmail.com,08415278117,Banjarmasin,Skincare Wardah Basic Kit,Kecantikan,2,186100,10,334980,2024-11-04,OVO,Dikembalikan,2
ORD-65278,Edy Hidayat,edyhidayat@yahoo.com,08106727022,Makassar,Kaos Distro Premium,Fashion,1,78800,0,78800,2025-04-29,DANA,Dikembalikan,1
ORD-83578,Ika Santoso,ika_santoso@outlook.com,08414744854,Surabaya,Kemeja Pria Polos,Fashion,3,111100,10,299970,2024-08-23,GoPay,Selesai,2
ORD-99991,Eko Hidayat,eko.hidayat@gmail.com,08671816653,Semarang,Buku Machine Learning,Buku,1,153300,0,153300,2025-04-14,Kartu Kredit,Dikirim,3
ORD-75007,Tono Handoko,tono_handoko@outlook.com,628992647814,Batam,Kursi Gaming Ergonomis,Furniture,2,1801500,20,2882400,2024-10-16,Kartu Kredit,Selesai,2
ORD-72834,Edy Lestari,edylestari@yahoo.com,628208304686,Yogyakarta,Buku Python untuk Pemula,Buku,1,89700,0,89700,2024-09-03,cc,Dikembalikan,
ORD-38187,Mario Hidayat,mariohidayat@yahoo.com,8244446065,Bandung,Smartwatch Garmin,Elektronik,-1,4175300,10,-3757770,2025-04-04,ShopeePay,returned,2
ORD-78344,Hani Ardiansyah,,,Batam,Laptop ASUS VivoBook,Elektronik,3,7722600,20,18534240,2024-11-08,GoPay,Dikirim,4
ORD-96506,Budi Nugraha,budi.nugraha@gmail.com,628605015307,Bogor,Laptop Lenovo IdeaPad,Elektronik,1,7131300,10,6418170,2024-07-02,COD,Dibatalkan,4
ORD-33679,Dewi Putra,dewiputra@yahoo.com,8967588425,bandung,Kemeja Pria Polos,Fashion,3,126000,10,340200,2025-05-15,Indomaret,Selesai,3
ORD-23801,Lina Utami,lina49@gmail.com,08514165061,Yogyakarta,Sepatu Nike Air Max,Fashion,4,1429200,15,4859280,2025-03-23,COD,Dibatalkan,
ORD0671,Fitri Wibowo,fitri.wibowo@gmail.com,8137421134,Makassar,Buku Python untuk Pemula,Buku,1,88800,30,62159,2024-08-29,Transfer Bank,Selesai,4
ORD-26858,Oscar Sari,oscarsari@yahoo.com,08491229419,Semarang,AC Split 1 PK Daikin,Peralatan Rumah,1,3917500,10,3525750,2025-03-25,cod,Selesai,2
ORD-40873,Vina Firmansyah,vina45@gmail.com,8224598010,Yogyakarta,Parfum Pria Davidoff,Kecantikan,20,573200,25,8598000,2024-12-23,Kartu Kredit,Selesai,5
ORD2257,Ahmad Kusuma,ahmad_kusuma@outlook.com,8853419132,Bandung,Buku Python untuk Pemula,Buku,1,87700,10,78930,2024-06-17,Alfamart,Selesai,2
ORD-89863,DIAN RAHAYU,dian.rahayu@gmail.com,+628364540415,Banjarmasin,Rak Buku Minimalis,Furniture,1,452500,5,429875,2025-04-29,DANA,Selesai,5
ORD-22057,Lina Suryadi,lina.suryadi@gmail.com,8411327658,Malang,Blender Philips,Peralatan Rumah,3,275800,0,827400,2025-03-03,,Selesai,3
ORD-46281,IKA HIDAYAT,ikahidayat@yahoo.com,+628439776935,Jakarta,Rice Cooker Philips,Peralatan Rumah,4,338600,30,948079,2024-07-26,GoPay,,5
ORD-31351,Budi Hidayat,budi_hidayat@outlook.com,628653653446,Balikpapan,Dompet Kulit Pria,Fashion,2,178700,0,357400,2024-09-08,DANA,cancel,3
ORD-22215,Nita Utami,nitautami@yahoo.com,8584739628,Malang,Buku Machine Learning,Buku,1,150600,5,143070,07-08-2024,COD,Selesai,2
ORD-38023,Edy Kusuma,edy_kusuma@outlook.com,+628526363836,Bogor,Serum Vitamin C Somethinc,Kecantikan,2,137000,0,274000,2024-11-25,Kartu Kredit,Dikirim,5
ORD-88904,Mario Wijaya,mario.wijaya@gmail.com,8802023137,Balikpapan,Buku Resep Masakan,Buku,1,51600,0,51600,2024-08-20,ShopeePay,Selesai,1
ORD-69587,Indra Rahayu,indra_rahayu@outlook.com,628289745141,Depok,Handphone Samsung Galaxy A54,Elektronik,1,4175300,5,3966535,2024-07-29,Transfer Bank,Dibatalkan,2
ORD-55715,Hani Prasetyo,hani92@gmail.com,8604616991,Palembang,Sepatu Nike Air Max,Fashion,1,1412800,5,1342160,2024-09-25,DANA,Selesai,2
ORD-75078,Umar Nugraha,umarnugraha@yahoo.com,+628499646701,yogya,Handphone Samsung Galaxy A54,Elektronik,3,4025200,30,8452920,2024-12-04,Kartu Kredit,Diproses,4
ORD-81613,Hani Nugraha,haninugraha@yahoo.com,+628472696860,Manado,Buku Resep Masakan,Buku,1,55700,5,52915,2024-11-16,OVO,Selesai,7
ORD-19330,Putri Prasetyo,putri.prasetyo@gmail.com,08859466346,Manado,Kopi Kapal Api 1kg,Makanan & Minuman,2,76100,20,143200,2024-10-16,GoPay,Dikirim,2
ORD-85991,Kartika Prasetyo,kartika_prasetyo@outlook.com,+628286308033,Yogyakarta,Kursi Gaming Ergonomis,Furniture,1,1911200,20,1528960,2025-01-11,ovo,Diproses,2
ORD-21749,Hani Ardiansyah,hani.ardiansyah@gmail.com,628285886733,Tangerang,Lipstik MAC,Kecantikan,1,327800,0,327800,2024-08-20,Alfamart,Selesai,4
ORD-74056,Umar Handoko,umar_handoko@outlook.com,628113321873,Malang,Rak Buku Minimalis,Furniture,1,423700,30,296590,26/08/2024,Transfer Bank,Dikirim,5
ORD-45100,Fitri Ardiansyah,fitri77@gmail.com,08691688246,Batam,Dompet Kulit Pria,Fashion,1,165200,0,165200,2024-12-01,COD,Selesai,4
ORD-81222,Sari Firmansyah,sarifirmansyah@yahoo.com,08642925626,solo,Sunscreen SPF50 Biore,Kecantikan,4,66700,15,226780,2025-01-08,COD,Selesai,3
ORD-51969,Muhammad Sari,muhammad_sari@outlook.com,628808738745,Bandung,Serum Vitamin C Somethinc,Kecantikan,4,137900,10,496440,2025-04-05,DANA,Selesai,1
ORD-81377,,edy.handoko@gmail.com,08679453010,solo,Speaker Bluetooth JBL,Elektronik,1,1179400,5,1120430,2024-12-28,DANA,Selesai,2
ORD-32974,Oscar Kusuma,oscarkusuma@yahoo.com,08946956059,Surabaya,Lipstik MAC,Kecantikan,10,333700,10,3003300,04-11-2025,Kartu Kredit,Selesai,
ORD-26629,Rizki Hidayat,rizki_hidayat@outlook.com,,Balikpapan,Parfum Pria Davidoff,Kecantikan,5,543400,20,2173600,2024-12-25,Kartu Kredit,Selesai,4
ORD-64943,Muhammad Rahayu,muhammad.rahayu@gmail.com,8733251501,Depok,Buku Resep Masakan,Buku,2,58000,10,104400,2024-10-29,Indomaret,Diproses,2
ORD-97565,Nita Utami,nitautami@yahoo.com,8584739628,Malang,Smartwatch Garmin,Elektronik,5,3945900,10,17756550,2025-04-15,GoPay,Selesai,2
ORD-21988,Ahmad Kusuma,ahmad_kusuma@outlook.com,8853419132,Bandung,Lemari Pakaian 3 Pintu,Furniture,1,2265700,10,2039130,2025-05-04,ShopeePay,Diproses,1
ORD-38959,Agus Wijaya,aguswijaya@yahoo.com,08384776753,JAKARTA,Celana Jeans Levis,Fashion,2,433700,10,780660,2025-01-30,OVO,Dibatalkan,
ORD-48041,Yeni Utami,yeniutami@yahoo.com,8272058651,Jogja,Buku Resep Masakan,Buku,2,56200,193,-104532,2024-08-16,COD,Selesai,
ORD-34542,Candra Prasetyo,candra39@gmail.com,8691966769,Solo,Buku Python untuk Pemula,Buku,2,94900,0,189800,2024-09-26,Alfamart,Dikirim,
ORD-72477,Kartika Setiawan,kartika_setiawan@outlook.com,+628106171869,JAKARTA,Speaker Bluetooth JBL,Elektronik,1,1224800,15,556500,2024-12-31,COD,Selesai,3
ORD-35756,Joko Utami,jokoutami@yahoo.com,+628771567468,Tangerang,Kamera Canon EOS M50,Elektronik,1,9284900,15,7892165,2024-05-27,Kartu Kredit,Selesai,4
ORD-98287,Rizki Gunawan,rizki.gunawan@gmail.com,8627249378,Bandung,Earbuds TWS JBL,Elektronik,2,867600,30,1214640,2025-03-02,ShopeePay,Selesai,
ORD-88849,Dian Wibowo,dianwibowo@yahoo.com,628582622631,,Tas Ransel Laptop,Fashion,1,319400,0,319400,2025-02-19,Transfer Bank,Selesai,4
ORD-64521,Putri Gunawan,putri_gunawan@outlook.com,,Makassar,Laptop ASUS VivoBook,Elektronik,4,8014600,0,32058400,27/02/2025,ShopeePay,Selesai,
ORD-78667,Lina Suryadi,lina.suryadi@gmail.com,8411327658,Malang,Susu UHT Ultra 1L,Makanan & Minuman,-1,17500,0,-17500,2024-12-23,Transfer Bank,Dibatalkan,2
ORD-68371,Fitri Nugraha,fitri.nugraha@gmail.com,08814335942,Makassar,Kamera Canon EOS M50,Elektronik,4,8866600,20,28373120,2024-12-15,OVO,Selesai,5
ORD-16948,Umar Hartono,umar.hartono@gmail.com,628581681729,Semarang,Sepatu Nike Air Max,,2,1319600,30,1847439,2024-10-01,COD,Dikirim,
ORD-86941,Ahmad Putra,ahmad_putra@outlook.com,628809569902,Banjarmasin,Handphone Xiaomi Redmi Note 12,Elektronik,4,3015400,0,12061600,2025-04-06,ShopeePay,Selesai,1
ORD-72024,Candra Setiawan,candra58@gmail.com,08656308382,Denpasar,Jam Tangan Casio,Fashion,2,653700,0,1307400,2025-02-26,GoPay,Dikirim,2
ORD-75239,Ahmad Prasetyo,ahmad_prasetyo@outlook.com,628879648751,Makassar,Meja Belajar Minimalis,Furniture,3,842700,5,2401695,2024-11-27,cc,Selesai,7
ORD-91353,Indra Purnama,indra12@gmail.com,8753355029,Makassar,Handphone Samsung Galaxy A54,Elektronik,1,3867100,0,3867100,2024-07-30,COD,Dikirim,2
ORD8707,Hendra Wibowo,hendra.wibowo@gmail.com,,Malang,Laptop Lenovo IdeaPad,Elektronik,3,7283900,15,18573945,2025-04-13,OVO,Selesai,2
ORD-66717,Dian Suryadi,dian.suryadi@gmail.com,08149955386,Surabaya,Skincare Wardah Basic Kit,Kecantikan,1,181400,0,181400,2024-12-02,GoPay,Selesai,5
ORD5627,Eko Prasetyo,ekoprasetyo@yahoo.com,08748650572,Surabaya,Sepatu Nike Air Max,Fashion,2,1293600,0,2587200,2024-10-14,COD,Dikirim,2
ORD-87403,Gilang Hidayat,gilang57@gmail.com,,Tangerang,Rak Buku Minimalis,Furniture,2,461200,10,830160,2024-09-23,OVO,Dikirim,1
ORD-35385,Xena Gunawan,xenagunawan@yahoo.com,628716271120,Medan!,Novel Laskar Pelangi,Buku,2,75200,0,150400,2025-01-15,OVO,Selesai,5
ORD-70215,Oji Hartono,,8943586094,Bogor,Handphone Xiaomi Redmi Note 12,Elektronik,3,2817800,5,8030730,2025-01-03,ShopeePay,Selesai,4
ORD-49582,Candra Prasetyo,candra39@gmail.com,8691966769,Solo,Vacuum Cleaner Dyson,Peralatan Rumah,2,3753500,10,6756300,2024-06-06,COD,Selesai,3
ORD-58467,Edy Lestari,edylestari@yahoo.com,628208304686,Bandung ,Serum Vitamin C Somethinc,Kecantikan,1,120300,15,102255,2024-07-11,COD,Diproses,2
ORD-10377,Budi Firmansyah,,+628494524102,Makassar,Tas Ransel Laptop,Fashion,2,305000,50,305000,2024-09-03,GoPay,Dikirim,4
ORD-39853,Joko Utami,jokoutami@yahoo.com,+628771567468,Tangerang,Celana Jeans Levis,Fashion,1,462100,15,392785,2024-08-14,OVO,Diproses,2
ORD-15958,Muhammad Utami,muhammad22@gmail.com,8551160783,Semarang,Komik Naruto Vol 1,Buku,3,32300,0,96900,2024-08-28,QRIS,Selesai,2
ORD-82947,Muhammad Handoko,,8567189302,,Jam Tangan Casio,Fashion,2,653100,5,1240890,2024-09-03,DANA,Selesai,4
ORD-51239,Joko Sari,,8279548432,Bandung,Meja Belajar Minimalis,Furniture,2,852200,10,1533960,2025-03-18,DANA,Selesai,2
ORD-71516,Tono Utami,tonoutami@yahoo.com,8988987516,Batam,Kursi Gaming Ergonomis,Furniture,3,1826400,5,5205240,2024-08-06,Transfer Bank,Selesai,1
ORD-87938,Hendra Wijaya,hendra40@gmail.com,+628262512187,Semarang,Teh Botol Sosro 330ml,Makanan & Minuman,1,5200,0,5200,2025-02-22,Transfer Bank,Selesai,2
ORD-34090,Prita Rahayu,,8686569576,Malang,Blender Philips,Peralatan Rumah,1,290500,10,261450,2025-01-07,Indomaret,Selesai,-1
ORD-25988,Dewi Utami,dewiutami@yahoo.com,628166778321,Solo,Headphone Sony WH-1000XM5,Elektronik,3,3494300,10,9434610,2025-04-27,GoPay,Selesai,2
ORD-79478,Umar Hartono,umarhartono@yahoo.com,8695727345,Balikpapan,Sunscreen SPF50 Biore,Kecantikan,3,69600,119,-39671,2024-06-03,Kartu Kredit,Dikembalikan,3
ORD-60838,Dewi Setiawan,dewi_setiawan@outlook.com,628997749095,Bandung,Buku Machine Learning,Buku,5,138500,5,657875,2025-05-10,ShopeePay,Dikembalikan,3
ORD-86350,Vina Lestari,,628593347981,Jakarta,Komik Naruto Vol 1,Buku,1,32300,0,32300,2024-11-12,ShopeePay,Diproses,2
ORD-75923,Vina Sari,vina_sari@outlook.com,8463044708,Bogor,Susu UHT Ultra 1L,Makanan & Minuman,2,19200,0,38400,2024-11-21,OVO,Selesai,1
ORD-92038,Siti Kusuma,sitikusuma@yahoo.com,628709907391,Malang,Rak Buku Minimalis,Furniture,3,439600,0,1318800,2025-04-15,DANA,Diproses,3
ORD-36031,Hendra Wijaya,hendra40@gmail.com,+628262512187,yogya,Jaket Bomber Pria,Fashion,1,358100,0,358100,2024-09-03,COD,Dikirim,
ORD-57861,Yeni Utami,,8272058651,Jakarta,Kaos Distro Premium,Fashion,3,80400,0,241200,2025-01-12,GoPay,Selesai,2
ORD-14805,Ahmad Wijaya,ahmad_wijaya@outlook.com,8835770422,Pekanbaru,Parfum Pria Davidoff,Kecantikan,2,605200,0,1210400,2024-10-24,Gopay,Selesai,1
ORD-14032,Hendra Setiawan,hendra_setiawan@outlook.com,08817133857,,Blender Philips,Peralatan Rumah,1,270600,10,243540,2024-09-02,DANA,Selesai,5
ORD-25206,Eko Hartono,eko_hartono@outlook.com,+628268258130,Bekasi,Rice Cooker Philips,Peralatan Rumah,1,323200,10,290880,2024-11-11,OVO,Dikembalikan,
ORD-44504,Mario Rahayu,mariorahayu@yahoo.com,628767381684,JAKARTA,Meja Belajar Minimalis,Furniture,3,783400,30,1645140,2025-05-12,COD,Sukses,3
ORD-89915,Oji Suryadi,ojisuryadi@yahoo.com,08854794852,Solo,Jaket Bomber Pria,Fashion,-1,399000,30,-279300,2024-09-18,DANA,Selesai,1
ORD-24496,Edy Wibowo,edy16@gmail.com,08931298116,Manado,Kaos Distro Premium,Fashion,5,85200,5,404700,2025-04-03,GoPay,Selesai,
ORD-61604,Lina Ardiansyah,lina_ardiansyah@outlook.com,+628946060836,Bogor,Handphone Samsung Galaxy A54,Elektronik,1,4088600,0,4088600,2024-10-05,ShopeePay,Selesai,5
ORD-39240,Muhammad Sari,muhammad_sari@outlook.com,628808738745,Bandung,Jaket Bomber Pria,Fashion,20,361200,0,7224000,2024-12-27,DANA,Selesai,5
ORD9212,Mario Putra,mario81@gmail.com,8457191986,Pekanbaru,Earbuds TWS JBL,Elektronik,3,29221400,15,74514570,2025-01-19,GoPay,Selesai,2
ORD-66126,,fitri13@gmail.com,628307210606,Bandung,Kopi Kapal Api 1kg,Makanan & Minuman,4,69300,10,249480,2025-04-05,GoPay,Selesai,
ORD-47738,Nita Ardiansyah,nita_ardiansyah@outlook.com,628758938746,Balikpapan,Rice Cooker Philips,Peralatan Rumah,2,9171800,10,16509240,2025-03-13,OVO,Dibatalkan,4
ORD-22265,Sari Firmansyah,sarifirmansyah@yahoo.com,08642925626,,Laptop Lenovo IdeaPad,Elektronik,3,7310300,20,17544720,2024-07-12,GoPay,Dikirim,5
ORD-82773,Oji Suryadi,ojisuryadi@yahoo.com,08854794852,Solo,Rak Buku Minimalis,Furniture,1,475400,5,451630,2025-01-27,OVO,Selesai,
ORD-42647,Muhammad Sari,muhammad_sari@outlook.com,628808738745,Bandung,Sepatu Nike Air Max,Fashion,-1,1297500,160,778500,2025-05-15,DANA,Dibatalkan,4
ORD-62255,Prita Purnama,prita55@gmail.com,+628675348512,Depok,Kemeja Pria Polos,Fashion,5,129300,0,646500,2024-06-08,GoPay,Selesai,3
ORD-42790,Kartika Santoso,kartika_santoso@outlook.com,+628191910467,Depok,Novel Laskar Pelangi,Buku,1,74400,0,74400,2024-10-17,GoPay,Selesai,4
ORD-54492,Umar Hartono,umarhartono@yahoo.com,8695727345,Balikpapan,Rice Cooker Philips,Peralatan Rumah,3,364200,0,1014200,2025-03-19,GoPay,Selesai,1
ORD-10593,Oscar Suryadi,oscarsuryadi@yahoo.com,08457760781,Pekanbaru,Sofa L-Shape,Furniture,1,5892000,5,5597400,2024-07-25,DANA,Selesai,1
ORD-35380,Wahyu Putra,,,Jakarta,Sofa L-Shape,Furniture,1,114302700,5,108587565,2024-12-13,Alfamart,Selesai,2
ORD-79056,Xena Kusuma,xena_kusuma@outlook.com,628956632941,Palembang,Handphone Xiaomi Redmi Note 12,Elektronik,4,2807000,0,11228000,2024-06-25,GoPay,Dikirim,2
ORD-55882,Joko Prasetyo,joko85@gmail.com,628878099076,Bogor,Kamera Canon EOS M50,Elektronik,1,8067800,15,6857630,2024-12-25,Kartu Kredit,Selesai,4
ORD-43187,Muhammad Santoso,muhammad52@gmail.com,08815191831,Tangerang,Earbuds TWS JBL,Elektronik,1,895000,5,850250,2025-05-08,ShopeePay,Selesai,
ORD-44135,Hendra Rahayu,hendra.rahayu@gmail.com,8369742856,solo,Buku Resep Masakan,Buku,1,4142200,0,4142200,2024-08-31,ShopeePay,Dikirim,
ORD-56062,Vina Sari,vina_sari@outlook.com,8463044708,Bogor,Lemari Pakaian 3 Pintu,Furniture,1,2064300,20,1651440,2024-12-20,DANA,Selesai,4
ORD3044,Xena Putra,xenaputra@yahoo.com,08807352484,Pekanbaru,Buku Machine Learning,Buku,2,139100,5,264290,2024-08-20,Kartu Kredit,Selesai,3
ORD-78314,Muhammad Lestari,muhammad.lestari@gmail.com,8969033176,Palembang,Kemeja Pria Polos,Fashion,4,126400,5,480320,2025-02-09,Kartu Kredit,Dikirim,3
ORD-50728,Sari Nugraha,sari99@gmail.com,8715108369,Bekasi,Speaker Bluetooth JBL,Elektronik,1,1222100,15,1038785,2025-02-12,ShopeePay,Dikirim,4
ORD-70994,Farah Putra,farah_putra@outlook.com,+628346294016,Palembang,Skincare Wardah Basic Kit,Kecantikan,1,193300,20,154640,2025-01-25,Indomaret,Selesai,1
ORD-25766,Lusi Hartono,lusi.hartono@gmail.com,08644394336,Malang,Komik Naruto Vol 1,Buku,2,36300,10,65340,2024-06-27,Transfer Bank,Dikembalikan,
ORD-61435,Dewi Setiawan,dewi_setiawan@outlook.com,628997749095,Bandung,Lemari Pakaian 3 Pintu,Furniture,2,2186000,0,4372000,2025-03-21,kartu kredit,Selesai,3
ORD-51246,Eko Kusuma,eko50@gmail.com,8999767135,Medan,Buku Python untuk Pemula,Buku,1,83500,104,-3340,2025-01-16,Alfamart,Diproses,
ORD-52256,Fitri Sari,fitri13@gmail.com,628307210606,Bandung,Teh Botol Sosro 330ml,Makanan & Minuman,10,5900,0,59000,2024-10-20,GoPay,Selesai,5
ORD-79842,Nita Lestari,nita83@gmail.com,08125088109,Denpasar,Handphone Samsung Galaxy A54,Elektronik,5,3909000,5,18567750,2024-12-08,OVO,Diproses,4
ORD-13979,Gilang Suryadi,gilangsuryadi@yahoo.com,628899569884,Batam,Blender Philips,Peralatan Rumah,2,296100,5,399900,2025-03-13,OVO,Diproses,3
ORD-32214,Indra Setiawan,indra_setiawan@outlook.com,8142818692,Malang,Kamera Canon EOS M50,Elektronik,10,9221800,0,92218000,2025-03-16,Alfamart,Dibatalkan,3
ORD-92322,Oscar Kusuma,oscarkusuma@yahoo.com,08946956059,Surabaya,Laptop Lenovo IdeaPad,Elektronik,3,6262700,25,14091075,2025-05-13,Transfer Bank,Selesai,4
ORD-91192,Budi Firmansyah,budi77@gmail.com,+628494524102,Makassar,Earbuds TWS JBL,Elektronik,3,885200,5,2522820,2025-04-21,Kartu Kredit,Selesai,5
ORD-13284,Lina Suryadi,lina27@gmail.com,+628101213899,Bandung,Blender Philips,Peralatan Rumah,1,21859300,15,18580405,2025-04-04,COD,Dikirim,4
ORD-92668,Eko Wijaya,eko.wijaya@gmail.com,+628199626108,Banjarmasin,Setrika Uap Panasonic,Peralatan Rumah,3,441700,10,1192590,2025-05-07,OVO,Selesai,
ORD-37566,IKA PRASETYO,ika.prasetyo@gmail.com,628403276065,Banjarmasin,Susu UHT Ultra 1L,Makanan & Minuman,3,19700,0,59100,2024-11-25,cc,Dikirim,4
ORD-53551,Lina Ardiansyah,lina.ardiansyah@gmail.com,08307528076,Bandung,Handphone Samsung Galaxy A54,Elektronik,2,4039500,0,8079000,2025-04-23,Alfamart,,2
ORD-20819,Bella Putra,bella.putra@gmail.com,628876910964,SOLO,Kopi Kapal Api 1kg,Makanan & Minuman,1,77300,0,77300,2024-08-24,Transfer Bank,Dikirim,1
ORD4525,Candra Utami,candra88@gmail.com,+628706013906,Medan,Kamera Canon EOS M50,Elektronik,2,8953400,25,13430100,2024-08-12,Kartu Kredit,Selesai,3
ORD-18027,Eko Wibowo,eko_wibowo@outlook.com,628497851696,Banjarmasin,Kamera Canon EOS M50,Elektronik,1,8172700,5,7764065,2024-10-24,COD,Dikirim,2
ORD-49134,Edy Lestari,edylestari@yahoo.com,628208304686,Yogyakarta,Laptop ASUS VivoBook,Elektronik,1,6992400,0,6992400,2024-12-01,GoPay,Dikirim,2
ORD-12965,Mario Prasetyo,marioprasetyo@yahoo.com,+628329228157,Surabaya,Celana Jeans Levis,Fashion,3,450900,0,1352700,2025-03-30,,Selesai,2
ORD-26031,Dewi Kusuma,dewi82@gmail.com,8308412769,Banjarmasin,Lemari Pakaian 3 Pintu,Furniture,2,2284900,15,3884330,2024-07-05,OVO,Diproses,3
ORD-94293,Budi Setiawan,budisetiawan@yahoo.com,628233596753,Banjarmasin,Laptop Lenovo IdeaPad,Elektronik,2,7225500,0,14451000,2025-04-16,QRIS,Diproses,
ORD-38662,Indra Setiawan,indra_setiawan@outlook.com,8142818692,Malang,Laptop Lenovo IdeaPad,Elektronik,1,6272500,20,5018000,2025-01-13,,Selesai,2
ORD-83841,Bella Wibowo,bella41@gmail.com,+628194400953,Batam,Novel Laskar Pelangi,Buku,2,77800,5,147820,2024-10-23,OVO,Dikirim,2
ORD-23888,Kevin Setiawan,kevin_setiawan@outlook.com,8474664903,Banjarmasin,Lemari Pakaian 3 Pintu,Furniture,1,2247500,20,1798000,2024-05-24,Transfer Bank,Selesai,2
ORD-66541,Muhammad Utami,muhammad22@gmail.com,8551160783,Semarang,Jam Tangan Casio,Fashion,2,668500,10,1203300,2025-03-12,Transfer Bank,Selesai,1
ORD-49508,Hani Hartono,hani.hartono@gmail.com,08365480460,Surabaya,Jam Tangan Casio,Fashion,3,633200,5,1804620,2024-06-24,GoPay,selesai,1
ORD-73877,Muhammad Handoko,muhammadhandoko@yahoo.com,8567189302,Banjarmasin,Jam Tangan Casio,Fashion,4,695500,5,2642900,2024-12-09,ShopeePay,Selesai,
ORD-67429,Eko Kusuma,eko50@gmail.com,8999767135,Medan,Sepatu Nike Air Max,Fashion,2,1391400,10,2504520,2024-10-29,COD,Diproses,3
ORD-72414,Dewi Setiawan,dewi_setiawan@outlook.com,628997749095,Bandung,Rak Buku Minimalis,Furniture,20,438300,0,8766000,2024-08-05,Alfamart,Selesai,4
ORD-23710,Rizki Kusuma,rizki_kusuma@outlook.com,8317946088,Bogor,Meja Belajar Minimalis,Furniture,1,803200,25,602400,2024-08-07,Transfer Bank,SELESAI,
ORD-99989,Gilang Putra,gilang_putra@outlook.com,+628474816534,Depok,Komik Naruto Vol 1,Buku,2,34500,0,69000,2024-07-19,COD,Dikembalikan,1
ORD-54014,Oscar Ardiansyah,oscar_ardiansyah@outlook.com,628535638619,Depok,Dress Wanita Batik,Fashion,1,191800,15,163030,2025-05-01,OVO,selesai,2
ORD-71967,Edy Hidayat,edyhidayat@yahoo.com,08106727022,Makassar,Kursi Gaming Ergonomis,Furniture,1,1806600,20,1445280,2024-06-05,Transfer Bank,Selesai,2
ORD-62456,Mario Prasetyo,marioprasetyo@yahoo.com,+628329228157,Surabaya,Handphone Samsung Galaxy A54,Elektronik,20,3919100,10,70543800,2024-09-06,ShopeePay,success,
ORD-29391,Fitri Ardiansyah,fitri77@gmail.com,08691688246,Batam,Parfum Pria Davidoff,Kecantikan,1,608000,0,608000,2024-09-25,COD,Dibatalkan,
ORD-71450,Siti Lestari,siti_lestari@outlook.com,8581649691,Tangerang,Sofa L-Shape,Furniture,4,5128100,5,19486780,2024-08-04,Kartu Kredit,Dikirim,1
ORD-14309,Eko Hidayat,eko.hidayat@gmail.com,08671816653,yogya,Kemeja Pria Polos,Fashion,1,115000,5,109250,09-12-2024,Kartu Kredit,Selesai,2
ORD-54143,Dian Rahayu,dian.rahayu@gmail.com,+628364540415,Banjarmasin,AC Split 1 PK Daikin,Peralatan Rumah,1,3984000,30,2788800,2025-03-26,COD,Selesai,4
ORD-78262,Candra Prasetyo,candra.prasetyo@gmail.com,8437426403,Denpasar,Laptop ASUS VivoBook,Elektronik,1,7499600,0,7499600,2024-08-27,COD,,4
ORD-41271,Budi Hidayat,budihidayat@yahoo.com,628653138181,Bandung ,Rak Buku Minimalis,Furniture,2,415000,0,830000,2025-03-02,Kartu Kredit,Selesai,
ORD-99815,Nadia Setiawan,nadia72@gmail.com,+628638446596,Bekasi,Buku Machine Learning,Buku,4,141000,0,564000,2024-09-23,ShopeePay,Selesai,2
ORD-97434,Dewi Putra,dewiputra@yahoo.com,8967588425,Semarang,Sunscreen SPF50 Biore,Kecantikan,2,68300,0,136600,2024-08-18,Alfamart,Selesai,2
ORD-23357,Farah Rahayu,,+628492969909,Semarang,Smartwatch Garmin,Elektronik,1,4029400,10,3626460,2024-07-08,ShopeePay,Dikirim,
ORD-36121,,wahyusantoso@yahoo.com,8655170429,Malang,Kursi Gaming Ergonomis,Furniture,1,1894400,5,1799680,2024-06-22,Transfer Bank,Dibatalkan,
ORD-57834,Yeni Nugraha,yeninugraha@yahoo.com,+628557817881,Solo,Teh Botol Sosro 330ml,Makanan & Minuman,20,5600,30,78400,2024-12-21,GoPay,Dibatalkan,4
ORD-85150,Zaidan Wibowo,zaidan.wibowo@gmail.com,+628281272124,Yogyakarta,Minyak Goreng Bimoli 2L,Makanan & Minuman,5,35000,0,175000,2024-08-07,Transfer Bank,Diproses,1
ORD-35139,Mario Wijaya,mario.wijaya@gmail.com,8802023137,Balikpapan,Buku Machine Learning,Buku,2,134100,5,254790,2024-11-23,ShopeePay,Selesai,3
ORD-98090,Candra Nugraha,candra53@gmail.com,8949025733,Yogyakarta,Headphone Sony WH-1000XM5,Elektronik,10,3559000,5,33810500,2024-11-14,OVO,Dibatalkan,5
ORD-98348,Julia Gunawan,juliagunawan@yahoo.com,+628207418028,SOLO,Novel Laskar Pelangi,Buku,3,79800,0,239400,2025-01-10,OVO,Dikirim,1
ORD-64818,Lina Purnama,lina18@gmail.com,08415278117,Banjarmasin,Setrika Uap Panasonic,Peralatan Rumah,2,398500,5,757150,2024-05-25,COD,Selesai,4
ORD-41370,Edy Kusuma,edy_kusuma@outlook.com,+628526363836,Bogor,Buku Resep Masakan,Buku,2,3953000,50,3953000,2024-06-15,OVO,Selesai,4
ORD-43880,Joko Sari,joko_sari@outlook.com,8279548432,Bandung,Speaker Bluetooth JBL,Elektronik,4,1226500,5,4660700,2024-07-11,COD,Diproses,4
ORD4822,Nadia Santoso,nadiasantoso@yahoo.com,628824656838,Makassar,Handphone Xiaomi Redmi Note 12,Elektronik,2,2852200,0,5704400,2025-02-03,Transfer Bank,Selesai,2
ORD-24165,Umar Nugraha,umar.nugraha@gmail.com,628927524435,Jakarta,Sunscreen SPF50 Biore,Kecantikan,3,63600,0,190800,2024-10-05,ShopeePay,Selesai,
ORD-53625,Zaidan Wibowo,zaidan.wibowo@gmail.com,+628281272124,Yogyakarta,Handphone Xiaomi Redmi Note 12,Elektronik,2,2766400,15,4702880,2024-09-17,Transfer Bank,Selesai,3
ORD-84183,Sari Firmansyah,sarifirmansyah@yahoo.com,08642925626,Jakarta,Jam Tangan Casio,Fashion,1,673100,20,538480,2025-02-25,,Selesai,4
ORD-40338,Dewi Kusuma,dewi82@gmail.com,8308412769,Banjarmasin,Vacuum Cleaner Dyson,Peralatan Rumah,1,3842800,191,-3496947,2024-07-09,COD,Diproses,1
ORD-28239,Budi Hidayat,budihidayat@yahoo.com,628653138181,,Teh Botol Sosro 330ml,Makanan & Minuman,3,143800,20,345120,2025-04-30,GoPay,Selesai,4
ORD-48398,Sari Setiawan,,08446530194,Medan,Sofa L-Shape,Furniture,10,5264100,20,42112800,2024-12-18,Gopay,Selesai,2
ORD-15376,Dian Firmansyah,dian.firmansyah@gmail.com,08606205543,Balikpapan,Dompet Kulit Pria,Fashion,2,187000,25,280500,2025-05-06,Indomaret,Selesai,1
ORD-97888,Dewi Hidayat,dewihidayat@yahoo.com,628597402509,Banjarmasin,Jaket Bomber Pria,Fashion,2,353700,10,636660,2024-06-02,gopay,Dibatalkan,4
ORD-41427,Mario Sari,mariosari@yahoo.com,8587327855,Jakarta,Headphone Sony WH-1000XM5,Elektronik,1,3559200,10,3203280,2025-03-19,ShopeePay,Diproses,5
