order_id,customer_name,email,phone,city,product_name,category,quantity,price,discount_pct,total_price,order_date,payment_method,order_status,rating
ORD-16058,Kevin Setiawan,kevin_setiawan@outlook.com,8474664903.0,Banjarmasin,Snack Chitato 68gr,Makanan & Minuman,10,12300,50,61500.0,2024-01-06,Transfer Bank,Diproses,3.0
ORD-94935,Indra Hartono,indra8@gmail.com,628821968662.0,Surabaya,Komik Naruto Vol 1,Buku,1,32500,10,29250.0,2024-01-06,Dana,Selesai,1.0
ORD-78314,Budi Hidayat,budi_hidayat@outlook.com,628653653446.0,Balikpapan,Laptop ASUS VivoBook,Elektronik,20,7295600,100,0.0,2024-01-06,Transfer Bank,Selesai,3.0
ORD6781,Candra Putra,candra11@gmail.com,8121873851.0,Tangerang,Jam Tangan Casio,Fashion,1,620500,20,496400.0,2024-01-06,Kartu Kredit,Selesai,3.0
ORD-54625,Dian Lestari,dian.lestari@gmail.com,628995450404.0,Tangerang,Susu UHT Ultra 1L,Makanan & Minuman,4,19700,20,63040.0,2024-01-07,OVO,Selesai,3.0
ORD-98230,Farah Wibowo,farah.wibowo@gmail.com,8787011065.0,Makassar,Kursi Gaming Ergonomis,Furniture,1,1889000,0,1889000.0,2024-01-07,Shopeepay,Diproses,3.0
ORD-55510,Vina Nugraha,vinanugraha@yahoo.com,628973347627.0,Depok,Sofa L-Shape,Furniture,3,5813200,20,13951680.0,2024-01-08,OVO,Dibatalkan,1.0
ORD-92772,Mario Sari,mariosari@yahoo.com,8587327855.0,Jakarta,Celana Jeans Levis,Fashion,3,452600,20,1086240.0,2024-01-08,OVO,Selesai,3.0
ORD-81449,Hendra Wibowo,hendra.wibowo@gmail.com,628155156449.0,Malang,Sofa L-Shape,Furniture,2,5802100,25,8703150.0,2024-01-08,GoPay,Dikembalikan,4.0
ORD-60672,Yeni Setiawan,yeni_setiawan@outlook.com,628505055688.0,Semarang,Dompet Kulit Pria,Fashion,3,172200,5,490770.0,2024-01-08,Alfamart,Selesai,2.0
ORD-62799,Julia Gunawan,juliagunawan@yahoo.com,628207418028.0,Batam,Jam Tangan Casio,Fashion,2,701700,5,1333230.0,2024-01-08,Transfer Bank,Selesai,4.0
ORD-81883,Candra Utami,candra88@gmail.com,628706013906.0,Medan,Laptop Lenovo IdeaPad,Elektronik,5,6827500,0,34137500.0,2024-01-09,Transfer Bank,Dibatalkan,3.0
ORD-86050,Wahyu Santoso,wahyusantoso@yahoo.com,8655170429.0,Malang,Earbuds TWS JBL,Elektronik,2,873500,0,1747000.0,2024-01-09,COD,Dikirim,3.0
ORD-95727,Agus Lestari,agus48@gmail.com,628671748547.0,Depok,Handphone Samsung Galaxy A54,Elektronik,2,3940900,10,7093620.0,2024-01-09,COD,Selesai,4.0
ORD-64926,Fitri Sari,fitri13@gmail.com,628307210606.0,Surabaya,Buku Machine Learning,Buku,4,150100,10,540360.0,2024-01-09,COD,Selesai,3.0
ORD-16948,Umar Hartono,umar.hartono@gmail.com,628581681729.0,Semarang,Sepatu Nike Air Max,Unknown,2,1319600,30,1847439.9999999998,2024-01-10,COD,Dikirim,3.0
ORD-38199,Hendra Putra,hendraputra@yahoo.com,8677276684.0,Pekanbaru,Kamera Canon EOS M50,Elektronik,3,8555400,0,25666200.0,2024-01-10,OVO,Diproses,5.0
ORD-99011,Dewi Lestari,dewi.lestari@gmail.com,8612156393.0,Malang,Teh Botol Sosro 330ml,Makanan & Minuman,3,5600,20,13440.0,2024-01-10,Shopeepay,Dibatalkan,5.0
ORD-62614,Hani Ardiansyah,haniardiansyah@yahoo.com,Unknown,Batam,Rak Buku Minimalis,Furniture,2,459800,0,919600.0,2024-01-10,Shopeepay,Selesai,3.0
ORD-98209,Muhammad Hartono,muhammad_hartono@outlook.com,Unknown,Banjarmasin,Sepatu Adidas Ultraboost,Fashion,2,1396500,0,2793000.0,2024-01-11,COD,Diproses,3.0
ORD-51697,Edy Lestari,edylestari@yahoo.com,628208304686.0,Yogyakarta,Kamera Canon EOS M50,Elektronik,3,8705900,10,23505930.0,2024-01-11,Transfer Bank,Dikirim,3.0
ORD-33363,Hendra Sari,hendra.sari@gmail.com,628922060605.0,Solo,Buku Resep Masakan,Buku,10,55600,5,528200.0,2024-01-11,OVO,Dikembalikan,3.0
ORD-74730,Hani Prasetyo,hani92@gmail.com,8604616991.0,Palembang,Kemeja Pria Polos,Fashion,3,122700,0,368100.0,2024-01-11,Indomaret,Selesai,1.0
ORD-77112,Umar Suryadi,umar77@gmail.com,628275437118.0,Jakarta,Kemeja Pria Polos,Fashion,1,122700,20,98160.0,2024-01-11,Dana,Dikirim,3.0
ORD-82427,Yeni Nugraha,yeni_nugraha@outlook.com,8925951043.0,Solo,Buku Python untuk Pemula,Buku,1,82200,10,73980.0,2024-01-11,OVO,Selesai,3.0
ORD-45100,Fitri Ardiansyah,fitri77@gmail.com,8691688246.0,Batam,Dompet Kulit Pria,Fashion,1,165200,0,165200.0,2024-01-12,COD,Selesai,4.0
ORD-49134,Edy Lestari,edylestari@yahoo.com,628208304686.0,Yogyakarta,Laptop ASUS VivoBook,Elektronik,1,6992400,0,6992400.0,2024-01-12,GoPay,Dikirim,2.0
ORD-89377,Sari Hidayat,sari26@gmail.com,628264934808.0,Yogyakarta,Susu UHT Ultra 1L,Makanan & Minuman,4,17300,15,58820.0,2024-01-12,GoPay,Dikembalikan,1.0
ORD-35483,Muhammad Purnama,muhammad_purnama@outlook.com,8919517169.0,Manado,Kemeja Pria Polos,Fashion,1,123700,15,105145.0,2024-01-12,COD,Selesai,3.0
ORD-62187,Gilang Kusuma,gilang.kusuma@gmail.com,8218245685.0,Solo,Blender Philips,Peralatan Rumah,2,289100,0,578200.0,2024-02-06,GoPay,Selesai,2.0
ORD-60322,Fitri Nugraha,fitri.nugraha@gmail.com,628413112652.0,Tangerang,Susu UHT Ultra 1L,Makanan & Minuman,2,17200,15,29240.0,2024-02-06,Kartu Kredit,Selesai,2.0
ORD-93399,Hani Rahayu,hani_rahayu@outlook.com,628705089126.0,Bandung,Susu UHT Ultra 1L,Makanan & Minuman,4,18900,0,75600.0,2024-02-06,COD,Selesai,2.0
ORD-38358,Zaidan Utami,zaidan.utami@gmail.com,8481540736.0,Depok,Jaket Bomber Pria,Fashion,2,405800,5,771020.0,2024-02-06,Alfamart,Dikirim,1.0
ORD-97888,Dewi Hidayat,dewihidayat@yahoo.com,628597402509.0,Banjarmasin,Jaket Bomber Pria,Fashion,2,353700,10,636660.0,2024-02-06,GoPay,Dibatalkan,4.0
ORD-14797,Tono Firmansyah,tono_firmansyah@outlook.com,628671630944.0,Bandung,Rice Cooker Philips,Peralatan Rumah,1,334200,20,267360.0,2024-02-07,GoPay,Selesai,4.0
ORD-96506,Budi Nugraha,budi.nugraha@gmail.com,628605015307.0,Bogor,Laptop Lenovo IdeaPad,Elektronik,1,7131300,10,6418170.0,2024-02-07,COD,Dibatalkan,4.0
ORD-35796,Edy Kusuma,edy_kusuma@outlook.com,Unknown,Bogor,Vacuum Cleaner Dyson,Peralatan Rumah,3,3669600,10,9907920.0,2024-02-07,Kartu Kredit,Selesai,2.0
ORD-85154,Eko Wibowo,eko_wibowo@outlook.com,Unknown,Banjarmasin,Lemari Pakaian 3 Pintu,Furniture,5,2167900,10,9755550.0,2024-02-07,Indomaret,Dikirim,5.0
ORD-76542,Hendra Kusuma,hendrakusuma@yahoo.com,628192562037.0,Manado,Headphone Sony WH-1000XM5,Elektronik,2,3403700,0,6807400.0,2024-02-07,GoPay,Selesai,4.0
ORD-83229,Kevin Rahayu,kevin_rahayu@outlook.com,628155973336.0,Balikpapan,Lipstik MAC,Kecantikan,1,341600,5,324520.0,2024-02-07,GoPay,Selesai,4.0
ORD-10946,Fitri Nugraha,fitri.nugraha@gmail.com,628413112652.0,Tangerang,Vacuum Cleaner Dyson,Peralatan Rumah,5,3874900,15,16468325.0,2024-02-07,Transfer Bank,Dibatalkan,1.0
ORD-63284,Indra Purnama,indra12@gmail.com,8753355029.0,Makassar,Parfum Pria Davidoff,Kecantikan,2,560300,0,1120600.0,2024-02-08,Transfer Bank,Selesai,5.0
ORD-46612,Nadia Setiawan,Unknown,628638446596.0,Bekasi,Kemeja Pria Polos,Fashion,1,120900,10,108810.0,2024-02-08,Shopeepay,Diproses,4.0
ORD-95592,Edy Handoko,edy.handoko@gmail.com,8679453010.0,Jakarta,Buku Python untuk Pemula,Buku,10,91000,0,910000.0,2024-02-08,Kartu Kredit,Selesai,4.0
ORD-25198,Lusi Rahayu,lusi_rahayu@outlook.com,8449396529.0,Batam,Kamera Canon EOS M50,Elektronik,2,8969100,0,17938200.0,2024-02-08,Dana,Selesai,1.0
ORD-59156,Prita Utami,pritautami@yahoo.com,8853586950.0,Denpasar,Minyak Goreng Bimoli 2L,Makanan & Minuman,10,41000,50,205000.0,2024-02-08,Dana,Dibatalkan,2.0
ORD-14032,Hendra Setiawan,hendra_setiawan@outlook.com,8817133857.0,Unknown,Blender Philips,Peralatan Rumah,1,270600,10,243540.0,2024-02-09,Dana,Selesai,5.0
ORD-59828,Wahyu Suryadi,wahyu.suryadi@gmail.com,8566159230.0,Banjarmasin,Serum Vitamin C Somethinc,Kecantikan,1,127700,10,114930.0,2024-02-09,Shopeepay,Dikirim,3.0
ORD-10127,Ahmad Rahayu,ahmadrahayu@yahoo.com,628881088100.0,Banjarmasin,Skincare Wardah Basic Kit,Kecantikan,1,181500,5,172425.0,2024-02-09,Alfamart,Dikirim,2.0
ORD-66744,Farah Santoso,farahsantoso@yahoo.com,8623589751.0,Yogyakarta,Serum Vitamin C Somethinc,Kecantikan,3,136700,0,410100.0,2024-02-10,GoPay,Dikirim,4.0
ORD-50447,Joko Firmansyah,joko74@gmail.com,628222626229.0,Solo,Laptop ASUS VivoBook,Elektronik,1,7285000,10,6556500.0,2024-02-10,Transfer Bank,Selesai,2.0
ORD-47097,Ahmad Kusuma,ahmad.kusuma@gmail.com,8476055825.0,Pekanbaru,Dress Wanita Batik,Fashion,3,184600,20,443040.0,2024-02-10,OVO,Dikirim,3.0
ORD-85742,Umar Hartono,umar.hartono@gmail.com,628581681729.0,Semarang,Lemari Pakaian 3 Pintu,Furniture,3,2184500,15,5570475.0,2024-02-11,GoPay,Diproses,2.0
ORD-41335,Yeni Purnama,yeni_purnama@outlook.com,628251492516.0,Balikpapan,AC Split 1 PK Daikin,Peralatan Rumah,2,4377400,100,0.0,2024-02-11,Shopeepay,Selesai,2.0
ORD-39343,Mario Rahayu,mariorahayu@yahoo.com,628767381684.0,Denpasar,Vacuum Cleaner Dyson,Peralatan Rumah,2,3759400,30,5263160.0,2024-02-11,Transfer Bank,Dikirim,5.0
ORD-23686,Budi Hidayat,budihidayat@yahoo.com,628653138181.0,Jakarta,Serum Vitamin C Somethinc,Kecantikan,1,129300,10,116370.0,2024-02-11,Transfer Bank,Selesai,1.0
ORD-60070,Hani Purnama,hani.purnama@gmail.com,628674599894.0,Medan,Dompet Kulit Pria,Fashion,1,165000,5,156750.0,2024-02-11,Shopeepay,Selesai,1.0
ORD-98537,Eko Wibowo,eko_wibowo@outlook.com,628497851696.0,Unknown,Parfum Pria Davidoff,Kecantikan,1,623000,20,498400.0,2024-02-11,GoPay,Diproses,4.0
ORD-16569,Gilang Hidayat,gilang57@gmail.com,628481749657.0,Tangerang,Rak Buku Minimalis,Furniture,2,483200,0,966400.0,2024-02-11,GoPay,Dikirim,1.0
ORD-68495,Eko Lestari,eko1@gmail.com,8678883823.0,Tangerang,Kemeja Pria Polos,Fashion,1,124900,15,106165.0,2024-02-12,COD,Selesai,3.0
ORD-57542,Gilang Lestari,gilang68@gmail.com,8666262886.0,Semarang,Jam Tangan Casio,Fashion,1,647400,15,550290.0,2024-02-12,COD,Selesai,3.0
ORD-59140,Tono Firmansyah,tono_firmansyah@outlook.com,628671630944.0,Bandung,Susu UHT Ultra 1L,Makanan & Minuman,2,18800,5,35720.0,2024-02-12,Shopeepay,Selesai,1.0
ORD-55439,Wahyu Nugraha,wahyu.nugraha@gmail.com,8439212178.0,Malang,Dress Wanita Batik,Fashion,3,197000,30,413700.0,2024-02-12,Indomaret,Selesai,1.0
ORD-64460,Gilang Putra,gilang_putra@outlook.com,628474816534.0,Depok,Komik Naruto Vol 1,Unknown,1,34800,10,31320.0,2024-02-12,GoPay,Selesai,4.0
ORD-33969,Farah Rahayu,farah26@gmail.com,628837022335.0,Jogja,Susu UHT Ultra 1L,Makanan & Minuman,20,19400,10,349200.0,2024-02-12,COD,Selesai,5.0
ORD-66717,Dian Suryadi,dian.suryadi@gmail.com,8149955386.0,Surabaya,Skincare Wardah Basic Kit,Kecantikan,1,181400,0,181400.0,2024-02-12,GoPay,Selesai,5.0
ORD-64488,Rizki Santoso,rizki.santoso@gmail.com,8457701385.0,Bandung,Skincare Wardah Basic Kit,Kecantikan,1,179000,10,161100.0,2024-03-06,Dana,Dibatalkan,1.0
ORD-96014,Indra Hartono,indra8@gmail.com,628821968662.0,Surabaya,Buku Resep Masakan,Buku,1,58400,5,55480.0,2024-03-06,Dana,Diproses,2.0
ORD-89746,Vina Lestari,vinalestari@yahoo.com,8472637507.0,Tangerang,Jaket Bomber Pria,Unknown,1,390600,10,351540.0,2024-03-06,GoPay,Selesai,1.0
ORD-30574,Gilang Setiawan,gilang.setiawan@gmail.com,628513488628.0,Manado,AC Split 1 PK Daikin,Peralatan Rumah,1,4305000,5,4089750.0,2024-03-06,Transfer Bank,Dikembalikan,3.0
ORD-79478,Umar Hartono,umarhartono@yahoo.com,8695727345.0,Balikpapan,Sunscreen SPF50 Biore,Kecantikan,3,69600,100,0.0,2024-03-06,Kartu Kredit,Dikembalikan,3.0
ORD-20637,Yeni Nugraha,yeni_nugraha@outlook.com,8925951043.0,Solo,Kursi Gaming Ergonomis,Furniture,2,1828700,0,3657400.0,2024-03-07,Transfer Bank,Dikembalikan,4.0
ORD-87735,Gilang Purnama,gilang84@gmail.com,628919249789.0,Medan!,Laptop ASUS VivoBook,Elektronik,4,6959900,10,25055640.0,2024-03-07,Transfer Bank,Selesai,3.0
ORD-59214,Budi Hidayat,budihidayat@yahoo.com,628653138181.0,Jakarta,Vacuum Cleaner Dyson,Peralatan Rumah,4,3545200,10,12762720.0,2024-03-07,COD,Selesai,2.0
ORD-89124,Bella Prasetyo,bella_prasetyo@outlook.com,628682677407.0,Semarang,Tablet iPad Air,Elektronik,2,8681900,20,13891040.0,2024-03-07,Dana,Dikirim,1.0
ORD-58656,Dewi Setiawan,dewi_setiawan@outlook.com,628997749095.0,Bandung,Handphone Samsung Galaxy A54,Elektronik,3,4535400,15,11565270.0,2024-03-07,COD,Selesai,3.0
ORD-56062,Putri Prasetyo,putri.prasetyo@gmail.com,8859466346.0,Manado,Tablet iPad Air,Elektronik,2,9309500,25,13964250.0,2024-03-07,GoPay,Selesai,4.0
ORD-47022,Fitri Wibowo,fitri_wibowo@outlook.com,8498481225.0,Malang,Laptop ASUS VivoBook,Elektronik,1,7257800,10,6532020.0,2024-03-08,GoPay,Selesai,2.0
ORD-38462,Dian Hidayat,dian37@gmail.com,628601919088.0,Palembang,Rak Buku Minimalis,Furniture,3,440100,30,924209.9999999999,2024-03-08,Transfer Bank,Dibatalkan,3.0
ORD-39214,Xena Putra,xenaputra@yahoo.com,8807352484.0,Pekanbaru,Minyak Goreng Bimoli 2L,Makanan & Minuman,5,36200,15,153850.0,2024-03-08,Kartu Kredit,Selesai,3.0
ORD0706,Edy Wibowo,edy.wibowo@gmail.com,628242096280.0,Medan!,Komik Naruto Vol 1,Buku,3,36600,10,98820.0,2024-03-08,Kartu Kredit,Selesai,3.0
ORD-81963,Prita Gunawan,prita.gunawan@gmail.com,8133395441.0,Jakarta,Tas Ransel Laptop,Fashion,1,309300,20,247440.0,2024-03-08,Shopeepay,Selesai,4.0
ORD-14773,Muhammad Suryadi,muhammad60@gmail.com,8188867190.0,Yogya,Blender Philips,Peralatan Rumah,1,274700,15,233495.0,2024-03-08,OVO,Selesai,2.0
ORD-36031,Hendra Wijaya,hendra40@gmail.com,628262512187.0,Yogya,Jaket Bomber Pria,Fashion,1,358100,0,358100.0,2024-03-09,COD,Dikirim,3.0
ORD-10377,Budi Firmansyah,Unknown,628494524102.0,Makassar,Tas Ransel Laptop,Fashion,2,305000,50,305000.0,2024-03-09,GoPay,Dikirim,4.0
ORD-49478,Putri Setiawan,putrisetiawan@yahoo.com,628929230828.0,Makassar,Parfum Pria Davidoff,Kecantikan,4,624200,10,2247120.0,2024-03-09,Transfer Bank,Dikirim,1.0
ORD-72834,Edy Lestari,edylestari@yahoo.com,628208304686.0,Yogyakarta,Buku Python untuk Pemula,Buku,1,89700,0,89700.0,2024-03-09,Kartu Kredit,Dikembalikan,3.0
ORD-82947,Muhammad Handoko,Unknown,8567189302.0,Unknown,Jam Tangan Casio,Fashion,2,653100,5,1240890.0,2024-03-09,Dana,Selesai,4.0
ORD-51186,Siti Kusuma,sitikusuma@yahoo.com,628709907391.0,Bandung,Lipstik MAC,Kecantikan,1,317500,30,222250.0,2024-03-10,Alfamart,Selesai,3.0
ORD-94912,Candra Setiawan,candra58@gmail.com,8656308382.0,Unknown,Dress Wanita Batik,Unknown,1,195300,5,185535.0,2024-03-11,GoPay,Dibatalkan,2.0
ORD-25720,Vina Kusuma,vinakusuma@yahoo.com,628517555386.0,Unknown,Kamera Canon EOS M50,Elektronik,1,9386400,0,9386400.0,2024-03-11,COD,Dikirim,3.0
ORD-37180,Hendra Wijaya,hendra51@gmail.com,628561064014.0,Surabaya,AC Split 1 PK Daikin,Peralatan Rumah,4,4120100,0,16480400.0,2024-03-11,Transfer Bank,Selesai,4.0
ORD-11944,Dewi Utami,dewiutami@yahoo.com,628166778321.0,Solo,Sepatu Adidas Ultraboost,Fashion,1,1477200,30,1034039.9999999999,2024-03-11,Alfamart,Selesai,2.0
ORD-56822,Edy Hidayat,edyhidayat@yahoo.com,8106727022.0,Makassar,Laptop Lenovo IdeaPad,Elektronik,2,7137000,50,7137000.0,2024-03-12,Shopeepay,Selesai,2.0
ORD-46429,Kartika Wijaya,kartika_wijaya@outlook.com,8204633834.0,Manado,Teh Botol Sosro 330ml,Makanan & Minuman,2,5700,5,10830.0,2024-03-12,Indomaret,Selesai,1.0
ORD2040,Eko Hartono,eko77@gmail.com,628988017921.0,Banjarmasin,Sepatu Adidas Ultraboost,Fashion,1,1565100,10,1408590.0,2024-03-12,Shopeepay,Selesai,2.0
ORD-39213,Budi Hidayat,budi_hidayat@outlook.com,628653653446.0,Balikpapan,Buku Resep Masakan,Buku,1,51600,5,49020.0,2024-03-12,GoPay,Selesai,4.0
ORD-87652,Tono Handoko,tono_handoko@outlook.com,628992647814.0,Batam,Snack Chitato 68gr,Makanan & Minuman,2,12900,10,23220.0,2024-03-12,Dana,Selesai,3.0
ORD-44578,Muhammad Hartono,muhammad_hartono@outlook.com,628889123194.0,Banjarmasin,Sepatu Nike Air Max,Fashion,1,1384400,50,692200.0,2024-03-12,Transfer Bank,Selesai,3.0
ORD-96248,Tono Wijaya,tono_wijaya@outlook.com,8844905100.0,Tangerang,Sunscreen SPF50 Biore,Kecantikan,2,60400,5,114760.0,2024-04-06,GoPay,Selesai,5.0
ORD-99284,Gilang Prasetyo,gilang_prasetyo@outlook.com,628412373555.0,Bandung,Serum Vitamin C Somethinc,Kecantikan,3,136600,0,409800.0,2024-04-06,GoPay,Diproses,5.0
ORD-37148,Dian Utami,dian85@gmail.com,8294185957.0,Denpasar,Tablet iPad Air,Elektronik,2,9032000,10,16257600.0,2024-04-07,Shopeepay,Dibatalkan,4.0
ORD-56891,Unknown,yeni.gunawan@gmail.com,8373595941.0,Surabaya,Kemeja Pria Polos,Fashion,1,118700,15,100895.0,2024-04-07,Transfer Bank,Selesai,4.0
ORD-38053,Muhammad Utami,muhammad22@gmail.com,Unknown,Semarang,Kemeja Pria Polos,Fashion,2,116900,0,233800.0,2024-04-08,GoPay,Dikembalikan,1.0
ORD-32742,Hendra Gunawan,hendra.gunawan@gmail.com,628511497036.0,Malang,Parfum Pria Davidoff,Kecantikan,2,542600,0,1085200.0,2024-04-08,OVO,Dikembalikan,3.0
ORD-59255,Bella Ardiansyah,bella_ardiansyah@outlook.com,Unknown,Surabaya,Sepatu Adidas Ultraboost,Fashion,1,1553400,10,1398060.0,2024-04-08,COD,Selesai,4.0
ORD-71450,Siti Lestari,siti_lestari@outlook.com,8581649691.0,Tangerang,Sofa L-Shape,Furniture,4,5128100,5,19486780.0,2024-04-08,Kartu Kredit,Dikirim,1.0
ORD-22004,Unknown,Unknown,Unknown,Tangerang,Snack Chitato 68gr,Makanan & Minuman,2,12400,0,24800.0,2024-04-08,COD,Dikirim,2.0
ORD-68903,Muhammad Sari,muhammad_sari@outlook.com,628808738745.0,Bandung,Sunscreen SPF50 Biore,Kecantikan,2,66200,0,132400.0,2024-04-08,Transfer Bank,Selesai,3.0
ORD-23674,Yeni Purnama,Unknown,628251492516.0,Balikpapan,Skincare Wardah Basic Kit,Kecantikan,2,177700,10,319860.0,2024-04-09,COD,Dikirim,1.0
ORD-69820,Siti Lestari,siti_lestari@outlook.com,8581649691.0,Tangerang,Parfum Pria Davidoff,Kecantikan,1,619300,5,588335.0,2024-04-09,COD,Dikirim,2.0
ORD-75471,Muhammad Utami,muhammad22@gmail.com,8551160783.0,Medan!,Sofa L-Shape,Furniture,1,5866200,10,5279580.0,2024-04-10,Indomaret,Selesai,5.0
ORD6627,Oscar Kusuma,oscarkusuma@yahoo.com,8741523352.0,Unknown,Tas Ransel Laptop,Fashion,2,296500,10,533700.0,2024-04-10,GoPay,Selesai,3.0
ORD-28654,Rizki Hartono,rizkihartono@yahoo.com,628241540516.0,Palembang,Sofa L-Shape,Furniture,1,5107500,15,4341375.0,2024-04-10,Transfer Bank,Selesai,3.0
ORD-33927,Tono Handoko,tono_handoko@outlook.com,628992647814.0,Batam,Lemari Pakaian 3 Pintu,Furniture,1,2314900,30,1620430.0,2024-04-10,Dana,Dibatalkan,1.0
ORD-36475,Lusi Gunawan,lusi63@gmail.com,8595449368.0,Bekasi,Headphone Sony WH-1000XM5,Elektronik,3,3467700,50,5201550.0,2024-04-10,Transfer Bank,Selesai,2.0
ORD-60609,Eko Wibowo,eko_wibowo@outlook.com,628497851696.0,Banjarmasin,Rak Buku Minimalis,Furniture,3,436900,15,1114095.0,2024-04-10,OVO,Selesai,3.0
ORD-69259,Dian Lestari,dian.lestari@gmail.com,628995450404.0,Tangerang,Meja Belajar Minimalis,Furniture,1,899200,10,809280.0,2024-04-10,OVO,Selesai,2.0
ORD-57067,Hani Santoso,hani_santoso@outlook.com,Unknown,Bandung,Earbuds TWS JBL,Elektronik,1,888900,0,888900.0,2024-04-11,Shopeepay,Diproses,5.0
ORD-65132,Zaidan Utami,zaidan.utami@gmail.com,8481540736.0,Depok,Tas Ransel Laptop,Fashion,3,334100,10,902070.0,2024-04-11,OVO,Diproses,2.0
ORD1817,Agus Prasetyo,agus.prasetyo@gmail.com,628733775016.0,Tangerang,Laptop Lenovo IdeaPad,Elektronik,1,6291100,0,6291100.0,2024-04-11,Shopeepay,Selesai,1.0
ORD-84604,Dewi Putra,dewiputra@yahoo.com,8967588425.0,Semarang,Smartwatch Garmin,Elektronik,3,4058300,5,11566155.0,2024-04-11,COD,Dibatalkan,1.0
ORD-48448,Lina Utami,lina49@gmail.com,8514165061.0,Yogyakarta,Buku Resep Masakan,Buku,2,55800,10,100440.0,2024-04-11,Shopeepay,Selesai,5.0
ORD-10498,Lina Purnama,lina18@gmail.com,8415278117.0,Banjarmasin,Skincare Wardah Basic Kit,Kecantikan,2,186100,10,334980.0,2024-04-11,OVO,Dikembalikan,2.0
ORD-80566,Nita Hidayat,nitahidayat@yahoo.com,628653192921.0,Yogyakarta,Buku Python untuk Pemula,Buku,4,95900,10,345240.0,2024-04-11,Shopeepay,Selesai,2.0
ORD-29745,Agus Prasetyo,agusprasetyo@yahoo.com,8964985095.0,Manado,Buku Resep Masakan,Buku,2,54400,20,87040.0,2024-04-12,OVO,Selesai,1.0
ORD-59619,Mario Gunawan,mario.gunawan@gmail.com,8741341153.0,Pekanbaru,Komik Naruto Vol 1,Buku,2,32800,10,59040.0,2024-04-12,OVO,Dikembalikan,2.0
ORD-75078,Umar Nugraha,umarnugraha@yahoo.com,628499646701.0,Yogya,Handphone Samsung Galaxy A54,Elektronik,3,4025200,30,8452920.0,2024-04-12,Kartu Kredit,Diproses,4.0
ORD-97349,Joko Nugraha,joko54@gmail.com,628886049101.0,Jogja,Dress Wanita Batik,Fashion,1,209700,100,0.0,2024-05-06,GoPay,Dikirim,3.0
ORD-12877,Yeni Kusuma,yeni.kusuma@gmail.com,628856882609.0,Jakarta,Meja Belajar Minimalis,Furniture,1,868200,25,651150.0,2024-05-06,COD,Dikembalikan,3.0
ORD-95505,Candra Setiawan,candra.setiawan@gmail.com,628979969688.0,Balikpapan,Kamera Canon EOS M50,Elektronik,1,8271200,20,6616960.0,2024-05-06,Transfer Bank,Selesai,3.0
ORD5138,Tono Utami,tonoutami@yahoo.com,8988987516.0,Batam,Lipstik MAC,Kecantikan,1,310300,10,279270.0,2024-05-06,Shopeepay,Selesai,4.0
ORD-90884,Yeni Sari,yeni_sari@outlook.com,8692976045.0,Jakarta,Komik Naruto Vol 1,Buku,2,34400,30,48160.0,2024-05-06,OVO,Selesai,1.0
ORD-71967,Edy Hidayat,edyhidayat@yahoo.com,8106727022.0,Makassar,Kursi Gaming Ergonomis,Furniture,1,1806600,20,1445280.0,2024-05-06,Transfer Bank,Selesai,2.0
ORD-89681,Edy Handoko,edy.handoko@gmail.com,8679453010.0,Yogya,Jaket Bomber Pria,Fashion,1,397100,10,357390.0,2024-05-07,OVO,Selesai,5.0
ORD-26031,Dewi Kusuma,dewi82@gmail.com,8308412769.0,Banjarmasin,Lemari Pakaian 3 Pintu,Furniture,2,2284900,15,3884330.0,2024-05-07,OVO,Diproses,3.0
ORD-64889,Joko Setiawan,joko73@gmail.com,628702224599.0,Jakarta,Dress Wanita Batik,Fashion,3,188100,10,507870.0,2024-05-07,QRIS,Dikirim,2.0
ORD-30390,Nita Ardiansyah,nita_ardiansyah@outlook.com,628758938746.0,Balikpapan,Earbuds TWS JBL,Elektronik,1,854300,20,683440.0,2024-05-07,Transfer Bank,Selesai,1.0
ORD-62488,Oscar Lestari,oscarlestari@yahoo.com,8308755439.0,Tangerang,Minyak Goreng Bimoli 2L,Makanan & Minuman,1,39000,25,29250.0,2024-05-08,Dana,Selesai,1.0
ORD-49692,Lina Purnama,lina18@gmail.com,8415278117.0,Yogya,Tablet iPad Air,Elektronik,10,9306200,30,65143399.99999999,2024-05-08,OVO,Dibatalkan,4.0
ORD-72414,Dewi Setiawan,dewi_setiawan@outlook.com,628997749095.0,Bandung,Rak Buku Minimalis,Furniture,20,438300,0,8766000.0,2024-05-08,Alfamart,Selesai,4.0
ORD-30898,Indra Purnama,indra12@gmail.com,8753355029.0,Makassar,Lemari Pakaian 3 Pintu,Furniture,1,2048800,0,2048800.0,2024-05-08,Transfer Bank,Selesai,5.0
ORD-76828,Sari Kusuma,sarikusuma@yahoo.com,Unknown,Surabaya,Tas Ransel Laptop,Fashion,1,342700,100,0.0,2024-05-09,COD,Selesai,1.0
ORD-68463,Vina Lestari,vinalestari@yahoo.com,8472637507.0,Tangerang,Dress Wanita Batik,Fashion,1,185300,10,166770.0,2024-05-09,Transfer Bank,Dibatalkan,3.0
ORD-58040,Eko Prasetyo,ekoprasetyo@yahoo.com,8748650572.0,Surabaya,Blender Philips,Peralatan Rumah,2,262200,25,393300.0,2024-05-09,Shopeepay,Selesai,2.0
ORD-98816,Eko Putra,eko.putra@gmail.com,628179382064.0,Makassar,Minyak Goreng Bimoli 2L,Makanan & Minuman,20,38700,0,774000.0,2024-05-09,Shopeepay,Dibatalkan,5.0
ORD-58754,Hendra Hartono,hendra_hartono@outlook.com,628511941524.0,Tangerang,Laptop ASUS VivoBook,Elektronik,2,7760200,0,15520400.0,2024-05-09,Transfer Bank,Dikirim,4.0
ORD-61604,Lina Ardiansyah,lina_ardiansyah@outlook.com,628946060836.0,Bogor,Handphone Samsung Galaxy A54,Elektronik,1,4088600,0,4088600.0,2024-05-10,Shopeepay,Selesai,5.0
ORD-24165,Umar Nugraha,umar.nugraha@gmail.com,628927524435.0,Jakarta,Sunscreen SPF50 Biore,Kecantikan,3,63600,0,190800.0,2024-05-10,Shopeepay,Selesai,3.0
ORD-47850,Nadia Hidayat,nadiahidayat@yahoo.com,628331236293.0,Manado,Headphone Sony WH-1000XM5,Elektronik,1,3770400,0,3770400.0,2024-05-10,Transfer Bank,Selesai,1.0
ORD-21115,Bella Prasetyo,Unknown,628682677407.0,Semarang,Buku Resep Masakan,Buku,5,52200,10,234900.0,2024-05-10,Shopeepay,Diproses,3.0
ORD-17882,Hendra Santoso,hendrasantoso@yahoo.com,628355479152.0,Jakarta,Tas Ransel Laptop,Fashion,2,312900,15,531930.0,2024-05-11,Kartu Kredit,Selesai,4.0
ORD-56486,Lina Purnama,lina18@gmail.com,8415278117.0,Banjarmasin,Teh Botol Sosro 330ml,Makanan & Minuman,1,5500,30,3849.9999999999995,2024-05-11,Dana,Selesai,1.0
ORD-25615,Oji Hartono,oji.hartono@gmail.com,8943586094.0,Bogor,Handphone Samsung Galaxy A54,Elektronik,4,3886100,15,13212740.0,2024-05-12,Transfer Bank,Dikirim,2.0
ORD-91446,Tono Wijaya,tono_wijaya@outlook.com,8844905100.0,Tangerang,Speaker Bluetooth JBL,Elektronik,10,1131700,15,9619450.0,2024-05-12,Kartu Kredit,Selesai,3.0
ORD-38177,Budi Hidayat,budi_hidayat@outlook.com,8582902100.0,Depok,Sepatu Nike Air Max,Fashion,10,1276700,30,8936900.0,2024-05-12,Kartu Kredit,Selesai,3.0
ORD-85727,Farah Utami,farah_utami@outlook.com,628738818250.0,Medan!,Kemeja Pria Polos,Fashion,2,119300,30,167020.0,2024-05-12,Transfer Bank,Selesai,5.0
ORD-72363,Hendra Santoso,hendrasantoso@yahoo.com,628355479152.0,Jakarta,Kamera Canon EOS M50,Elektronik,10,8468300,10,76214700.0,2024-06-06,Transfer Bank,Selesai,4.0
ORD-54146,Prita Wibowo,pritawibowo@yahoo.com,8155107776.0,Manado,Tablet iPad Air,Elektronik,1,9714900,0,9714900.0,2024-06-06,GoPay,Selesai,5.0
ORD-49582,Candra Prasetyo,candra39@gmail.com,8691966769.0,Solo,Vacuum Cleaner Dyson,Peralatan Rumah,2,3753500,10,6756300.0,2024-06-06,COD,Selesai,3.0
ORD-66815,Rizki Kusuma,Unknown,628493946849.0,Pekanbaru,Komik Naruto Vol 1,Buku,1,32800,25,24600.0,2024-06-06,COD,Dikirim,4.0
ORD-86916,Eko Wijaya,eko.wijaya@gmail.com,628199626108.0,Banjarmasin,Jaket Bomber Pria,Fashion,1,390800,100,0.0,2024-06-07,Shopeepay,Selesai,5.0
ORD-62862,Unknown,kartika5@gmail.com,8386398941.0,Balikpapan,Parfum Pria Davidoff,Kecantikan,2,582000,0,1164000.0,2024-06-07,Shopeepay,Diproses,5.0
ORD-78503,Kartika Santoso,kartika_santoso@outlook.com,628191910467.0,Depok,Tablet iPad Air,Elektronik,4,9054300,50,18108600.0,2024-06-07,Transfer Bank,Selesai,3.0
ORD-65847,Julia Gunawan,julia.gunawan@gmail.com,8542639417.0,Semarang,Handphone Samsung Galaxy A54,Elektronik,2,4269400,100,0.0,2024-06-08,COD,Diproses,4.0
ORD-38727,Umar Wijaya,umar31@gmail.com,628912191383.0,Yogyakarta,Rice Cooker Philips,Peralatan Rumah,1,344400,0,344400.0,2024-06-08,Transfer Bank,Selesai,2.0
ORD-92168,Prita Wibowo,pritawibowo@yahoo.com,8155107776.0,Manado,Skincare Wardah Basic Kit,Kecantikan,3,185300,25,416925.0,2024-06-08,COD,Dikembalikan,3.0
ORD-24220,Mario Rahayu,mariorahayu@yahoo.com,628767381684.0,Denpasar,Rice Cooker Philips,Peralatan Rumah,1,341800,5,324710.0,2024-06-08,Transfer Bank,Selesai,5.0
ORD-14257,Hani Hartono,Unknown,628508185805.0,Tangerang,Dompet Kulit Pria,Fashion,10,162100,50,810500.0,2024-06-08,Dana,Dikembalikan,4.0
ORD-71516,Tono Utami,tonoutami@yahoo.com,8988987516.0,Batam,Kursi Gaming Ergonomis,Furniture,3,1826400,5,5205240.0,2024-06-08,Transfer Bank,Selesai,1.0
ORD-75619,Lusi Firmansyah,lusi.firmansyah@gmail.com,628296412833.0,Pekanbaru,Novel Laskar Pelangi,Buku,3,78200,0,234600.0,2024-06-09,Kartu Kredit,Dikirim,3.0
ORD-62456,Mario Prasetyo,marioprasetyo@yahoo.com,628329228157.0,Surabaya,Handphone Samsung Galaxy A54,Elektronik,20,3919100,10,70543800.0,2024-06-09,Shopeepay,Selesai,3.0
ORD0381,Oscar Sari,oscar36@gmail.com,628277924719.0,Banjarmasin,Minyak Goreng Bimoli 2L,Makanan & Minuman,1,39000,5,37050.0,2024-06-10,Alfamart,Selesai,2.0
ORD-42598,Ahmad Wibowo,ahmad_wibowo@outlook.com,628826279418.0,Surabaya,Sunscreen SPF50 Biore,Kecantikan,1,63900,0,63900.0,2024-06-10,Dana,Selesai,1.0
ORD-62685,Bella Prasetyo,bella_prasetyo@outlook.com,628682677407.0,Semarang,Sepatu Adidas Ultraboost,Fashion,2,1591700,10,2865060.0,2024-06-10,Transfer Bank,Selesai,3.0
ORD-13150,Eko Hartono,ekohartono@yahoo.com,8997442089.0,Solo,Jam Tangan Casio,Fashion,2,688800,100,0.0,2024-06-10,GoPay,Selesai,3.0
ORD-36787,Hani Ardiansyah,hani.ardiansyah@gmail.com,628285886733.0,Tangerang,Kemeja Pria Polos,Fashion,1,124300,0,124300.0,2024-06-10,GoPay,Selesai,5.0
ORD-62662,Muhammad Gunawan,muhammad58@gmail.com,8866443037.0,Surabaya,Snack Chitato 68gr,Makanan & Minuman,2,13000,5,24700.0,2024-06-11,OVO,Selesai,2.0
ORD-76492,Mario Rahayu,mariorahayu@yahoo.com,628767381684.0,Denpasar,Jaket Bomber Pria,Fashion,1,363000,0,363000.0,2024-06-11,COD,Dibatalkan,4.0
ORD-48770,Mario Rahayu,mariorahayu@yahoo.com,628767381684.0,Denpasar,Novel Laskar Pelangi,Buku,2,72600,0,145200.0,2024-06-11,GoPay,Selesai,3.0
ORD-52684,Gilang Lestari,gilang68@gmail.com,8666262886.0,Semarang,Skincare Wardah Basic Kit,Kecantikan,2,170500,15,289850.0,2024-06-12,Transfer Bank,Selesai,5.0
ORD-78078,Xena Kusuma,xena_kusuma@outlook.com,628956632941.0,Palembang,Kemeja Pria Polos,Fashion,3,125900,20,302160.0,2024-06-12,GoPay,Diproses,1.0
ORD-12101,Gilang Setiawan,gilangsetiawan@yahoo.com,8731621086.0,Balikpapan,Sunscreen SPF50 Biore,Kecantikan,1,61400,30,42980.0,2024-06-12,OVO,Selesai,2.0
ORD-97301,Indra Kusuma,indra.kusuma@gmail.com,628685966428.0,Jakarta,Smartwatch Garmin,Elektronik,20,3797500,20,60760000.0,2024-06-12,GoPay,Selesai,3.0
ORD-61211,Agus Handoko,agus.handoko@gmail.com,8973192032.0,Depok,Meja Belajar Minimalis,Furniture,4,848700,5,3225060.0,2024-06-12,COD,Selesai,3.0
ORD0919,Candra Prasetyo,candra39@gmail.com,8691966769.0,Solo,Kopi Kapal Api 1kg,Makanan & Minuman,3,77000,0,231000.0,2024-07-06,Kartu Kredit,Selesai,3.0
ORD-63794,Unknown,hendra_hartono@outlook.com,628511941524.0,Tangerang,Rice Cooker Philips,Peralatan Rumah,1,323800,20,259040.0,2024-07-06,GoPay,Diproses,1.0
ORD-73288,Gilang Lestari,gilang68@gmail.com,8666262886.0,Semarang,AC Split 1 PK Daikin,Peralatan Rumah,2,3867200,0,7734400.0,2024-07-07,Shopeepay,Selesai,5.0
ORD-34624,Muhammad Utami,muhammad22@gmail.com,8551160783.0,Semarang,Jaket Bomber Pria,Fashion,1,384300,15,326655.0,2024-07-07,GoPay,Selesai,3.0
ORD-80172,Joko Kusuma,jokokusuma@yahoo.com,628956828829.0,Makassar,Snack Chitato 68gr,Makanan & Minuman,1,12500,25,9375.0,2024-07-07,COD,Diproses,3.0
ORD-90517,Yeni Purnama,yeni_purnama@outlook.com,628251492516.0,Balikpapan,Kamera Canon EOS M50,Elektronik,1,8152200,20,6521760.0,2024-07-07,OVO,Dibatalkan,3.0
ORD-85150,Zaidan Wibowo,zaidan.wibowo@gmail.com,628281272124.0,Yogyakarta,Minyak Goreng Bimoli 2L,Makanan & Minuman,5,35000,0,175000.0,2024-07-08,Transfer Bank,Diproses,1.0
ORD-26165,Julia Gunawan,juliagunawan@yahoo.com,628207418028.0,Batam,Sepatu Adidas Ultraboost,Fashion,4,1589800,5,6041240.0,2024-07-08,Shopeepay,Selesai,4.0
ORD-16576,Hani Nugraha,haninugraha@yahoo.com,628472696860.0,Manado,Dress Wanita Batik,Fashion,1,209500,25,157125.0,2024-07-08,Transfer Bank,Selesai,5.0
ORD-49351,Xena Hidayat,xena97@gmail.com,8153067274.0,Balikpapan,Sofa L-Shape,Furniture,1,5468000,0,5468000.0,2024-07-08,Transfer Bank,Dikirim,4.0
ORD-53425,Wahyu Gunawan,wahyu.gunawan@gmail.com,628651028374.0,Solo,Handphone Xiaomi Redmi Note 12,Elektronik,2,2890300,0,5780600.0,2024-07-08,COD,Selesai,1.0
ORD-23710,Rizki Kusuma,rizki_kusuma@outlook.com,8317946088.0,Bogor,Meja Belajar Minimalis,Furniture,1,803200,25,602400.0,2024-07-08,Transfer Bank,Selesai,3.0
ORD-24801,Hani Ardiansyah,hani.ardiansyah@gmail.com,628285886733.0,Tangerang,Tas Ransel Laptop,Fashion,1,324300,10,291870.0,2024-07-08,Transfer Bank,Selesai,1.0
ORD-80594,Gilang Kusuma,gilang.kusuma@gmail.com,8218245685.0,Solo,Jam Tangan Casio,Fashion,2,650200,5,1235380.0,2024-07-08,Transfer Bank,Selesai,5.0
ORD-82526,Candra Firmansyah,candrafirmansyah@yahoo.com,628727847048.0,Batam,Jaket Bomber Pria,Fashion,2,377800,5,717820.0,2024-07-09,OVO,Selesai,3.0
ORD-84532,Nita Firmansyah,nita.firmansyah@gmail.com,8776005578.0,Medan!,Serum Vitamin C Somethinc,Kecantikan,2,135800,10,244440.0,2024-07-09,Transfer Bank,Selesai,1.0
ORD-21161,Dewi Kusuma,dewi35@gmail.com,8948113787.0,Malang,Buku Machine Learning,Buku,1,145500,15,123675.0,2024-07-10,COD,Dibatalkan,4.0
ORD1143,Dian Firmansyah,dian_firmansyah@outlook.com,8327211142.0,Depok,Parfum Pria Davidoff,Kecantikan,1,602100,20,481680.0,2024-07-10,Transfer Bank,Dikirim,3.0
ORD-69802,Ika Santoso,ika_santoso@outlook.com,8414744854.0,Surabaya,Susu UHT Ultra 1L,Makanan & Minuman,2,17500,0,35000.0,2024-07-10,GoPay,Selesai,1.0
ORD-35618,Julia Lestari,julialestari@yahoo.com,8338250013.0,Surabaya,Sepatu Nike Air Max,Fashion,3,1356900,5,3867165.0,2024-07-10,Shopeepay,Selesai,1.0
ORD-86796,Lusi Utami,lusiutami@yahoo.com,8605948917.0,Jakarta,Dompet Kulit Pria,Fashion,1,186500,10,167850.0,2024-07-10,COD,Selesai,1.0
ORD-27709,Fitri Sari,fitri13@gmail.com,628307210606.0,Bandung,Kaos Distro Premium,Fashion,2,82200,0,164400.0,2024-07-10,COD,Selesai,4.0
ORD-57683,Dewi Hidayat,dewihidayat@yahoo.com,628597402509.0,Banjarmasin,Tablet iPad Air,Elektronik,2,9493400,5,18037460.0,2024-07-11,Transfer Bank,Selesai,4.0
ORD-52918,Hendra Putra,hendraputra@yahoo.com,8677276684.0,Pekanbaru,Buku Python untuk Pemula,Buku,1,92100,100,0.0,2024-07-11,Transfer Bank,Selesai,4.0
ORD-97804,Prita Rahayu,pritarahayu@yahoo.com,8686569576.0,Malang,Earbuds TWS JBL,Elektronik,2,834200,15,1418140.0,2024-07-12,COD,Selesai,1.0
ORD-23055,Farah Rahayu,farah21@gmail.com,628492969909.0,Semarang,Celana Jeans Levis,Fashion,5,450000,0,2250000.0,2024-07-12,Transfer Bank,Selesai,3.0
ORD-16737,Nita Utami,nitautami@yahoo.com,8584739628.0,Malang,Jaket Bomber Pria,Fashion,4,409000,10,1472400.0,2024-07-12,Dana,Dikirim,5.0
ORD-87113,Unknown,Unknown,628716271120.0,Bekasi,Teh Botol Sosro 330ml,Makanan & Minuman,5,5100,0,25500.0,2024-07-12,COD,Selesai,3.0
ORD-43166,Yeni Setiawan,yeni_setiawan@outlook.com,628505055688.0,Semarang,Skincare Wardah Basic Kit,Kecantikan,2,199700,25,299550.0,2024-08-06,OVO,Dikirim,1.0
ORD-62255,Prita Purnama,prita55@gmail.com,628675348512.0,Depok,Kemeja Pria Polos,Fashion,5,129300,0,646500.0,2024-08-06,GoPay,Selesai,3.0
ORD-69971,Hani Handoko,hani_handoko@outlook.com,628874027557.0,Medan,Sofa L-Shape,Furniture,10,5693800,10,51244200.0,2024-08-06,GoPay,Selesai,1.0
ORD-23357,Farah Rahayu,Unknown,628492969909.0,Semarang,Smartwatch Garmin,Elektronik,1,4029400,10,3626460.0,2024-08-07,Shopeepay,Dikirim,3.0
ORD-37588,Dewi Utami,dewi56@gmail.com,8596399642.0,Solo,Buku Python untuk Pemula,Buku,1,92700,0,92700.0,2024-08-07,GoPay,Selesai,3.0
ORD-34684,Ika Santoso,ika_santoso@outlook.com,8414744854.0,Surabaya,Serum Vitamin C Somethinc,Kecantikan,10,121700,5,1156150.0,2024-08-07,GoPay,Selesai,3.0
ORD8409,Candra Setiawan,candra58@gmail.com,8656308382.0,Denpasar,Teh Botol Sosro 330ml,Makanan & Minuman,3,5700,50,8550.0,2024-08-07,Transfer Bank,Dibatalkan,3.0
ORD-42287,Julia Suryadi,julia_suryadi@outlook.com,Unknown,Denpasar,Novel Laskar Pelangi,Buku,5,78400,10,352800.0,2024-08-08,GoPay,Dibatalkan,3.0
ORD-15230,Ahmad Setiawan,ahmad_setiawan@outlook.com,628186784825.0,Jakarta,Rice Cooker Philips,Peralatan Rumah,20,360300,15,6125100.0,2024-08-08,COD,Selesai,2.0
ORD-31351,Budi Hidayat,budi_hidayat@outlook.com,628653653446.0,Balikpapan,Dompet Kulit Pria,Fashion,2,178700,0,357400.0,2024-08-09,Dana,Dibatalkan,3.0
ORD-49234,Hendra Wibowo,hendra.wibowo@gmail.com,628155156449.0,Malang,Kursi Gaming Ergonomis,Furniture,2,1924600,15,3271820.0,2024-08-09,GoPay,Selesai,1.0
ORD-85578,Yeni Gunawan,yeni.gunawan@gmail.com,8373595941.0,Tangerang,Sepatu Nike Air Max,Fashion,20,1270600,15,21600200.0,2024-08-09,GoPay,Dikirim,3.0
ORD-88916,Indra Hartono,indra8@gmail.com,628821968662.0,Surabaya,Laptop ASUS VivoBook,Unknown,1,7247800,30,5073460.0,2024-08-09,OVO,Selesai,2.0
ORD-29585,Unknown,xena.wibowo@gmail.com,8801615675.0,Bandung,Earbuds TWS JBL,Elektronik,2,902100,25,1353150.0,2024-08-10,OVO,Dibatalkan,5.0
ORD-19443,Joko Kusuma,joko_kusuma@outlook.com,628873574265.0,Malang,Rice Cooker Philips,Peralatan Rumah,10,322200,10,2899800.0,2024-08-10,GoPay,Dikembalikan,4.0
ORD-21526,Gilang Purnama,gilang84@gmail.com,628919249789.0,Unknown,Celana Jeans Levis,Fashion,1,453400,20,362720.0,2024-08-11,Dana,Dibatalkan,3.0
ORD3406,Mario Hidayat,Unknown,Unknown,Bandung,Rak Buku Minimalis,Furniture,4,482200,0,1928800.0,2024-08-11,Shopeepay,Selesai,2.0
ORD-78344,Hani Ardiansyah,Unknown,Unknown,Batam,Laptop ASUS VivoBook,Elektronik,3,7722600,20,18534240.0,2024-08-11,GoPay,Dikirim,4.0
ORD-91656,Sari Nugraha,sari_nugraha@outlook.com,628842716512.0,Unknown,Sofa L-Shape,Furniture,1,5934200,30,4153939.9999999995,2024-08-11,Shopeepay,Diproses,3.0
ORD-13644,Edy Kusuma,edy_kusuma@outlook.com,628526363836.0,Bogor,Kaos Distro Premium,Fashion,1,78600,0,78600.0,2024-08-12,Shopeepay,Dikembalikan,1.0
ORD-58458,Yeni Purnama,yeni_purnama@outlook.com,628251492516.0,Balikpapan,Sunscreen SPF50 Biore,Unknown,1,69000,0,69000.0,2024-08-12,Transfer Bank,Selesai,2.0
ORD-42216,Kartika Lestari,kartika5@gmail.com,8386398941.0,Balikpapan,Susu UHT Ultra 1L,Makanan & Minuman,20,18800,0,376000.0,2024-08-12,Shopeepay,Selesai,5.0
ORD-79842,Nita Lestari,nita83@gmail.com,8125088109.0,Denpasar,Handphone Samsung Galaxy A54,Elektronik,5,3909000,5,18567750.0,2024-08-12,OVO,Diproses,4.0
ORD-80073,Tono Utami,tono_utami@outlook.com,Unknown,Yogya,Vacuum Cleaner Dyson,Peralatan Rumah,2,3499600,30,4899440.0,2024-08-12,Transfer Bank,Selesai,4.0
ORD-89391,Oscar Sari,oscarsari@yahoo.com,Unknown,Semarang,Vacuum Cleaner Dyson,Peralatan Rumah,3,3901700,10,10534590.0,2024-08-12,Transfer Bank,Selesai,3.0
ORD-65200,Umar Suryadi,umar77@gmail.com,628275437118.0,Jakarta,Minyak Goreng Bimoli 2L,Makanan & Minuman,4,39300,50,78600.0,2024-08-12,Transfer Bank,Selesai,4.0
ORD-12850,Umar Wijaya,umar31@gmail.com,Unknown,Yogyakarta,Setrika Uap Panasonic,Peralatan Rumah,1,440700,10,396630.0,2024-09-06,Kartu Kredit,Dibatalkan,5.0
ORD-75677,Dian Firmansyah,dian.firmansyah@gmail.com,8606205543.0,Balikpapan,Sunscreen SPF50 Biore,Kecantikan,2,62600,30,87640.0,2024-09-06,Shopeepay,Selesai,3.0
ORD-97543,Kevin Wibowo,Unknown,8559059269.0,Yogya,Lipstik MAC,Kecantikan,2,299500,10,539100.0,2024-09-07,Transfer Bank,Dikirim,5.0
ORD-40338,Dewi Kusuma,dewi82@gmail.com,8308412769.0,Banjarmasin,Vacuum Cleaner Dyson,Peralatan Rumah,1,3842800,100,0.0,2024-09-07,COD,Diproses,1.0
ORD-14816,Gilang Purnama,gilangpurnama@yahoo.com,8964946066.0,Unknown,Blender Philips,Peralatan Rumah,10,301300,0,3013000.0,2024-09-08,OVO,Selesai,3.0
ORD-26697,Siti Nugraha,siti_nugraha@outlook.com,8208945197.0,Banjarmasin,Meja Belajar Minimalis,Furniture,1,857600,10,771840.0,2024-09-08,GoPay,Diproses,3.0
ORD-91082,Vina Ardiansyah,vinaardiansyah@yahoo.com,628557647878.0,Surabaya,Celana Jeans Levis,Fashion,1,445000,10,400500.0,2024-09-08,GoPay,Selesai,1.0
ORD-75296,Putri Gunawan,putri_gunawan@outlook.com,8276562703.0,Makassar,Handphone Samsung Galaxy A54,Elektronik,2,4237200,10,7626960.0,2024-09-09,COD,Dibatalkan,1.0
ORD-12285,Hendra Sari,hendra.sari@gmail.com,628922060605.0,Solo,Tas Ransel Laptop,Fashion,1,335800,0,335800.0,2024-09-09,Transfer Bank,Selesai,2.0
ORD-64746,Dewi Kusuma,dewi82@gmail.com,8308412769.0,Jakarta,Kaos Distro Premium,Fashion,3,90500,10,244350.0,2024-09-11,COD,Selesai,4.0
ORD-76087,Prita Gunawan,prita.gunawan@gmail.com,8133395441.0,Jakarta,Laptop ASUS VivoBook,Elektronik,20,7571000,5,143849000.0,2024-09-11,COD,Dibatalkan,4.0
ORD-96665,Hendra Hartono,hendra_hartono@outlook.com,628511941524.0,Tangerang,Sofa L-Shape,Furniture,1,5616100,10,5054490.0,2024-09-12,OVO,Selesai,4.0
ORD-20847,Umar Suryadi,umar77@gmail.com,628275437118.0,Jakarta,Laptop ASUS VivoBook,Elektronik,1,7623300,20,6098640.0,2024-09-12,GoPay,Dikembalikan,3.0
ORD-73877,Muhammad Handoko,muhammadhandoko@yahoo.com,8567189302.0,Banjarmasin,Jam Tangan Casio,Fashion,4,695500,5,2642900.0,2024-09-12,Shopeepay,Selesai,3.0
ORD-95250,Bella Wijaya,bellawijaya@yahoo.com,8565841933.0,Unknown,Sunscreen SPF50 Biore,Kecantikan,1,61000,20,48800.0,2024-09-12,OVO,Selesai,1.0
ORD-95688,Agus Lestari,agus48@gmail.com,628671748547.0,Depok,Laptop ASUS VivoBook,Elektronik,1,7591900,10,6832710.0,2024-09-12,Transfer Bank,Selesai,4.0
ORD-93256,Putri Lestari,putri90@gmail.com,628278795419.0,Batam,Kopi Kapal Api 1kg,Makanan & Minuman,4,76300,10,274680.0,2024-10-06,Kartu Kredit,Selesai,2.0
ORD-29383,Putri Lestari,putri90@gmail.com,628278795419.0,Batam,Headphone Sony WH-1000XM5,Elektronik,3,3271600,0,9814800.0,2024-10-06,OVO,Selesai,1.0
ORD-65358,Kartika Wijaya,kartika_wijaya@outlook.com,8204633834.0,Manado,Teh Botol Sosro 330ml,Makanan & Minuman,1,5200,0,5200.0,2024-10-06,COD,Selesai,1.0
ORD-23643,Nadia Hidayat,nadiahidayat@yahoo.com,628331236293.0,Manado,Handphone Samsung Galaxy A54,Elektronik,20,4416400,5,83911600.0,2024-10-06,Dana,Selesai,1.0
ORD-45665,Xena Putra,xenaputra@yahoo.com,8807352484.0,Jakarta,Tas Ransel Laptop,Fashion,2,305400,20,488640.0,2024-10-07,Dana,Dikirim,3.0
ORD-52667,Sari Sari,Unknown,628597721705.0,Pekanbaru,Komik Naruto Vol 1,Buku,10,36600,10,329400.0,2024-10-07,COD,Selesai,5.0
ORD-20102,Umar Nugraha,umar.nugraha@gmail.com,628927524435.0,Jakarta,Meja Belajar Minimalis,Furniture,4,898400,0,3593600.0,2024-10-07,Transfer Bank,Selesai,3.0
ORD-33729,Sari Hidayat,Unknown,628115102892.0,Bogor,Skincare Wardah Basic Kit,Kecantikan,1,179400,0,179400.0,2024-10-07,Kartu Kredit,Diproses,1.0
ORD-17259,Candra Prasetyo,candra.prasetyo@gmail.com,8437426403.0,Denpasar,Buku Resep Masakan,Buku,1,51400,10,46260.0,2024-10-07,Shopeepay,Dibatalkan,5.0
ORD-62850,Zaidan Utami,zaidan.utami@gmail.com,8481540736.0,Depok,Buku Python untuk Pemula,Buku,2,93300,10,167940.0,2024-10-08,GoPay,Selesai,2.0
ORD-54453,Kevin Wibowo,kevin.wibowo@gmail.com,8559059269.0,Balikpapan,Dompet Kulit Pria,Fashion,2,181200,15,308040.0,2024-10-08,COD,Dikirim,1.0
ORD-84350,Oscar Sari,oscarsari@yahoo.com,8491229419.0,Semarang,Jaket Bomber Pria,Fashion,3,379000,5,1080150.0,2024-10-08,COD,Diproses,2.0
ORD6798,Muhammad Firmansyah,muhammadfirmansyah@yahoo.com,628724888118.0,Tangerang,Kursi Gaming Ergonomis,Furniture,1,1754700,50,877350.0,2024-10-09,GoPay,Dikembalikan,3.0
ORD-58380,Ahmad Rahayu,ahmadrahayu@yahoo.com,628577416943.0,Malang,Kamera Canon EOS M50,Elektronik,1,8572400,20,6857920.0,2024-10-10,Alfamart,Dikembalikan,4.0
ORD-77410,Hendra Wijaya,hendra38@gmail.com,8343673322.0,Balikpapan,Jaket Bomber Pria,Fashion,1,359800,15,305830.0,2024-10-10,GoPay,Dibatalkan,1.0
ORD-90581,Umar Handoko,umar_handoko@outlook.com,628113321873.0,Malang,Kursi Gaming Ergonomis,Furniture,1,1716100,5,1630295.0,2024-10-10,Transfer Bank,Selesai,3.0
ORD-16675,Hendra Wijaya,hendra51@gmail.com,Unknown,Medan,Susu UHT Ultra 1L,Makanan & Minuman,4,18400,10,66240.0,2024-10-11,OVO,Selesai,4.0
ORD-99298,Dewi Utami,dewiutami@yahoo.com,628166778321.0,Solo,AC Split 1 PK Daikin,Peralatan Rumah,4,4318200,100,0.0,2024-10-11,OVO,Dikirim,5.0
ORD-44184,Hendra Purnama,hendrapurnama@yahoo.com,8207258766.0,Batam,Sunscreen SPF50 Biore,Kecantikan,2,60100,0,120200.0,2024-10-11,Shopeepay,Selesai,5.0
ORD-15962,Indra Rahayu,indra_rahayu@outlook.com,628289745141.0,Depok,Susu UHT Ultra 1L,Makanan & Minuman,3,17600,10,47520.0,2024-10-11,OVO,Diproses,4.0
ORD-55450,Edy Handoko,edy.handoko@gmail.com,8679453010.0,Jakarta,AC Split 1 PK Daikin,Peralatan Rumah,4,3997100,100,0.0,2024-10-11,Transfer Bank,Selesai,2.0
ORD8584,Siti Nugraha,siti_nugraha@outlook.com,8208945197.0,Banjarmasin,Dompet Kulit Pria,Unknown,1,168100,0,168100.0,2024-10-11,COD,Selesai,4.0
ORD-96001,Yeni Kusuma,yeni.kusuma@gmail.com,628856882609.0,Palembang,Snack Chitato 68gr,Makanan & Minuman,1,11800,30,8260.0,2024-10-12,GoPay,Selesai,2.0
ORD-37517,Wahyu Nugraha,wahyu.nugraha@gmail.com,8439212178.0,Malang,Dress Wanita Batik,Fashion,1,185500,0,185500.0,2024-10-12,Indomaret,Selesai,4.0
ORD-81758,Joko Nugraha,Unknown,8184317700.0,Semarang,Sofa L-Shape,Furniture,2,5692000,0,11384000.0,2024-10-12,COD,Selesai,2.0
ORD-40118,Joko Kusuma,joko_kusuma@outlook.com,628873574265.0,Malang,Laptop Lenovo IdeaPad,Elektronik,1,7164000,0,7164000.0,2024-10-12,Shopeepay,Selesai,3.0
ORD-77013,Dian Suryadi,dian.suryadi@gmail.com,8149955386.0,Surabaya,AC Split 1 PK Daikin,Peralatan Rumah,1,4103000,0,4103000.0,2024-10-12,COD,Selesai,5.0
ORD-69475,Dian Rahayu,dian.rahayu@gmail.com,628364540415.0,Surabaya,Jam Tangan Casio,Fashion,1,684000,10,615600.0,2024-11-06,GoPay,Selesai,3.0
ORD-63457,Hani Purnama,hani.purnama@gmail.com,628674599894.0,Medan,Buku Machine Learning,Buku,1,149300,0,149300.0,2024-11-06,GoPay,Dikirim,4.0
ORD-81878,Xena Hidayat,xena97@gmail.com,8153067274.0,Balikpapan,Skincare Wardah Basic Kit,Kecantikan,1,189500,10,170550.0,2024-11-06,Kartu Kredit,Selesai,3.0
ORD-78084,Candra Nugraha,candra53@gmail.com,8949025733.0,Yogyakarta,Teh Botol Sosro 330ml,Makanan & Minuman,20,5300,10,95400.0,2024-11-06,Transfer Bank,Diproses,3.0
ORD-59592,Farah Rahayu,farah26@gmail.com,628837022335.0,Surabaya,Smartwatch Garmin,Elektronik,2,4187800,5,7956820.0,2024-11-06,Dana,Dibatalkan,4.0
ORD-83250,Lina Purnama,Unknown,8415278117.0,Banjarmasin,Celana Jeans Levis,Fashion,1,454100,0,454100.0,2024-11-06,Transfer Bank,Selesai,4.0
ORD-60806,Dewi Santoso,dewi_santoso@outlook.com,8268276470.0,Unknown,Sunscreen SPF50 Biore,Kecantikan,3,66700,10,180090.0,2024-11-06,COD,Selesai,2.0
ORD-11610,Xena Hidayat,xena97@gmail.com,8153067274.0,Balikpapan,Buku Machine Learning,Buku,1,136300,10,122670.0,2024-11-06,COD,Selesai,2.0
ORD-13097,Agus Lestari,agus48@gmail.com,628671748547.0,Depok,Earbuds TWS JBL,Elektronik,1,914800,20,731840.0,2024-11-06,OVO,Selesai,4.0
ORD-65918,Dian Firmansyah,dian.firmansyah@gmail.com,8606205543.0,Balikpapan,Serum Vitamin C Somethinc,Kecantikan,2,122700,30,171780.0,2024-11-06,Transfer Bank,Selesai,4.0
ORD-46591,Joko Sari,joko_sari@outlook.com,8279548432.0,Bandung,Meja Belajar Minimalis,Furniture,5,841100,25,3154125.0,2024-11-06,Transfer Bank,Selesai,1.0
ORD-15718,Joko Nugraha,joko54@gmail.com,628886049101.0,Solo,Sunscreen SPF50 Biore,Kecantikan,5,66600,0,333000.0,2024-11-06,COD,Selesai,1.0
ORD-43880,Joko Sari,joko_sari@outlook.com,8279548432.0,Bandung,Speaker Bluetooth JBL,Elektronik,4,1226500,5,4660700.0,2024-11-07,COD,Diproses,4.0
ORD-88409,Oscar Ardiansyah,oscar_ardiansyah@outlook.com,628535638619.0,Depok,Tas Ransel Laptop,Fashion,2,301200,5,572280.0,2024-11-07,Transfer Bank,Selesai,2.0
ORD-73347,Nita Utami,nita_utami@outlook.com,628478612081.0,Solo,Buku Machine Learning,Buku,1,137400,5,130530.0,2024-11-07,Alfamart,Selesai,4.0
ORD-77675,Gilang Prasetyo,gilang_prasetyo@outlook.com,628412373555.0,Bandung,Vacuum Cleaner Dyson,Peralatan Rumah,10,3829700,0,38297000.0,2024-11-07,OVO,Dikirim,1.0
ORD-58467,Edy Lestari,edylestari@yahoo.com,628208304686.0,Bandung,Serum Vitamin C Somethinc,Kecantikan,1,120300,15,102255.0,2024-11-07,COD,Diproses,2.0
ORD-77922,Zaidan Suryadi,zaidan77@gmail.com,628543743303.0,Surabaya,Blender Philips,Peralatan Rumah,2,286900,0,573800.0,2024-11-07,COD,Dibatalkan,3.0
ORD-13664,Eko Hartono,eko_hartono@outlook.com,628268258130.0,Bekasi,Minyak Goreng Bimoli 2L,Makanan & Minuman,4,38900,0,155600.0,2024-11-08,OVO,Selesai,3.0
ORD-96841,Umar Wijaya,umar31@gmail.com,628912191383.0,Yogyakarta,Dress Wanita Batik,Fashion,4,201600,5,766080.0,2024-11-08,COD,Selesai,3.0
ORD-40432,Ahmad Rahayu,ahmadrahayu@yahoo.com,628881088100.0,Banjarmasin,Skincare Wardah Basic Kit,Kecantikan,2,174200,0,348400.0,2024-11-08,Transfer Bank,Selesai,2.0
ORD-17979,Gilang Purnama,gilangpurnama@yahoo.com,8964946066.0,Medan,Sofa L-Shape,Furniture,4,5628000,0,22512000.0,2024-11-08,Kartu Kredit,Selesai,2.0
ORD-28071,Nita Ardiansyah,nita_ardiansyah@outlook.com,628758938746.0,Balikpapan,Buku Machine Learning,Buku,1,135200,0,135200.0,2024-11-09,COD,Selesai,3.0
ORD-29258,Eko Hidayat,eko.hidayat@gmail.com,8671816653.0,Semarang,Jam Tangan Casio,Fashion,4,657200,25,1971600.0,2024-11-09,Transfer Bank,Selesai,1.0
ORD-21749,Ahmad Nugraha,ahmad_nugraha@outlook.com,628156437011.0,Jogja,Komik Naruto Vol 1,Buku,2,37400,0,74800.0,2024-11-09,OVO,Selesai,4.0
ORD-94012,Dian Firmansyah,dian_firmansyah@outlook.com,8327211142.0,Depok,Setrika Uap Panasonic,Peralatan Rumah,1,448400,10,403560.0,2024-11-09,Kartu Kredit,Selesai,1.0
ORD-99463,Mario Sari,mario.sari@gmail.com,628639770838.0,Depok,Sepatu Nike Air Max,Fashion,1,1393100,5,1323445.0,2024-11-09,GoPay,Selesai,1.0
ORD-33891,Julia Lestari,julialestari@yahoo.com,8338250013.0,Surabaya,Kursi Gaming Ergonomis,Furniture,1,1777300,0,1777300.0,2024-11-09,COD,Dikirim,5.0
ORD-83797,Putri Gunawan,Unknown,8276562703.0,Medan!,Jaket Bomber Pria,Fashion,4,362700,15,1233180.0,2024-11-09,Transfer Bank,Selesai,5.0
ORD-98960,Prita Wibowo,pritawibowo@yahoo.com,8155107776.0,Manado,Laptop Lenovo IdeaPad,Elektronik,1,6761400,20,5409120.0,2024-11-10,COD,Dikirim,2.0
ORD-73199,Edy Wibowo,edy.wibowo@gmail.com,628242096280.0,Semarang,Buku Resep Masakan,Buku,1,54800,25,41100.0,2024-11-10,GoPay,Dikirim,4.0
ORD-29335,Putri Gunawan,putri_gunawan@outlook.com,Unknown,Makassar,Earbuds TWS JBL,Elektronik,1,871500,10,784350.0,2024-11-10,Alfamart,Dikembalikan,2.0
ORD-33506,Edy Sari,edy_sari@outlook.com,628508159911.0,Solo,Smartwatch Garmin,Elektronik,10,4392700,5,41730650.0,2024-11-11,COD,Selesai,3.0
ORD-52913,Lusi Firmansyah,lusi.firmansyah@gmail.com,628296412833.0,Unknown,Minyak Goreng Bimoli 2L,Makanan & Minuman,3,39100,0,117300.0,2024-11-11,COD,Dibatalkan,1.0
ORD-72478,Rizki Sari,rizki_sari@outlook.com,8493163099.0,Bekasi,Novel Laskar Pelangi,Buku,1,74100,10,66690.0,2024-11-11,Transfer Bank,Selesai,4.0
ORD-47115,Yeni Sari,yeni_sari@outlook.com,8692976045.0,Jakarta,Speaker Bluetooth JBL,Elektronik,10,1154400,0,11544000.0,2024-11-11,Alfamart,Dikembalikan,4.0
ORD-94390,Hendra Wijaya,hendra40@gmail.com,628262512187.0,Semarang,Sofa L-Shape,Furniture,1,5821600,0,5821600.0,2024-11-11,COD,Selesai,3.0
ORD-99139,Oscar Sari,oscar36@gmail.com,628277924719.0,Banjarmasin,Speaker Bluetooth JBL,Elektronik,3,1196500,0,3589500.0,2024-11-11,Kartu Kredit,Dikirim,3.0
ORD-10287,Xena Santoso,xena54@gmail.com,628298306261.0,Manado,Buku Python untuk Pemula,Buku,4,6850500,10,24661800.0,2024-11-11,Alfamart,Selesai,1.0
ORD-27878,Nadia Rahayu,nadia_rahayu@outlook.com,628697178606.0,Surabaya,Celana Jeans Levis,Fashion,2,438200,0,876400.0,2024-11-11,COD,Diproses,5.0
ORD-25206,Eko Hartono,eko_hartono@outlook.com,628268258130.0,Bekasi,Rice Cooker Philips,Peralatan Rumah,1,323200,10,290880.0,2024-11-11,OVO,Dikembalikan,3.0
ORD-75066,Umar Nugraha,Unknown,628927524435.0,Jakarta,Kursi Gaming Ergonomis,Furniture,4,1847500,10,6651000.0,2024-11-12,Indomaret,Diproses,2.0
ORD-22889,Tono Utami,tonoutami@yahoo.com,8988987516.0,Batam,Rak Buku Minimalis,Furniture,1,436400,0,436400.0,2024-11-12,OVO,Selesai,5.0
ORD-58377,Dian Suryadi,dian.suryadi@gmail.com,8149955386.0,Jakarta,Kursi Gaming Ergonomis,Furniture,2,1758000,15,2988600.0,2024-12-06,Shopeepay,Selesai,3.0
ORD-52947,Budi Hidayat,budi_hidayat@outlook.com,628653653446.0,Balikpapan,Laptop Lenovo IdeaPad,Elektronik,2,6958500,20,11133600.0,2024-12-06,Shopeepay,Dibatalkan,5.0
ORD-22265,Sari Firmansyah,sarifirmansyah@yahoo.com,8642925626.0,Unknown,Laptop Lenovo IdeaPad,Elektronik,3,7310300,20,17544720.0,2024-12-07,GoPay,Dikirim,5.0
ORD-19891,Hendra Setiawan,hendra_setiawan@outlook.com,8817133857.0,Jakarta,Sepatu Nike Air Max,Fashion,1,1337900,15,1137215.0,2024-12-07,Shopeepay,Selesai,2.0
ORD-67213,Oscar Purnama,oscar.purnama@gmail.com,8464986941.0,Medan,Buku Machine Learning,Buku,3,139200,25,313200.0,2024-12-08,OVO,Dikembalikan,2.0
ORD-85497,Zaidan Wibowo,Unknown,628281272124.0,Yogyakarta,Snack Chitato 68gr,Makanan & Minuman,20,11600,0,232000.0,2024-12-08,GoPay,Selesai,1.0
ORD4525,Candra Utami,candra88@gmail.com,628706013906.0,Medan,Kamera Canon EOS M50,Elektronik,2,8953400,25,13430100.0,2024-12-08,Kartu Kredit,Selesai,3.0
ORD-20091,Budi Hidayat,budihidayat@yahoo.com,628653138181.0,Jakarta,Rice Cooker Philips,Peralatan Rumah,1,332600,0,332600.0,2024-12-08,Transfer Bank,Selesai,3.0
ORD-14720,Eko Putra,eko.putra@gmail.com,628179382064.0,Unknown,Snack Chitato 68gr,Makanan & Minuman,10,12300,10,110700.0,2024-12-08,Kartu Kredit,Dikembalikan,4.0
ORD-54744,Farah Kusuma,farah.kusuma@gmail.com,628694422938.0,Yogyakarta,Sepatu Adidas Ultraboost,Fashion,2,1407100,15,2392070.0,2024-12-09,Transfer Bank,Dikembalikan,4.0
ORD-80962,Eko Hartono,ekohartono@yahoo.com,8997442089.0,Solo,Headphone Sony WH-1000XM5,Elektronik,1,3487500,10,3138750.0,2024-12-09,GoPay,Selesai,3.0
ORD-41657,Hani Hartono,hani.hartono@gmail.com,8365480460.0,Surabaya,Jaket Bomber Pria,Fashion,1,379400,5,360430.0,2024-12-09,COD,Selesai,4.0
ORD-48702,Gilang Suryadi,gilangsuryadi@yahoo.com,628899569884.0,Batam,Novel Laskar Pelangi,Buku,1,80400,10,72360.0,2024-12-09,Kartu Kredit,Selesai,5.0
ORD-58502,Kevin Utami,kevin.utami@gmail.com,628459988193.0,Medan,AC Split 1 PK Daikin,Peralatan Rumah,1,4462000,0,4462000.0,2024-12-09,OVO,Selesai,3.0
ORD-97073,Dewi Hidayat,dewihidayat@yahoo.com,628597402509.0,Banjarmasin,Skincare Wardah Basic Kit,Kecantikan,1,196300,5,186485.0,2024-12-09,GoPay,Selesai,5.0
ORD-24459,Candra Prasetyo,candra39@gmail.com,8691966769.0,Unknown,Jaket Bomber Pria,Fashion,2,404000,10,727200.0,2024-12-09,GoPay,Selesai,1.0
ORD-78121,Tono Gunawan,tono_gunawan@outlook.com,628298491822.0,Yogyakarta,Handphone Samsung Galaxy A54,Elektronik,1,3919300,15,3331405.0,2024-12-09,COD,Dikembalikan,1.0
ORD4497,Wahyu Firmansyah,wahyu.firmansyah@gmail.com,8644554277.0,Depok,Novel Laskar Pelangi,Buku,1,73600,20,58880.0,2024-12-10,Kartu Kredit,Selesai,3.0
ORD-94222,Kartika Wijaya,kartika_wijaya@outlook.com,8204633834.0,Manado,Handphone Samsung Galaxy A54,Elektronik,4,4167700,0,16670800.0,2024-12-10,COD,Selesai,3.0
ORD-46353,Ahmad Wijaya,Unknown,8835770422.0,Pekanbaru,Snack Chitato 68gr,Makanan & Minuman,3,12300,0,36900.0,2024-12-10,COD,Selesai,2.0
ORD-20445,Dian Utami,dian85@gmail.com,8294185957.0,Denpasar,Tablet iPad Air,Elektronik,3,9432000,0,28296000.0,2024-12-10,Transfer Bank,Dibatalkan,3.0
ORD-91349,Kevin Handoko,kevin_handoko@outlook.com,628715951651.0,Tangerang,Meja Belajar Minimalis,Furniture,1,813600,10,732240.0,2024-12-11,COD,Dikirim,1.0
ORD-86350,Vina Lestari,Unknown,628593347981.0,Jakarta,Komik Naruto Vol 1,Buku,1,32300,0,32300.0,2024-12-11,Shopeepay,Diproses,2.0
ORD-32572,Kevin Wibowo,kevin.wibowo@gmail.com,8559059269.0,Balikpapan,Vacuum Cleaner Dyson,Peralatan Rumah,5,3634200,10,16353900.0,2024-12-11,Kartu Kredit,Selesai,1.0
ORD-35967,Hani Ardiansyah,haniardiansyah@yahoo.com,628107638609.0,Batam,Rice Cooker Philips,Peralatan Rumah,2,331900,15,564230.0,2024-12-11,GoPay,Diproses,2.0
ORD-73084,Yeni Nugraha,yeni_nugraha@outlook.com,8925951043.0,Solo,Buku Resep Masakan,Buku,2,50800,15,86360.0,2024-12-12,Transfer Bank,Selesai,4.0
ORD-20059,Kartika Prasetyo,kartika_prasetyo@outlook.com,628286308033.0,Yogyakarta,Snack Chitato 68gr,Makanan & Minuman,1,125100,5,118845.0,2024-12-12,Kartu Kredit,Selesai,1.0
ORD-48564,Agus Prasetyo,agus.prasetyo@gmail.com,628733775016.0,Tangerang,Buku Resep Masakan,Buku,1,56000,10,50400.0,2024-12-12,COD,Dibatalkan,4.0
ORD-57917,Mario Utami,mario.utami@gmail.com,8743673793.0,Banjarmasin,Buku Machine Learning,Buku,1,138000,0,138000.0,2024-12-12,OVO,Selesai,4.0
ORD-67603,Edy Kusuma,edykusuma@yahoo.com,8777156398.0,Makassar,Speaker Bluetooth JBL,Elektronik,2,1119200,15,1902640.0,2024-12-12,Transfer Bank,Selesai,5.0
ORD-80660,Yeni Sari,yeni_sari@outlook.com,8123923366.0,Surabaya,Skincare Wardah Basic Kit,Kecantikan,4,179700,0,718800.0,2024-12-12,OVO,Selesai,2.0
ORD-41785,Hendra Wijaya,hendra38@gmail.com,8343673322.0,Balikpapan,Kaos Distro Premium,Fashion,1,86700,0,86700.0,2024-12-12,COD,Selesai,2.0
ORD-67372,Wahyu Rahayu,wahyurahayu@yahoo.com,8829142618.0,Medan,Komik Naruto Vol 1,Buku,4,36300,5,137940.0,2024-12-12,COD,Selesai,4.0
ORD-99797,Muhammad Handoko,muhammadhandoko@yahoo.com,Unknown,Banjarmasin,Celana Jeans Levis,Fashion,1,479400,0,479400.0,2025-01-01,Dana,Diproses,1.0
ORD-51119,Fitri Nugraha,fitri.nugraha@gmail.com,628413112652.0,Tangerang,Rak Buku Minimalis,Furniture,3,439400,50,659100.0,2025-01-01,Transfer Bank,Dibatalkan,2.0
ORD-18361,Joko Nugraha,joko_nugraha@outlook.com,8184317700.0,Semarang,Earbuds TWS JBL,Elektronik,1,796100,5,756295.0,2025-01-01,Transfer Bank,Selesai,4.0
ORD-23879,Umar Hartono,umar.hartono@gmail.com,628581681729.0,Semarang,Buku Python untuk Pemula,Buku,2,82500,25,123750.0,2025-01-01,GoPay,Selesai,2.0
ORD-78898,Zaidan Suryadi,zaidan77@gmail.com,628543743303.0,Surabaya,Blender Philips,Peralatan Rumah,4,278200,10,1001520.0,2025-01-01,OVO,Selesai,3.0
ORD-44690,Nita Utami,nita_utami@outlook.com,Unknown,Unknown,Komik Naruto Vol 1,Buku,1,34400,5,32680.0,2025-01-01,Transfer Bank,Selesai,2.0
ORD-59496,Gilang Setiawan,gilangsetiawan@yahoo.com,8731621086.0,Unknown,Tablet iPad Air,Elektronik,3,9738000,0,29214000.0,2025-01-02,Indomaret,Selesai,2.0
ORD-83284,Agus Prasetyo,agus.prasetyo@gmail.com,628733775016.0,Tangerang,Buku Resep Masakan,Buku,1,59100,0,59100.0,2025-01-02,Indomaret,Dikembalikan,4.0
ORD-95370,Umar Handoko,umar_handoko@outlook.com,628113321873.0,Malang,Novel Laskar Pelangi,Buku,5,72000,15,306000.0,2025-01-03,GoPay,Selesai,3.0
ORD-13930,Agus Wijaya,aguswijaya@yahoo.com,8384776753.0,Pekanbaru,Parfum Pria Davidoff,Kecantikan,1,609900,5,579405.0,2025-01-03,Transfer Bank,Dikembalikan,5.0
ORD-90466,Nita Firmansyah,nita.firmansyah@gmail.com,8776005578.0,Jakarta,Blender Philips,Peralatan Rumah,1,290800,5,276260.0,2025-01-03,Transfer Bank,Selesai,3.0
ORD-87167,Eko Hartono,eko77@gmail.com,628988017921.0,Banjarmasin,Lemari Pakaian 3 Pintu,Furniture,1,2366700,10,2130030.0,2025-01-03,COD,Selesai,1.0
ORD-35221,Hani Handoko,hani_handoko@outlook.com,628874027557.0,Medan,Lemari Pakaian 3 Pintu,Furniture,1,2047700,5,1945315.0,2025-01-04,COD,Selesai,4.0
ORD-81715,Hani Ardiansyah,hani.ardiansyah@gmail.com,628285886733.0,Tangerang,Kemeja Pria Polos,Fashion,1,111600,20,89280.0,2025-01-04,GoPay,Selesai,3.0
ORD-52788,Fitri Hidayat,fitri.hidayat@gmail.com,8234449052.0,Bandung,Sepatu Adidas Ultraboost,Fashion,2,1511000,0,3022000.0,2025-01-04,COD,Selesai,5.0
ORD-14318,Joko Nugraha,joko54@gmail.com,628886049101.0,Solo,AC Split 1 PK Daikin,Peralatan Rumah,10,3975600,0,39756000.0,2025-01-04,Transfer Bank,Selesai,3.0
ORD-81932,Tono Wijaya,tono_wijaya@outlook.com,Unknown,Tangerang,Minyak Goreng Bimoli 2L,Makanan & Minuman,3,35100,0,105300.0,2025-01-04,GoPay,Selesai,3.0
ORD-26402,Bella Putra,bella.putra@gmail.com,628876910964.0,Semarang,Tas Ransel Laptop,Fashion,1,334900,20,267920.0,2025-01-04,OVO,Selesai,2.0
ORD-59456,Indra Kusuma,indra.kusuma@gmail.com,628685966428.0,Jakarta,Kopi Kapal Api 1kg,Makanan & Minuman,1,76300,0,76300.0,2025-01-04,COD,Selesai,3.0
ORD-26109,Nita Firmansyah,nita.firmansyah@gmail.com,8776005578.0,Jakarta,Lipstik MAC,Kecantikan,1,296900,20,237520.0,2025-01-05,Kartu Kredit,Dikembalikan,4.0
ORD-70387,Eko Hartono,eko_hartono@outlook.com,628268258130.0,Bekasi,Kaos Distro Premium,Fashion,3,89200,10,240840.0,2025-01-05,COD,Selesai,1.0
ORD-54014,Oscar Ardiansyah,oscar_ardiansyah@outlook.com,628535638619.0,Depok,Dress Wanita Batik,Fashion,1,191800,15,163030.0,2025-01-05,OVO,Selesai,2.0
ORD-55148,Vina Firmansyah,vina45@gmail.com,8224598010.0,Yogyakarta,Buku Python untuk Pemula,Buku,1,83900,10,75510.0,2025-02-01,GoPay,Diproses,3.0
ORD-74625,Gilang Purnama,gilang84@gmail.com,628919249789.0,Solo,Buku Python untuk Pemula,Buku,1,92000,0,92000.0,2025-02-01,Transfer Bank,Dibatalkan,1.0
ORD-22347,Lina Utami,lina49@gmail.com,8514165061.0,Yogyakarta,Novel Laskar Pelangi,Buku,1,75800,0,75800.0,2025-02-01,Kartu Kredit,Dikirim,5.0
ORD-53846,Gilang Purnama,gilangpurnama@yahoo.com,8964946066.0,Medan,Sofa L-Shape,Furniture,1,5078000,5,4824100.0,2025-02-01,GoPay,Selesai,1.0
ORD-95162,Yeni Utami,yeniutami@yahoo.com,8272058651.0,Jakarta,Celana Jeans Levis,Fashion,1,420200,0,420200.0,2025-02-01,GoPay,Selesai,1.0
ORD-54906,Dian Prasetyo,dianprasetyo@yahoo.com,8516662319.0,Depok,Laptop Lenovo IdeaPad,Elektronik,1,7003600,10,6303240.0,2025-02-01,Shopeepay,Diproses,1.0
ORD-54222,Wahyu Firmansyah,wahyu.firmansyah@gmail.com,8644554277.0,Depok,Headphone Sony WH-1000XM5,Elektronik,1,3264300,15,2774655.0,2025-02-01,Indomaret,Selesai,2.0
ORD-22879,Umar Wijaya,umar31@gmail.com,628912191383.0,Yogyakarta,Susu UHT Ultra 1L,Makanan & Minuman,3,19200,5,54720.0,2025-02-02,Shopeepay,Selesai,4.0
ORD-53821,Ahmad Kusuma,ahmad.kusuma@gmail.com,8476055825.0,Pekanbaru,Laptop Lenovo IdeaPad,Elektronik,1,6411200,25,4808400.0,2025-02-02,GoPay,Selesai,4.0
ORD-20589,Zaidan Hartono,zaidan67@gmail.com,628382074176.0,Surabaya,Vacuum Cleaner Dyson,Peralatan Rumah,4,3558400,100,0.0,2025-02-02,Transfer Bank,Selesai,2.0
ORD-41271,Budi Hidayat,budihidayat@yahoo.com,628653138181.0,Bandung,Rak Buku Minimalis,Furniture,2,415000,0,830000.0,2025-02-03,Kartu Kredit,Selesai,3.0
ORD-98287,Rizki Gunawan,rizki.gunawan@gmail.com,8627249378.0,Bandung,Earbuds TWS JBL,Elektronik,2,867600,30,1214640.0,2025-02-03,Shopeepay,Selesai,3.0
ORD-35738,Yeni Utami,yeni.utami@gmail.com,Unknown,Depok,Laptop ASUS VivoBook,Elektronik,3,7098600,0,21295800.0,2025-02-03,COD,Selesai,1.0
ORD-38210,Julia Lestari,julialestari@yahoo.com,8338250013.0,Surabaya,Earbuds TWS JBL,Elektronik,2,917100,5,1742490.0,2025-02-04,Transfer Bank,Selesai,4.0
ORD-83705,Xena Santoso,xena54@gmail.com,628298306261.0,Manado,Kamera Canon EOS M50,Elektronik,3,9269100,15,23636205.0,2025-02-04,Shopeepay,Diproses,3.0
ORD-75358,Candra Setiawan,candra.setiawan@gmail.com,628979969688.0,Balikpapan,Dress Wanita Batik,Fashion,2,197800,10,356040.0,2025-02-04,Dana,Dibatalkan,3.0
ORD-44556,Muhammad Purnama,muhammad_purnama@outlook.com,8919517169.0,Manado,Setrika Uap Panasonic,Peralatan Rumah,10,424100,50,2120500.0,2025-02-05,OVO,Selesai,3.0
ORD-87458,Oscar Prasetyo,oscar.prasetyo@gmail.com,628937575963.0,Banjarmasin,Setrika Uap Panasonic,Peralatan Rumah,5,449900,20,1799600.0,2025-02-05,Alfamart,Selesai,4.0
ORD-26703,Ahmad Rahayu,ahmadrahayu@yahoo.com,628577416943.0,Malang,Sofa L-Shape,Furniture,3,5175600,100,0.0,2025-02-05,GoPay,Selesai,4.0
ORD-24756,Candra Putra,candra11@gmail.com,8121873851.0,Tangerang,Teh Botol Sosro 330ml,Makanan & Minuman,3,5600,15,14280.0,2025-02-05,Transfer Bank,Selesai,3.0
ORD-70215,Oji Hartono,Unknown,8943586094.0,Bogor,Handphone Xiaomi Redmi Note 12,Elektronik,3,2817800,5,8030730.0,2025-03-01,Shopeepay,Selesai,4.0
ORD-38642,Edy Ardiansyah,edy.ardiansyah@gmail.com,8685560602.0,Pekanbaru,Parfum Pria Davidoff,Kecantikan,1,587700,30,411390.0,2025-03-01,Shopeepay,Dibatalkan,3.0
ORD-44632,Dewi Kusuma,dewi82@gmail.com,8308412769.0,Banjarmasin,Smartwatch Garmin,Elektronik,1,3825800,10,3443220.0,2025-03-01,Dana,Dikirim,5.0
ORD-33567,Joko Kusuma,jokokusuma@yahoo.com,628956828829.0,Makassar,Kamera Canon EOS M50,Elektronik,4,8320600,0,33282400.0,2025-03-02,GoPay,Selesai,3.0
ORD-42224,Zaidan Rahayu,zaidan50@gmail.com,Unknown,Depok,Susu UHT Ultra 1L,Makanan & Minuman,1,19200,10,17280.0,2025-03-02,Transfer Bank,Dibatalkan,3.0
ORD-61157,Joko Nugraha,joko54@gmail.com,628886049101.0,Solo,Kaos Distro Premium,Fashion,2,82800,5,157320.0,2025-03-02,GoPay,Dibatalkan,5.0
ORD-19037,Wahyu Putra,wahyu94@gmail.com,628377831185.0,Jakarta,Speaker Bluetooth JBL,Elektronik,5,1204100,25,4515375.0,2025-03-02,Transfer Bank,Selesai,2.0
ORD4822,Nadia Santoso,nadiasantoso@yahoo.com,628824656838.0,Makassar,Handphone Xiaomi Redmi Note 12,Elektronik,2,2852200,0,5704400.0,2025-03-02,Transfer Bank,Selesai,2.0
ORD-13301,Mario Wijaya,mario.wijaya@gmail.com,8802023137.0,Balikpapan,Minyak Goreng Bimoli 2L,Makanan & Minuman,2,37500,0,75000.0,2025-03-02,GoPay,Selesai,3.0
ORD-77458,Farah Santoso,farahsantoso@yahoo.com,8623589751.0,Yogyakarta,Lipstik MAC,Kecantikan,3,298600,0,895800.0,2025-03-03,GoPay,Selesai,3.0
ORD-30959,Kartika Lestari,kartika5@gmail.com,8386398941.0,Balikpapan,Teh Botol Sosro 330ml,Makanan & Minuman,1,5100,10,4590.0,2025-03-03,GoPay,Dibatalkan,3.0
ORD-22057,Lina Suryadi,lina.suryadi@gmail.com,8411327658.0,Malang,Blender Philips,Peralatan Rumah,3,275800,0,827400.0,2025-03-03,Transfer Bank,Selesai,3.0
ORD-53681,Prita Utami,pritautami@yahoo.com,8853586950.0,Denpasar,Novel Laskar Pelangi,Buku,1,69000,5,65550.0,2025-03-03,COD,Selesai,1.0
ORD-66042,Hendra Wijaya,hendra40@gmail.com,628262512187.0,Semarang,Celana Jeans Levis,Fashion,4,471100,5,1790180.0,2025-03-04,GoPay,Selesai,2.0
ORD-24496,Edy Wibowo,edy16@gmail.com,8931298116.0,Manado,Kaos Distro Premium,Fashion,5,85200,5,404700.0,2025-03-04,GoPay,Selesai,3.0
ORD-69383,Fitri Nugraha,fitri.nugraha@gmail.com,8814335942.0,Makassar,Sofa L-Shape,Furniture,3,5882800,20,14118720.0,2025-03-04,Kartu Kredit,Selesai,3.0
ORD-19060,Xena Hidayat,xena97@gmail.com,8153067274.0,Balikpapan,Tablet iPad Air,Elektronik,1,9470100,0,9470100.0,2025-03-04,Transfer Bank,Diproses,3.0
ORD-36909,Gilang Setiawan,gilangsetiawan@yahoo.com,8731621086.0,Balikpapan,Parfum Pria Davidoff,Kecantikan,2,547300,0,1094600.0,2025-03-05,Transfer Bank,Diproses,1.0
ORD-87560,Candra Setiawan,candra.setiawan@gmail.com,628979969688.0,Balikpapan,Speaker Bluetooth JBL,Elektronik,10,1122600,0,11226000.0,2025-03-05,GoPay,Dikirim,2.0
ORD-52553,Muhammad Gunawan,muhammad58@gmail.com,8866443037.0,Surabaya,Meja Belajar Minimalis,Furniture,1,864700,30,605290.0,2025-04-01,GoPay,Selesai,3.0
ORD-62465,Nadia Hartono,nadia_hartono@outlook.com,628616507321.0,Malang,Celana Jeans Levis,Fashion,4,478400,10,1722240.0,2025-04-01,OVO,Diproses,4.0
ORD-30842,Rizki Wijaya,Unknown,8564340507.0,Tangerang,Skincare Wardah Basic Kit,Kecantikan,2,177300,100,0.0,2025-04-01,Transfer Bank,Dikembalikan,3.0
ORD-44758,Mario Sari,mario.sari@gmail.com,628639770838.0,Depok,Skincare Wardah Basic Kit,Kecantikan,5,196000,10,882000.0,2025-04-01,Transfer Bank,Selesai,4.0
ORD-38047,Yeni Sari,yeni_sari@outlook.com,8123923366.0,Pekanbaru,Handphone Xiaomi Redmi Note 12,Elektronik,2,2591900,5,4924610.0,2025-04-01,Transfer Bank,Dibatalkan,4.0
ORD-20310,Wahyu Utami,wahyuutami@yahoo.com,628895875114.0,Balikpapan,Rice Cooker Philips,Peralatan Rumah,1,368700,25,276525.0,2025-04-01,COD,Selesai,5.0
ORD-86523,Dewi Utami,dewi56@gmail.com,8596399642.0,Solo,Celana Jeans Levis,Fashion,1,429100,0,429100.0,2025-04-01,Transfer Bank,Dikembalikan,2.0
ORD-59416,Indra Setiawan,indra_setiawan@outlook.com,8142818692.0,Jakarta,Snack Chitato 68gr,Makanan & Minuman,1,12300,50,6150.0,2025-04-01,Shopeepay,Selesai,4.0
ORD-56803,Lina Purnama,lina18@gmail.com,8415278117.0,Banjarmasin,Rice Cooker Philips,Peralatan Rumah,2,352500,0,705000.0,2025-04-01,Shopeepay,Dikembalikan,3.0
ORD-99911,Sari Sari,sari.sari@gmail.com,628597721705.0,Pekanbaru,Setrika Uap Panasonic,Peralatan Rumah,1,407500,15,346375.0,2025-04-01,Indomaret,Selesai,4.0
ORD-82404,Candra Firmansyah,candrafirmansyah@yahoo.com,628727847048.0,Batam,Laptop ASUS VivoBook,Elektronik,10,7884800,0,78848000.0,2025-04-02,Alfamart,Selesai,5.0
ORD-75989,Mario Sari,mariosari@yahoo.com,8587327855.0,Jakarta,Lipstik MAC,Kecantikan,3,303200,10,818640.0,2025-04-02,GoPay,Diproses,3.0
ORD-79737,Fitri Sari,fitri13@gmail.com,628307210606.0,Bandung,Dress Wanita Batik,Fashion,1,210400,15,178840.0,2025-04-02,Transfer Bank,Selesai,2.0
ORD-90759,Tono Gunawan,tono_gunawan@outlook.com,628298491822.0,Yogyakarta,Buku Resep Masakan,Buku,1,55200,5,52440.0,2025-04-03,GoPay,Selesai,1.0
ORD-24497,Eko Hidayat,eko.hidayat@gmail.com,8671816653.0,Semarang,Smartwatch Garmin,Elektronik,2,3986900,100,0.0,2025-04-03,Transfer Bank,Selesai,3.0
ORD-43786,Muhammad Purnama,muhammad_purnama@outlook.com,8919517169.0,Manado,Snack Chitato 68gr,Makanan & Minuman,10,12200,0,122000.0,2025-04-03,Transfer Bank,Dikirim,1.0
ORD-76155,Gilang Kusuma,gilang.kusuma@gmail.com,8218245685.0,Solo,Celana Jeans Levis,Fashion,3,424200,15,1081710.0,2025-04-03,GoPay,Selesai,3.0
ORD-21570,Nadia Hartono,nadia_hartono@outlook.com,628616507321.0,Malang,Rice Cooker Philips,Peralatan Rumah,1,338300,5,321385.0,2025-04-03,Transfer Bank,Diproses,3.0
ORD-38187,Mario Hidayat,mariohidayat@yahoo.com,8244446065.0,Bandung,Smartwatch Garmin,Elektronik,1,4175300,10,3757770.0,2025-04-04,Shopeepay,Dikembalikan,2.0
ORD-70735,Yeni Sari,Unknown,8692976045.0,Jakarta,Jam Tangan Casio,Fashion,1,620200,5,589190.0,2025-04-04,Transfer Bank,Dibatalkan,4.0
ORD-74138,Xena Kusuma,xena_kusuma@outlook.com,628956632941.0,Palembang,Handphone Xiaomi Redmi Note 12,Elektronik,1,2948000,10,2653200.0,2025-04-04,Transfer Bank,Selesai,4.0
ORD-18498,Unknown,zaidan.wibowo@gmail.com,8636161977.0,Denpasar,Vacuum Cleaner Dyson,Peralatan Rumah,1,4099100,15,3484235.0,2025-04-04,GoPay,Selesai,4.0
ORD-23263,Muhammad Purnama,muhammad_purnama@outlook.com,8919517169.0,Manado,Tablet iPad Air,Elektronik,2,8962100,5,17027990.0,2025-04-04,COD,Dibatalkan,3.0
ORD-21988,Ahmad Kusuma,ahmad_kusuma@outlook.com,8853419132.0,Bandung,Lemari Pakaian 3 Pintu,Furniture,1,2265700,10,2039130.0,2025-04-05,Shopeepay,Diproses,1.0
ORD-56700,Agus Handoko,agus.handoko@gmail.com,8973192032.0,Depok,Speaker Bluetooth JBL,Elektronik,3,1204000,0,3612000.0,2025-04-05,Transfer Bank,Dibatalkan,5.0
ORD-33264,Hendra Wijaya,hendra51@gmail.com,628561064014.0,Medan,Handphone Samsung Galaxy A54,Elektronik,3,4492500,30,9434250.0,2025-04-05,GoPay,Selesai,4.0
ORD-75748,Edy Lestari,edylestari@yahoo.com,628208304686.0,Yogyakarta,Kursi Gaming Ergonomis,Furniture,1,1784900,30,1249430.0,2025-04-05,COD,Selesai,1.0
ORD-44823,Tono Handoko,tono_handoko@outlook.com,628992647814.0,Batam,Tablet iPad Air,Elektronik,2,9275100,10,16695180.0,2025-05-01,GoPay,Dibatalkan,3.0
ORD-86503,Budi Lestari,budi11@gmail.com,8394546989.0,Depok,Skincare Wardah Basic Kit,Kecantikan,1,182400,50,91200.0,2025-05-01,Shopeepay,Selesai,2.0
ORD-61891,Hani Rahayu,hani_rahayu@outlook.com,628705089126.0,Bandung,Sepatu Adidas Ultraboost,Fashion,4,1396300,0,5585200.0,2025-05-01,Transfer Bank,Dikembalikan,3.0
ORD-99254,Yeni Sari,Unknown,8692976045.0,Jakarta,Dress Wanita Batik,Unknown,1,191000,0,191000.0,2025-05-01,Transfer Bank,Dikirim,2.0
ORD-45426,Tono Suryadi,tono.suryadi@gmail.com,628489124053.0,Tangerang,Setrika Uap Panasonic,Peralatan Rumah,10,418700,10,3768300.0,2025-05-01,Transfer Bank,Selesai,3.0
ORD-71942,Fitri Ardiansyah,fitri77@gmail.com,8691688246.0,Batam,Parfum Pria Davidoff,Kecantikan,3,548800,5,1564080.0,2025-05-02,COD,Dikembalikan,4.0
ORD-87794,Nita Utami,nita_utami@outlook.com,628478612081.0,Solo,Jaket Bomber Pria,Fashion,1,384900,0,384900.0,2025-05-02,Kartu Kredit,Dikembalikan,4.0
ORD-95804,Muhammad Sari,muhammad_sari@outlook.com,628808738745.0,Bandung,Teh Botol Sosro 330ml,Makanan & Minuman,2,5500,15,9350.0,2025-05-02,GoPay,Dibatalkan,4.0
ORD-96026,Zaidan Hartono,zaidan67@gmail.com,628382074176.0,Unknown,Smartwatch Garmin,Elektronik,1,3975700,20,3180560.0,2025-05-03,COD,Selesai,3.0
ORD-41814,Xena Kusuma,xena_kusuma@outlook.com,628956632941.0,Palembang,Novel Laskar Pelangi,Buku,5,73500,10,330750.0,2025-05-03,GoPay,Diproses,2.0
ORD-66126,Unknown,fitri13@gmail.com,628307210606.0,Bandung,Kopi Kapal Api 1kg,Makanan & Minuman,4,69300,10,249480.0,2025-05-04,GoPay,Selesai,3.0
ORD-25512,Eko Wijaya,eko.wijaya@gmail.com,628199626108.0,Banjarmasin,Snack Chitato 68gr,Makanan & Minuman,1,11700,15,9945.0,2025-05-04,Transfer Bank,Dikirim,5.0
ORD-51969,Muhammad Sari,muhammad_sari@outlook.com,628808738745.0,Bandung,Serum Vitamin C Somethinc,Kecantikan,4,137900,10,496440.0,2025-05-04,Dana,Selesai,1.0
ORD-36976,Julia Lestari,julialestari@yahoo.com,8338250013.0,Surabaya,Sunscreen SPF50 Biore,Kecantikan,2,65500,10,117900.0,2025-05-05,COD,Dikirim,4.0
ORD-59241,Muhammad Santoso,muhammad90@gmail.com,8912746679.0,Semarang,Laptop ASUS VivoBook,Elektronik,2,7845000,15,13336500.0,2025-05-05,Kartu Kredit,Dikirim,3.0
ORD-17096,Vina Firmansyah,vina45@gmail.com,8224598010.0,Yogyakarta,Handphone Xiaomi Redmi Note 12,Elektronik,1,2640500,30,1848349.9999999998,2025-05-05,Kartu Kredit,Selesai,3.0
ORD-92210,Dian Hidayat,dian37@gmail.com,628601919088.0,Unknown,Vacuum Cleaner Dyson,Peralatan Rumah,2,3538200,0,7076400.0,2025-05-05,Transfer Bank,Dikirim,3.0
ORD-10564,Eko Hartono,eko77@gmail.com,628988017921.0,Bandung,Lemari Pakaian 3 Pintu,Furniture,2,2106300,10,3791340.0,2025-05-05,Transfer Bank,Dikirim,2.0
ORD-53946,Sari Nugraha,sari_nugraha@outlook.com,628842716512.0,Banjarmasin,Kemeja Pria Polos,Fashion,3,125800,15,320790.0,2025-05-05,GoPay,Dikirim,3.0
ORD-96574,Budi Hidayat,budi_hidayat@outlook.com,628653653446.0,Balikpapan,Kursi Gaming Ergonomis,Furniture,2,1930000,0,3860000.0,2025-05-05,OVO,Dibatalkan,1.0
ORD-93684,Yeni Hartono,yenihartono@yahoo.com,628882421902.0,Bekasi,Vacuum Cleaner Dyson,Peralatan Rumah,3,3742000,25,8419500.0,2025-06-01,Indomaret,Selesai,5.0
ORD-93575,Dewi Kusuma,dewi82@gmail.com,8308412769.0,Banjarmasin,Buku Resep Masakan,Buku,1,57600,5,54720.0,2025-06-01,GoPay,Selesai,2.0
ORD-45043,Hendra Kusuma,hendrakusuma@yahoo.com,628192562037.0,Manado,Lemari Pakaian 3 Pintu,Furniture,4,2183200,10,7859520.0,2025-06-01,Dana,Diproses,3.0
ORD-21404,Bella Utami,bella.utami@gmail.com,8965398338.0,Malang,Lemari Pakaian 3 Pintu,Unknown,3,2253600,0,6760800.0,2025-06-01,COD,Dibatalkan,5.0
ORD-65270,Eko Wijaya,eko.wijaya@gmail.com,628199626108.0,Banjarmasin,Minyak Goreng Bimoli 2L,Unknown,1,35300,15,30005.0,2025-06-02,Transfer Bank,Selesai,1.0
ORD-60910,Bella Utami,bella.utami@gmail.com,8965398338.0,Malang,Celana Jeans Levis,Fashion,1,437500,0,437500.0,2025-06-02,COD,Selesai,5.0
ORD-16730,Yeni Wijaya,Unknown,628578330827.0,Pekanbaru,Dompet Kulit Pria,Fashion,5,171500,25,643125.0,2025-06-02,Transfer Bank,Dibatalkan,2.0
ORD-60425,Unknown,kevin.utami@gmail.com,628459988193.0,Medan,Serum Vitamin C Somethinc,Kecantikan,2,136200,10,245160.0,2025-06-03,GoPay,Dikembalikan,3.0
ORD-33790,Lusi Gunawan,lusi63@gmail.com,8595449368.0,Bekasi,Kaos Distro Premium,Fashion,2,88600,0,177200.0,2025-06-03,Alfamart,Dibatalkan,3.0
ORD-70398,Eko Hartono,ekohartono@yahoo.com,8997442089.0,Solo,Setrika Uap Panasonic,Peralatan Rumah,3,435900,25,980775.0,2025-06-03,OVO,Selesai,4.0
ORD-35864,Farah Putra,farah_putra@outlook.com,628346294016.0,Palembang,Teh Botol Sosro 330ml,Makanan & Minuman,1,5400,5,5130.0,2025-06-03,Dana,Selesai,3.0
ORD-45962,Dewi Utami,dewiutami@yahoo.com,628166778321.0,Solo,AC Split 1 PK Daikin,Peralatan Rumah,2,4159000,0,8318000.0,2025-06-03,Transfer Bank,Selesai,1.0
ORD-59498,Kartika Hidayat,kartika_hidayat@outlook.com,628852695038.0,Semarang,Buku Machine Learning,Buku,10,140900,15,1197650.0,2025-06-04,Transfer Bank,Selesai,1.0
ORD-68538,Fitri Wibowo,fitri.wibowo@gmail.com,Unknown,Makassar,Buku Python untuk Pemula,Buku,1,84200,25,63150.0,2025-06-04,Alfamart,Dibatalkan,4.0
ORD-49489,Edy Kusuma,edy_kusuma@outlook.com,628526363836.0,Bogor,Sunscreen SPF50 Biore,Kecantikan,3,67700,10,182790.0,2025-06-04,Transfer Bank,Selesai,5.0
ORD-86941,Ahmad Putra,ahmad_putra@outlook.com,628809569902.0,Banjarmasin,Handphone Xiaomi Redmi Note 12,Elektronik,4,3015400,0,12061600.0,2025-06-04,Shopeepay,Selesai,1.0
ORD-94048,Yeni Hartono,yenihartono@yahoo.com,628882421902.0,Bekasi,Meja Belajar Minimalis,Furniture,1,845700,5,803415.0,2025-06-04,Shopeepay,Selesai,3.0
ORD-70799,Umar Suryadi,umar77@gmail.com,628275437118.0,Jakarta,Buku Machine Learning,Buku,1,135800,20,108640.0,2025-06-04,GoPay,Selesai,3.0
ORD-41275,Budi Lestari,budi11@gmail.com,8394546989.0,Depok,Rice Cooker Philips,Peralatan Rumah,2,362200,10,651960.0,2025-06-04,GoPay,Selesai,3.0
ORD-88255,Bella Gunawan,bella_gunawan@outlook.com,628952600296.0,Surabaya,Novel Laskar Pelangi,Buku,1,70700,0,70700.0,2025-06-04,Transfer Bank,Diproses,5.0
ORD6402,Ahmad Prasetyo,ahmad_prasetyo@outlook.com,Unknown,Makassar,Tablet iPad Air,Elektronik,3,9155000,5,26091750.0,2025-06-05,OVO,Selesai,5.0
ORD-97789,Kartika Lestari,kartika5@gmail.com,8386398941.0,Balikpapan,Smartwatch Garmin,Elektronik,1,4029500,0,4029500.0,2025-06-05,GoPay,Selesai,1.0
ORD-15376,Dian Firmansyah,dian.firmansyah@gmail.com,8606205543.0,Balikpapan,Dompet Kulit Pria,Fashion,2,187000,25,280500.0,2025-06-05,Indomaret,Selesai,1.0
ORD-10910,Candra Putra,candra11@gmail.com,8121873851.0,Tangerang,Kamera Canon EOS M50,Elektronik,10,8215800,5,78050100.0,2025-06-05,Transfer Bank,Dikembalikan,5.0
ORD-81928,Budi Hidayat,budi_hidayat@outlook.com,628653653446.0,Balikpapan,Buku Python untuk Pemula,Buku,3,94200,0,282600.0,2025-06-05,Transfer Bank,Selesai,1.0
ORD-51250,Wahyu Putra,wahyu94@gmail.com,628377831185.0,Jakarta,Meja Belajar Minimalis,Furniture,2,865100,0,1730200.0,2025-07-01,GoPay,Dibatalkan,1.0
ORD-23672,Vina Firmansyah,vina45@gmail.com,8224598010.0,Yogyakarta,Serum Vitamin C Somethinc,Kecantikan,5,119200,0,596000.0,2025-07-01,GoPay,Dibatalkan,5.0
ORD-34090,Prita Rahayu,Unknown,8686569576.0,Malang,Blender Philips,Peralatan Rumah,1,290500,10,261450.0,2025-07-01,Indomaret,Selesai,1.0
ORD-27008,Farah Kusuma,farah.kusuma@gmail.com,Unknown,Yogyakarta,Laptop Lenovo IdeaPad,Elektronik,5,7298500,5,34667875.0,2025-07-01,Shopeepay,Dibatalkan,2.0
ORD-67493,Rizki Hartono,rizkihartono@yahoo.com,628241540516.0,Palembang,Serum Vitamin C Somethinc,Kecantikan,2,138000,0,276000.0,2025-07-02,Kartu Kredit,Diproses,1.0
ORD-14039,Kevin Handoko,kevin_handoko@outlook.com,628715951651.0,Tangerang,Rak Buku Minimalis,Furniture,2,414500,25,621750.0,2025-07-02,Transfer Bank,Dibatalkan,3.0
ORD-58662,Joko Prasetyo,joko85@gmail.com,628878099076.0,Bogor,Lemari Pakaian 3 Pintu,Furniture,1,2242900,0,2242900.0,2025-07-02,Dana,Selesai,4.0
ORD-38848,Joko Nugraha,joko54@gmail.com,628886049101.0,Solo,Handphone Samsung Galaxy A54,Elektronik,1,3909200,50,1954600.0,2025-07-03,Indomaret,Dikembalikan,2.0
ORD-12021,Zaidan Rahayu,zaidan50@gmail.com,628186531293.0,Depok,Sepatu Adidas Ultraboost,Fashion,3,1585600,15,4043280.0,2025-07-03,Transfer Bank,Selesai,3.0
ORD-62857,Rizki Wijaya,rizki.wijaya@gmail.com,8564340507.0,Tangerang,Kaos Distro Premium,Fashion,2,84300,0,168600.0,2025-07-03,Transfer Bank,Selesai,5.0
ORD-87274,Umar Hartono,umar_hartono@outlook.com,8653244614.0,Tangerang,Buku Machine Learning,Buku,3,136600,10,368820.0,2025-07-04,COD,Selesai,5.0
ORD-92668,Eko Wijaya,eko.wijaya@gmail.com,628199626108.0,Banjarmasin,Setrika Uap Panasonic,Peralatan Rumah,3,441700,10,1192590.0,2025-07-05,OVO,Selesai,3.0
ORD-52879,Zaidan Wibowo,zaidan.wibowo@gmail.com,8636161977.0,Denpasar,Susu UHT Ultra 1L,Makanan & Minuman,5,19000,50,47500.0,2025-07-05,Shopeepay,Dikirim,3.0
ORD-34425,Yeni Kusuma,yeni.kusuma@gmail.com,628856882609.0,Palembang,Rak Buku Minimalis,Furniture,1,472700,10,425430.0,2025-07-05,GoPay,Selesai,3.0
ORD0133,Oscar Ardiansyah,oscar.ardiansyah@gmail.com,8306218367.0,Denpasar,Dress Wanita Batik,Fashion,1,201800,10,181620.0,2025-08-01,Transfer Bank,Selesai,3.0
ORD-81222,Sari Firmansyah,sarifirmansyah@yahoo.com,8642925626.0,Solo,Sunscreen SPF50 Biore,Kecantikan,4,66700,15,226780.0,2025-08-01,COD,Selesai,3.0
ORD-15565,Sari Setiawan,sari31@gmail.com,8446530194.0,Medan,Laptop Lenovo IdeaPad,Elektronik,3,6304000,5,17966400.0,2025-08-02,Transfer Bank,Selesai,3.0
ORD-25277,Dewi Kusuma,dewi35@gmail.com,8948113787.0,Malang,Parfum Pria Davidoff,Kecantikan,1,553600,0,553600.0,2025-08-02,GoPay,Selesai,4.0
ORD-10946,Yeni Sari,yeni_sari@outlook.com,8692976045.0,Jakarta,Rice Cooker Philips,Peralatan Rumah,2,336000,0,672000.0,2025-08-02,Kartu Kredit,Dikirim,4.0
ORD-59431,Edy Sari,edy_sari@outlook.com,628508159911.0,Semarang,Dress Wanita Batik,Fashion,1,184600,0,184600.0,2025-08-03,Transfer Bank,Diproses,3.0
ORD-17251,Nadia Setiawan,nadia72@gmail.com,628638446596.0,Bekasi,Celana Jeans Levis,Fashion,10,477100,25,3578250.0,2025-08-03,Dana,Dikirim,1.0
ORD-64261,Julia Gunawan,juliagunawan@yahoo.com,8873321942.0,Bekasi,Dompet Kulit Pria,Fashion,1,168300,5,159885.0,2025-08-04,Transfer Bank,Selesai,4.0
ORD-69563,Dewi Hidayat,dewihidayat@yahoo.com,Unknown,Jakarta,Buku Python untuk Pemula,Buku,1,95400,15,81090.0,2025-08-04,OVO,Dikembalikan,3.0
ORD-10131,Nita Hidayat,nitahidayat@yahoo.com,628653192921.0,Yogyakarta,Kemeja Pria Polos,Fashion,2,110400,20,176640.0,2025-08-04,Dana,Selesai,3.0
ORD-81474,Prita Gunawan,prita.gunawan@gmail.com,8133395441.0,Jakarta,Earbuds TWS JBL,Elektronik,1,916900,15,779365.0,2025-08-04,COD,Diproses,2.0
ORD-32295,Xena Hidayat,xena97@gmail.com,8153067274.0,Balikpapan,Handphone Xiaomi Redmi Note 12,Elektronik,1,2682500,15,2280125.0,2025-08-05,COD,Selesai,5.0
ORD-97489,Rizki Kusuma,rizki_kusuma@outlook.com,8317946088.0,Bogor,Sepatu Nike Air Max,Fashion,1,1296900,0,1296900.0,2025-08-05,Transfer Bank,Selesai,3.0
ORD-45728,Dewi Utami,dewiutami@yahoo.com,628166778321.0,Solo,Novel Laskar Pelangi,Buku,3,73700,10,198990.0,2025-08-05,Transfer Bank,Selesai,3.0
ORD-73312,Wahyu Suryadi,wahyu.suryadi@gmail.com,8566159230.0,Banjarmasin,Jaket Bomber Pria,Fashion,1,349800,30,244859.99999999997,2025-08-05,Shopeepay,Selesai,5.0
ORD-89816,Zaidan Wibowo,zaidan.wibowo@gmail.com,8636161977.0,Denpasar,Komik Naruto Vol 1,Buku,2,35300,25,52950.0,2025-08-05,OVO,Diproses,1.0
ORD-43187,Muhammad Santoso,muhammad52@gmail.com,8815191831.0,Tangerang,Earbuds TWS JBL,Elektronik,1,895000,5,850250.0,2025-08-05,Shopeepay,Selesai,3.0
ORD-19450,Muhammad Gunawan,muhammad58@gmail.com,Unknown,Surabaya,Laptop ASUS VivoBook,Elektronik,1,7385100,10,6646590.0,2025-08-05,QRIS,Dibatalkan,3.0
ORD-65791,Yeni Utami,yeniutami@yahoo.com,8272058651.0,Jakarta,Rice Cooker Philips,Peralatan Rumah,3,364800,30,766080.0,2025-09-01,OVO,Selesai,2.0
ORD-44406,Agus Handoko,agus.handoko@gmail.com,8973192032.0,Depok,Blender Philips,Peralatan Rumah,1,287000,0,287000.0,2025-09-01,GoPay,Selesai,3.0
ORD-21171,Lusi Lestari,lusilestari@yahoo.com,628462323049.0,Bekasi,Minyak Goreng Bimoli 2L,Makanan & Minuman,2,36500,0,73000.0,2025-09-01,GoPay,Dibatalkan,5.0
ORD-78314,Muhammad Lestari,muhammad.lestari@gmail.com,8969033176.0,Palembang,Kemeja Pria Polos,Fashion,4,126400,5,480320.0,2025-09-02,Kartu Kredit,Dikirim,3.0
ORD-17570,Mario Utami,mario.utami@gmail.com,8743673793.0,Jakarta,Sunscreen SPF50 Biore,Kecantikan,1,62300,0,62300.0,2025-09-02,Transfer Bank,Dibatalkan,5.0
ORD-74479,Umar Handoko,umar_handoko@outlook.com,628113321873.0,Malang,Kamera Canon EOS M50,Unknown,1,8581100,15,7293935.0,2025-09-02,Kartu Kredit,Selesai,1.0
ORD-69500,Kartika Hidayat,kartika_hidayat@outlook.com,628852695038.0,Semarang,Headphone Sony WH-1000XM5,Elektronik,3,3341900,0,10025700.0,2025-09-03,GoPay,Selesai,3.0
ORD-49054,Umar Handoko,umar_handoko@outlook.com,628113321873.0,Malang,Novel Laskar Pelangi,Buku,2,75800,10,136440.0,2025-09-03,Shopeepay,Selesai,3.0
ORD-25690,Xena Prasetyo,xena.prasetyo@gmail.com,628265205279.0,Surabaya,Sunscreen SPF50 Biore,Kecantikan,20,66600,0,1332000.0,2025-09-03,Transfer Bank,Selesai,3.0
ORD-93766,Nadia Hartono,nadia_hartono@outlook.com,628616507321.0,Malang,Smartwatch Garmin,Elektronik,2,4298600,30,6018040.0,2025-09-03,GoPay,Selesai,1.0
ORD-28561,Rizki Santoso,rizki.santoso@gmail.com,8457701385.0,Bandung,Jam Tangan Casio,Fashion,1,642800,0,642800.0,2025-09-04,GoPay,Selesai,3.0
ORD-50438,Mario Hidayat,mariohidayat@yahoo.com,Unknown,Bandung,Buku Resep Masakan,Buku,4,50900,20,162880.0,2025-09-04,GoPay,Selesai,2.0
ORD-40420,Putri Lestari,putri90@gmail.com,628278795419.0,Batam,Tablet iPad Air,Elektronik,1,9640600,5,9158570.0,2025-09-04,Shopeepay,Selesai,4.0
ORD-17512,Mario Gunawan,mario.gunawan@gmail.com,8741341153.0,Pekanbaru,Setrika Uap Panasonic,Peralatan Rumah,2,414400,0,828800.0,2025-09-05,OVO,Selesai,2.0
ORD-11617,Eko Lestari,eko1@gmail.com,8678883823.0,Tangerang,Rice Cooker Philips,Peralatan Rumah,1,361500,25,271125.0,2025-09-05,Alfamart,Selesai,1.0
ORD-99410,Vina Lestari,vinalestari@yahoo.com,628593347981.0,Jakarta,Teh Botol Sosro 330ml,Makanan & Minuman,2,5200,0,10400.0,2025-09-05,Shopeepay,Diproses,1.0
ORD-32646,Candra Setiawan,candra58@gmail.com,8656308382.0,Unknown,Blender Philips,Peralatan Rumah,3,291300,5,830205.0,2025-09-05,Kartu Kredit,Selesai,3.0
ORD-91417,Wahyu Putra,wahyu.putra@gmail.com,628621909393.0,Manado,AC Split 1 PK Daikin,Peralatan Rumah,1,4481000,10,4032900.0,2025-09-05,Shopeepay,Dikirim,4.0
ORD-21398,Dian Rahayu,dian.rahayu@gmail.com,628364540415.0,Banjarmasin,Jaket Bomber Pria,Fashion,1,365500,0,365500.0,2025-09-05,GoPay,Selesai,1.0
ORD-50558,Dewi Hidayat,dewihidayat@yahoo.com,628597402509.0,Banjarmasin,Laptop ASUS VivoBook,Elektronik,2,7093900,0,14187800.0,2025-10-01,COD,Selesai,4.0
ORD-67576,Nita Firmansyah,nita.firmansyah@gmail.com,8776005578.0,Jakarta,Komik Naruto Vol 1,Buku,5,1275900,0,6379500.0,2025-10-01,GoPay,Dibatalkan,2.0
ORD-98348,Julia Gunawan,juliagunawan@yahoo.com,628207418028.0,Solo,Novel Laskar Pelangi,Buku,3,79800,0,239400.0,2025-10-01,OVO,Dikirim,1.0
ORD-44691,Hani Nugraha,haninugraha@yahoo.com,628472696860.0,Unknown,Jaket Bomber Pria,Fashion,2,385800,0,771600.0,2025-10-01,OVO,Selesai,1.0
ORD-27008,Yeni Setiawan,yeni_setiawan@outlook.com,628505055688.0,Semarang,Meja Belajar Minimalis,Furniture,3,795200,10,2147040.0,2025-10-01,OVO,Selesai,3.0
ORD-12744,Kartika Kusuma,kartika.kusuma@gmail.com,628666891952.0,Bandung,Lipstik MAC,Kecantikan,1,338000,0,338000.0,2025-10-01,GoPay,Selesai,2.0
ORD-24576,Xena Kusuma,xena_kusuma@outlook.com,628956632941.0,Palembang,Handphone Samsung Galaxy A54,Elektronik,2,4100400,0,8200800.0,2025-10-02,Kartu Kredit,Selesai,4.0
ORD9929,Dewi Firmansyah,dewi_firmansyah@outlook.com,628515909595.0,Solo,Smartwatch Garmin,Elektronik,2,3980300,20,6368480.0,2025-10-02,COD,Diproses,3.0
ORD-21664,Nita Lestari,nita83@gmail.com,8125088109.0,Denpasar,Setrika Uap Panasonic,Peralatan Rumah,4,453100,0,1812400.0,2025-10-03,Kartu Kredit,Dikembalikan,4.0
ORD-18608,Sari Hidayat,sari26@gmail.com,628264934808.0,Yogyakarta,Handphone Samsung Galaxy A54,Elektronik,2,4053500,15,6890950.0,2025-10-03,COD,Selesai,3.0
ORD-56237,Hendra Hartono,hendra_hartono@outlook.com,628511941524.0,Tangerang,Buku Python untuk Pemula,Buku,2,94100,20,150560.0,2025-10-03,Kartu Kredit,Selesai,5.0
ORD-60895,Tono Utami,tonoutami@yahoo.com,8988987516.0,Solo,Minyak Goreng Bimoli 2L,Makanan & Minuman,2,40100,5,76190.0,2025-10-03,OVO,Selesai,2.0
ORD-80080,Umar Hartono,umarhartono@yahoo.com,8695727345.0,Medan!,Minyak Goreng Bimoli 2L,Makanan & Minuman,2,38500,10,69300.0,2025-10-03,Transfer Bank,Dikembalikan,3.0
ORD-83812,Lina Purnama,lina18@gmail.com,8415278117.0,Banjarmasin,Minyak Goreng Bimoli 2L,Makanan & Minuman,5,36800,5,174800.0,2025-10-03,GoPay,Selesai,5.0
ORD-55095,Oscar Prasetyo,oscar.prasetyo@gmail.com,628937575963.0,Banjarmasin,Speaker Bluetooth JBL,Elektronik,1,1177200,30,824040.0,2025-10-03,Shopeepay,Selesai,5.0
ORD-38917,Muhammad Sari,muhammad_sari@outlook.com,628808738745.0,Bandung,Blender Philips,Peralatan Rumah,2,275200,20,440320.0,2025-10-04,Transfer Bank,Dibatalkan,3.0
ORD-39687,Prita Utami,pritautami@yahoo.com,8853586950.0,Unknown,Blender Philips,Peralatan Rumah,4,265800,10,956880.0,2025-10-04,GoPay,Selesai,4.0
ORD-60838,Dewi Setiawan,dewi_setiawan@outlook.com,628997749095.0,Bandung,Buku Machine Learning,Buku,5,138500,5,657875.0,2025-10-05,Shopeepay,Dikembalikan,3.0
ORD-70950,Siti Kusuma,sitikusuma@yahoo.com,628709907391.0,Malang,Vacuum Cleaner Dyson,Peralatan Rumah,3,3881200,10,10479240.0,2025-10-05,COD,Dikirim,2.0
ORD-74552,Sari Hidayat,sari26@gmail.com,628264934808.0,Yogyakarta,Snack Chitato 68gr,Makanan & Minuman,3,13300,5,37905.0,2025-10-05,Alfamart,Diproses,4.0
ORD-31202,Bella Purnama,bellapurnama@yahoo.com,628574767135.0,Semarang,Laptop Lenovo IdeaPad,Elektronik,1,7146600,25,5359950.0,2025-10-05,OVO,Selesai,5.0
ORD-98101,Bella Gunawan,bella_gunawan@outlook.com,628952600296.0,Surabaya,Serum Vitamin C Somethinc,Kecantikan,2,127100,0,254200.0,2025-10-05,COD,Dikirim,4.0
ORD-67599,Gilang Putra,gilang_putra@outlook.com,628474816534.0,Depok,Snack Chitato 68gr,Makanan & Minuman,10,364900,15,3101650.0,2025-11-01,Dana,Diproses,3.0
ORD-58619,Kartika Hidayat,kartika_hidayat@outlook.com,628852695038.0,Semarang,Parfum Pria Davidoff,Kecantikan,1,545300,0,545300.0,2025-11-01,OVO,Diproses,5.0
ORD-85991,Kartika Prasetyo,kartika_prasetyo@outlook.com,628286308033.0,Yogyakarta,Kursi Gaming Ergonomis,Furniture,1,1911200,20,1528960.0,2025-11-01,OVO,Diproses,2.0
ORD-86015,Muhammad Lestari,Unknown,8969033176.0,Solo,Rice Cooker Philips,Peralatan Rumah,1,334700,10,301230.0,2025-11-01,Transfer Bank,Selesai,5.0
ORD-16840,Lina Utami,lina49@gmail.com,8514165061.0,Yogyakarta,Meja Belajar Minimalis,Furniture,1,823100,20,658480.0,2025-11-02,Transfer Bank,Selesai,2.0
ORD-37530,Fitri Hidayat,fitri.hidayat@gmail.com,8234449052.0,Bandung,Kemeja Pria Polos,Fashion,2,123700,10,222660.0,2025-11-02,Kartu Kredit,Selesai,3.0
ORD-79352,Yeni Prasetyo,yeni.prasetyo@gmail.com,628548421839.0,Banjarmasin,Smartwatch Garmin,Elektronik,1,4290200,25,3217650.0,2025-11-02,Transfer Bank,Selesai,5.0
ORD-85511,Kartika Kusuma,kartika.kusuma@gmail.com,628666891952.0,Bandung,Serum Vitamin C Somethinc,Kecantikan,1,122800,0,122800.0,2025-11-02,Kartu Kredit,Selesai,3.0
ORD-61229,Fitri Nugraha,Unknown,628413112652.0,Surabaya,Lemari Pakaian 3 Pintu,Furniture,5,2086600,5,9911350.0,2025-11-02,Shopeepay,Selesai,3.0
ORD3740,Gilang Setiawan,gilangsetiawan@yahoo.com,8731621086.0,Balikpapan,Blender Philips,Peralatan Rumah,2,301800,5,573420.0,2025-11-03,Kartu Kredit,Dibatalkan,5.0
ORD8714,Sari Sari,sari.sari@gmail.com,628597721705.0,Pekanbaru,Celana Jeans Levis,Fashion,1,419800,20,335840.0,2025-11-03,Kartu Kredit,Selesai,3.0
ORD-67454,Tono Gunawan,tono_gunawan@outlook.com,628298491822.0,Bandung,Jaket Bomber Pria,Fashion,2,405900,30,568260.0,2025-11-03,GoPay,Dikembalikan,4.0
ORD-23213,Sari Kusuma,sarikusuma@yahoo.com,8167649508.0,Surabaya,Susu UHT Ultra 1L,Makanan & Minuman,1,17900,5,17005.0,2025-11-03,OVO,Dibatalkan,3.0
ORD-94255,Ika Prasetyo,ika.prasetyo@gmail.com,628403276065.0,Banjarmasin,Teh Botol Sosro 330ml,Makanan & Minuman,4,5500,0,22000.0,2025-11-03,Shopeepay,Dibatalkan,1.0
ORD-31825,Yeni Sari,yeni_sari@outlook.com,Unknown,Jakarta,Kemeja Pria Polos,Fashion,3,123700,30,259769.99999999997,2025-11-03,Kartu Kredit,Dikirim,3.0
ORD-25836,Eko Lestari,eko1@gmail.com,8678883823.0,Tangerang,Rice Cooker Philips,Peralatan Rumah,2,336400,50,336400.0,2025-11-03,Dana,Diproses,5.0
ORD-38298,Eko Kusuma,eko50@gmail.com,8999767135.0,Medan,Celana Jeans Levis,Fashion,2,427900,10,770220.0,2025-11-04,Shopeepay,Selesai,5.0
ORD-47475,Rizki Gunawan,rizki.gunawan@gmail.com,8627249378.0,Bandung,Teh Botol Sosro 330ml,Makanan & Minuman,4,5500,15,18700.0,2025-11-05,GoPay,Selesai,4.0
ORD-88085,Tono Wijaya,tono_wijaya@outlook.com,8844905100.0,Tangerang,Laptop Lenovo IdeaPad,Elektronik,1,6416900,5,6096055.0,2025-11-05,GoPay,Selesai,5.0
ORD-57861,Yeni Utami,Unknown,8272058651.0,Jakarta,Kaos Distro Premium,Fashion,3,80400,0,241200.0,2025-12-01,GoPay,Selesai,2.0
ORD-74072,Dian Wibowo,dianwibowo@yahoo.com,628582622631.0,Jakarta,Tablet iPad Air,Elektronik,1,9204600,0,9204600.0,2025-12-01,GoPay,Selesai,3.0
ORD-86238,Vina Firmansyah,vina45@gmail.com,8224598010.0,Yogyakarta,Earbuds TWS JBL,Elektronik,1,874600,5,830870.0,2025-12-02,OVO,Selesai,3.0
ORD-51560,Wahyu Santoso,wahyusantoso@yahoo.com,8655170429.0,Malang,Jam Tangan Casio,Fashion,1,648400,10,583560.0,2025-12-02,COD,Dikirim,1.0
ORD-89689,Candra Prasetyo,candra.prasetyo@gmail.com,8437426403.0,Denpasar,Laptop ASUS VivoBook,Elektronik,1,7905700,100,0.0,2025-12-02,GoPay,Dikembalikan,2.0
ORD-85568,Tono Rahayu,tono_rahayu@outlook.com,8104043480.0,Balikpapan,Setrika Uap Panasonic,Peralatan Rumah,2,450600,30,630840.0,2025-12-02,Transfer Bank,Dikirim,1.0
ORD-50728,Sari Nugraha,sari99@gmail.com,8715108369.0,Bekasi,Speaker Bluetooth JBL,Elektronik,1,1222100,15,1038785.0,2025-12-02,Shopeepay,Dikirim,4.0
ORD-92317,Gilang Kusuma,gilang.kusuma@gmail.com,8218245685.0,Solo,Meja Belajar Minimalis,Furniture,3,900700,15,2296785.0,2025-12-03,Transfer Bank,Selesai,2.0
ORD-34710,Rizki Santoso,rizki.santoso@gmail.com,8457701385.0,Bandung,Teh Botol Sosro 330ml,Makanan & Minuman,4,5200,10,18720.0,2025-12-03,Dana,Dikembalikan,3.0
ORD-66541,Muhammad Utami,muhammad22@gmail.com,8551160783.0,Semarang,Jam Tangan Casio,Fashion,2,668500,10,1203300.0,2025-12-03,Transfer Bank,Selesai,1.0
ORD-79688,Kartika Prasetyo,kartika_prasetyo@outlook.com,628286308033.0,Yogyakarta,Kamera Canon EOS M50,Elektronik,3,8364600,0,25093800.0,2025-12-04,Shopeepay,Dikirim,4.0
ORD-51211,Dian Hidayat,dian37@gmail.com,Unknown,Palembang,Speaker Bluetooth JBL,Elektronik,2,1135600,0,2271200.0,2025-12-04,Shopeepay,Dikembalikan,1.0
ORD-23315,Fitri Wibowo,fitri.wibowo@gmail.com,8137421134.0,Makassar,Sepatu Adidas Ultraboost,Fashion,4,1479300,0,5917200.0,2025-12-04,OVO,Selesai,1.0
ORD-55571,Hendra Santoso,hendrasantoso@yahoo.com,628355479152.0,Bandung,Serum Vitamin C Somethinc,Kecantikan,2,131800,100,0.0,2025-12-04,Shopeepay,Selesai,2.0
ORD-72768,Yeni Wijaya,yeni_wijaya@outlook.com,Unknown,Pekanbaru,Sunscreen SPF50 Biore,Kecantikan,2,66000,100,0.0,2025-12-05,Dana,Dibatalkan,3.0
ORD-44504,Mario Rahayu,mariorahayu@yahoo.com,628767381684.0,Jakarta,Meja Belajar Minimalis,Furniture,3,783400,30,1645140.0,2025-12-05,COD,Selesai,3.0
ORD-39359,Yeni Suryadi,yeni.suryadi@gmail.com,628663778404.0,Semarang,Tas Ransel Laptop,Fashion,3,342900,0,1028700.0,2025-12-05,OVO,Dikirim,4.0
ORD-44787,Muhammad Suryadi,muhammad60@gmail.com,8188867190.0,Bekasi,Lemari Pakaian 3 Pintu,Furniture,5,2078900,15,8835325.0,2025-12-05,Dana,Selesai,3.0
ORD6934,Yeni Nugraha,yeni_nugraha@outlook.com,8925951043.0,Solo,Snack Chitato 68gr,Makanan & Minuman,1,13100,100,0.0,2025-12-05,GoPay,Selesai,3.0
ORD-33578,Indra Kusuma,indra.kusuma@gmail.com,628685966428.0,Jakarta,Smartwatch Garmin,Elektronik,2,4244900,0,8489800.0,2025-12-05,Transfer Bank,Dikembalikan,4.0
ORD-72460,Lusi Utami,lusiutami@yahoo.com,8605948917.0,Jakarta,Rak Buku Minimalis,Furniture,1,454300,0,454300.0,2025-12-05,OVO,Dikembalikan,4.0
ORD-87441,Dewi Utami,dewi56@gmail.com,8596399642.0,Solo,Setrika Uap Panasonic,Peralatan Rumah,1,426600,10,383940.0,2025-12-05,Kartu Kredit,Diproses,1.0
ORD-74486,Tono Rahayu,tono_rahayu@outlook.com,8104043480.0,Balikpapan,Laptop Lenovo IdeaPad,Elektronik,1,6458300,15,5489555.0,2025-12-05,GoPay,Selesai,1.0
ORD-42778,Hani Firmansyah,hani_firmansyah@outlook.com,8585702656.0,Batam,Sepatu Nike Air Max,Fashion,1,1325100,0,1325100.0,2025-12-05,GoPay,Selesai,5.0
ORD-94495,Zaidan Wibowo,zaidan.wibowo@gmail.com,628281272124.0,Yogyakarta,Teh Botol Sosro 330ml,Makanan & Minuman,1,5400,15,4590.0,2025-12-05,Transfer Bank,Dikirim,5.0
ORD-76316,Xena Gunawan,xenagunawan@yahoo.com,628716271120.0,Bekasi,Rak Buku Minimalis,Furniture,3,469900,10,1268730.0,2025-12-05,Transfer Bank,Selesai,3.0
ORD-14170,Indra Kusuma,indra.kusuma@gmail.com,628685966428.0,Jakarta,Komik Naruto Vol 1,Buku,1,36100,0,36100.0,2025-12-05,Dana,Dikirim,3.0
ORD-53829,Putri Setiawan,putrisetiawan@yahoo.com,628929230828.0,Makassar,Tablet iPad Air,Elektronik,3,9744300,0,29232900.0,2025-12-05,COD,Selesai,4.0
ORD-54062,Hani Santoso,hani_santoso@outlook.com,8957783308.0,Bandung,Sepatu Adidas Ultraboost,Fashion,3,1400400,0,4201200.0,2025-12-05,OVO,Selesai,5.0
ORD-46725,Julia Gunawan,juliagunawan@yahoo.com,8873321942.0,Bekasi,Earbuds TWS JBL,Elektronik,3,881300,15,2247315.0,2025-12-05,Kartu Kredit,Selesai,3.0
ORD-29025,Muhammad Lestari,muhammad.lestari@gmail.com,8969033176.0,Palembang,Buku Python untuk Pemula,Buku,1,89500,100,0.0,2025-12-05,COD,Diproses,2.0
ORD-92441,Indra Lestari,indra_lestari@outlook.com,628279796063.0,Jakarta,Dompet Kulit Pria,Fashion,1,173000,10,155700.0,2025-12-05,OVO,Selesai,1.0
ORD-53923,Rizki Gunawan,rizki.gunawan@gmail.com,8627249378.0,Bandung,Parfum Pria Davidoff,Kecantikan,1,561400,0,561400.0,2025-12-05,Transfer Bank,Selesai,5.0
ORD-70210,Unknown,oscarkusuma@yahoo.com,8946956059.0,Surabaya,Handphone Samsung Galaxy A54,Elektronik,1,4325700,0,4325700.0,2025-12-05,OVO,Selesai,1.0
ORD-82006,Mario Hidayat,mariohidayat@yahoo.com,8244446065.0,Bandung,Buku Machine Learning,Buku,2,139100,5,264290.0,2025-12-05,GoPay,Selesai,4.0
ORD-71039,Ika Hidayat,Unknown,628439776935.0,Jakarta,AC Split 1 PK Daikin,Peralatan Rumah,2,3929400,10,7072920.0,2025-12-05,GoPay,Dibatalkan,4.0
ORD-87616,Dewi Utami,dewi56@gmail.com,8596399642.0,Solo,Kaos Distro Premium,Fashion,2,82400,10,148320.0,2025-12-05,Transfer Bank,Dibatalkan,5.0
ORD-49286,Lina Suryadi,lina27@gmail.com,628101213899.0,Bandung,Setrika Uap Panasonic,Peralatan Rumah,20,439800,10,7916400.0,2025-12-05,Kartu Kredit,Selesai,3.0
ORD-26622,Dian Lestari,dian.lestari@gmail.com,628995450404.0,Medan!,Tas Ransel Laptop,Fashion,1,6412600,0,6412600.0,2025-12-05,COD,Selesai,2.0
ORD-38419,Oscar Sari,oscar36@gmail.com,628277924719.0,Banjarmasin,Buku Resep Masakan,Buku,5,51700,30,180950.0,2025-12-05,Shopeepay,Selesai,3.0
ORD-10485,Candra Utami,candra88@gmail.com,628706013906.0,Medan,Rice Cooker Philips,Peralatan Rumah,3,369300,0,1107900.0,2025-12-05,OVO,Selesai,3.0
ORD-48005,Muhammad Firmansyah,muhammadfirmansyah@yahoo.com,628724888118.0,Tangerang,Minyak Goreng Bimoli 2L,Makanan & Minuman,5,36100,5,171475.0,2025-12-05,Transfer Bank,Selesai,3.0
ORD-23937,Dian Rahayu,dian.rahayu@gmail.com,628364540415.0,Banjarmasin,Celana Jeans Levis,Fashion,20,444700,5,8449300.0,2025-12-05,Alfamart,Selesai,3.0
ORD-27481,Tono Utami,tonoutami@yahoo.com,8988987516.0,Unknown,Kemeja Pria Polos,Fashion,1,110700,0,110700.0,2025-12-05,Dana,Selesai,2.0
ORD-48769,Ahmad Setiawan,ahmad_setiawan@outlook.com,628186784825.0,Jakarta,Jam Tangan Casio,Fashion,2,614800,50,614800.0,2025-12-05,Dana,Selesai,3.0
ORD-99740,Siti Firmansyah,siti49@gmail.com,628634700025.0,Solo,Sunscreen SPF50 Biore,Kecantikan,5,69600,5,330600.0,2025-12-05,Shopeepay,Diproses,4.0
ORD-97235,Gilang Prasetyo,gilang_prasetyo@outlook.com,628412373555.0,Bandung,Kemeja Pria Polos,Fashion,1,120600,15,102510.0,2025-12-05,OVO,Dibatalkan,2.0
ORD9027,Eko Lestari,eko1@gmail.com,8678883823.0,Tangerang,Vacuum Cleaner Dyson,Peralatan Rumah,2,3713300,10,6683940.0,2025-12-05,Shopeepay,Dikembalikan,5.0
ORD-47309,Farah Utami,farah_utami@outlook.com,628738818250.0,Palembang,Earbuds TWS JBL,Elektronik,3,811300,5,2312205.0,2025-12-05,GoPay,Selesai,5.0
ORD-64331,Edy Handoko,edy.handoko@gmail.com,8679453010.0,Jakarta,Kamera Canon EOS M50,Elektronik,1,8281400,20,6625120.0,2025-12-05,Transfer Bank,Selesai,1.0
ORD-46335,Lusi Gunawan,lusi82@gmail.com,628383941912.0,Semarang,Novel Laskar Pelangi,Buku,1,74800,50,37400.0,2025-12-05,QRIS,Selesai,3.0
ORD-20302,Lusi Hartono,lusi.hartono@gmail.com,Unknown,Malang,Skincare Wardah Basic Kit,Kecantikan,1,192600,10,173340.0,2025-12-05,COD,Diproses,2.0
ORD-62510,Edy Hidayat,edyhidayat@yahoo.com,8106727022.0,Makassar,Kemeja Pria Polos,Fashion,1,111600,50,55800.0,2025-12-05,Shopeepay,Selesai,4.0
ORD-52006,Wahyu Gunawan,Unknown,628651028374.0,Surabaya,Novel Laskar Pelangi,Buku,1,69300,5,65835.0,2025-12-05,COD,Selesai,2.0
ORD-71564,Prita Rahayu,pritarahayu@yahoo.com,8686569576.0,Yogya,Buku Machine Learning,Buku,3,135700,10,366390.0,2025-12-05,GoPay,Selesai,5.0
ORD-85784,Xena Santoso,xena54@gmail.com,628298306261.0,Manado,Parfum Pria Davidoff,Kecantikan,3,577700,5,1646445.0,2025-12-05,GoPay,Selesai,5.0
ORD-79824,Mario Utami,mario.utami@gmail.com,8743673793.0,Banjarmasin,Susu UHT Ultra 1L,Makanan & Minuman,2,17200,15,29240.0,2025-12-05,Transfer Bank,Diproses,5.0
ORD-67164,Wahyu Rahayu,wahyurahayu@yahoo.com,8829142618.0,Medan,Kamera Canon EOS M50,Elektronik,1,8044600,10,7240140.0,2025-12-05,Kartu Kredit,Dibatalkan,1.0
ORD-97060,Wahyu Santoso,wahyusantoso@yahoo.com,8655170429.0,Malang,Earbuds TWS JBL,Elektronik,4,814400,10,2931840.0,2025-12-05,COD,Selesai,1.0
ORD-28993,Ahmad Kusuma,ahmad_kusuma@outlook.com,8853419132.0,Bandung,Kopi Kapal Api 1kg,Makanan & Minuman,4,80600,30,225680.0,2025-12-05,GoPay,Dikirim,2.0
ORD-40862,Vina Sari,vina_sari@outlook.com,8463044708.0,Bogor,Susu UHT Ultra 1L,Makanan & Minuman,2,18000,0,36000.0,2025-12-05,GoPay,Dikirim,3.0
ORD-54222,Oscar Kusuma,oscarkusuma@yahoo.com,8741523352.0,Denpasar,Kamera Canon EOS M50,Elektronik,1,8008300,0,8008300.0,2025-12-05,Dana,Diproses,3.0
ORD-34975,Lusi Lestari,lusilestari@yahoo.com,628462323049.0,Bekasi,Dress Wanita Batik,Fashion,1,198100,5,188195.0,2025-12-05,COD,Selesai,4.0
ORD-43584,Putri Lestari,putri90@gmail.com,628278795419.0,Batam,Sepatu Nike Air Max,Fashion,2,1343700,20,2149920.0,2025-12-05,OVO,Selesai,5.0
ORD-74868,Gilang Purnama,gilangpurnama@yahoo.com,8964946066.0,Medan,AC Split 1 PK Daikin,Peralatan Rumah,4,4195300,0,16781200.0,2025-12-05,Dana,Dikirim,5.0
ORD-99212,Fitri Ardiansyah,fitri6@gmail.com,8515200476.0,Makassar,Meja Belajar Minimalis,Furniture,4,802900,10,2890440.0,2025-12-05,Transfer Bank,Selesai,5.0
ORD-88943,Hani Firmansyah,hani_firmansyah@outlook.com,8585702656.0,Batam,Rice Cooker Philips,Peralatan Rumah,1,327000,0,327000.0,2025-12-05,Dana,Dibatalkan,1.0
ORD-65382,Lina Setiawan,linasetiawan@yahoo.com,628205955645.0,Bogor,Handphone Samsung Galaxy A54,Elektronik,3,4209000,15,10732950.0,2025-12-05,COD,Dibatalkan,3.0
ORD-15910,Mario Wijaya,mario.wijaya@gmail.com,8802023137.0,Balikpapan,Minyak Goreng Bimoli 2L,Makanan & Minuman,1,39300,100,0.0,2025-12-05,OVO,Dibatalkan,4.0
ORD-82653,Zaidan Wibowo,Unknown,8636161977.0,Jogja,Komik Naruto Vol 1,Buku,4,37400,100,0.0,2025-12-05,OVO,Selesai,4.0
ORD-96530,Oscar Kusuma,oscarkusuma@yahoo.com,8741523352.0,Denpasar,Minyak Goreng Bimoli 2L,Makanan & Minuman,2,40300,15,68510.0,2025-12-05,Transfer Bank,Selesai,2.0
ORD-35859,Tono Utami,tono_utami@outlook.com,628885014486.0,Tangerang,Kamera Canon EOS M50,Elektronik,1,8728500,5,8292075.0,2025-12-05,COD,Dikirim,3.0
ORD-38152,Rizki Kusuma,rizki.kusuma@gmail.com,628493946849.0,Unknown,Rice Cooker Philips,Peralatan Rumah,2,370800,15,630360.0,2025-12-05,Transfer Bank,Dikirim,1.0
ORD-63558,Edy Wibowo,edy.wibowo@gmail.com,628242096280.0,Semarang,Speaker Bluetooth JBL,Elektronik,1,1126600,0,1126600.0,2025-12-05,Kartu Kredit,Selesai,3.0
ORD-45296,Wahyu Gunawan,wahyu.gunawan@gmail.com,628651028374.0,Solo,Laptop Lenovo IdeaPad,Elektronik,5,6699400,30,23447900.0,2025-12-05,Transfer Bank,Selesai,2.0
ORD-76167,Gilang Prasetyo,gilang_prasetyo@outlook.com,628412373555.0,Bandung,Vacuum Cleaner Dyson,Peralatan Rumah,1,3662000,30,2563400.0,2025-12-05,Transfer Bank,Dibatalkan,4.0
ORD-98029,Vina Kusuma,vinakusuma@yahoo.com,628517555386.0,Jakarta,Buku Resep Masakan,Buku,3,53800,0,161400.0,2025-12-05,Shopeepay,Dikirim,2.0
ORD-35701,Hani Hartono,hani_hartono@outlook.com,628508185805.0,Tangerang,Serum Vitamin C Somethinc,Kecantikan,3,122200,10,329940.0,2025-12-05,Indomaret,Dibatalkan,1.0
ORD-18237,Candra Setiawan,candra58@gmail.com,8656308382.0,Denpasar,Laptop Lenovo IdeaPad,Elektronik,1,6900700,0,6900700.0,2025-12-05,GoPay,Selesai,4.0
ORD-26716,Wahyu Gunawan,wahyu.gunawan@gmail.com,628651028374.0,Solo,Susu UHT Ultra 1L,Makanan & Minuman,1,18300,20,14640.0,2025-12-05,Transfer Bank,Selesai,5.0
ORD-71149,Kartika Santoso,kartika_santoso@outlook.com,628191910467.0,Depok,Kursi Gaming Ergonomis,Furniture,2,1888500,100,0.0,2025-12-05,OVO,Selesai,2.0
ORD-48559,Sari Hartono,sari.hartono@gmail.com,8546018975.0,Depok,Kamera Canon EOS M50,Elektronik,5,9189300,0,45946500.0,2025-12-05,GoPay,Diproses,3.0
ORD-97135,Fitri Wibowo,fitri.wibowo@gmail.com,8137421134.0,Makassar,Celana Jeans Levis,Fashion,1,450200,0,450200.0,2025-12-05,Kartu Kredit,Selesai,4.0
ORD-33537,Budi Hidayat,budi_hidayat@outlook.com,8582902100.0,Depok,Kaos Distro Premium,Fashion,3,87700,25,197325.0,2025-12-05,Kartu Kredit,Dikirim,5.0
ORD-89761,Xena Putra,xenaputra@yahoo.com,8807352484.0,Pekanbaru,Sunscreen SPF50 Biore,Kecantikan,1,65900,25,49425.0,2025-12-05,Transfer Bank,Selesai,5.0
ORD-50383,Unknown,farah16@gmail.com,628907067228.0,Bekasi,Headphone Sony WH-1000XM5,Elektronik,2,3653300,5,6941270.0,2025-12-05,Transfer Bank,Selesai,2.0
ORD-93418,Edy Sari,edy.sari@gmail.com,8977162857.0,Jakarta,Kursi Gaming Ergonomis,Furniture,2,1664500,0,3329000.0,2025-12-05,Alfamart,Dikembalikan,4.0
ORD-88732,Joko Nugraha,joko54@gmail.com,Unknown,Solo,Sofa L-Shape,Furniture,10,5635400,0,56354000.0,2025-12-05,Shopeepay,Dikirim,4.0
ORD-57844,Sari Sari,sari.sari@gmail.com,628597721705.0,Pekanbaru,Novel Laskar Pelangi,Buku,2,71700,0,143400.0,2025-12-05,Transfer Bank,Dikirim,3.0
ORD-74883,Gilang Lestari,gilang68@gmail.com,8666262886.0,Semarang,Kursi Gaming Ergonomis,Furniture,4,1700000,0,6800000.0,2025-12-05,Shopeepay,Diproses,1.0
ORD-35571,Yeni Sari,yeni_sari@outlook.com,8692976045.0,Jakarta,Novel Laskar Pelangi,Buku,10,79400,15,674900.0,2025-12-05,Transfer Bank,Dikirim,3.0
ORD-32049,Siti Lestari,siti_lestari@outlook.com,8581649691.0,Tangerang,Handphone Xiaomi Redmi Note 12,Elektronik,1,2628600,0,2628600.0,2025-12-05,GoPay,Dikembalikan,1.0
ORD-20831,Fitri Ardiansyah,fitri6@gmail.com,Unknown,Makassar,Laptop Lenovo IdeaPad,Elektronik,2,6894500,0,13789000.0,2025-12-05,COD,Selesai,4.0
ORD-86640,Sari Nugraha,sari_nugraha@outlook.com,628842716512.0,Banjarmasin,Dress Wanita Batik,Unknown,1,209500,0,209500.0,2025-12-05,OVO,Selesai,1.0
ORD-69777,Hani Santoso,hani_santoso@outlook.com,8957783308.0,Bandung,Speaker Bluetooth JBL,Elektronik,3,1206900,15,3077595.0,2025-12-05,GoPay,Diproses,5.0
ORD-53714,Farah Kusuma,farah.kusuma@gmail.com,628694422938.0,Yogyakarta,Smartwatch Garmin,Elektronik,1,4019400,30,2813580.0,2025-12-05,Dana,Selesai,1.0
ORD-21395,Umar Wibowo,umar.wibowo@gmail.com,8321609681.0,Pekanbaru,Earbuds TWS JBL,Elektronik,1,792400,0,792400.0,2025-12-05,GoPay,Dikirim,5.0
ORD-55227,Yeni Wijaya,yeni_wijaya@outlook.com,628578330827.0,Pekanbaru,Parfum Pria Davidoff,Kecantikan,2,597100,30,835940.0,2025-12-05,Dana,Dikembalikan,1.0
ORD-44701,Zaidan Rahayu,zaidan50@gmail.com,628186531293.0,Jogja,Kopi Kapal Api 1kg,Makanan & Minuman,10,75200,20,601600.0,2025-12-05,Transfer Bank,Selesai,3.0
ORD-96066,Prita Gunawan,prita.gunawan@gmail.com,8133395441.0,Jakarta,Setrika Uap Panasonic,Peralatan Rumah,1,451700,15,383945.0,2025-12-05,Transfer Bank,Selesai,2.0
ORD-42421,Julia Gunawan,julia.gunawan@gmail.com,8542639417.0,Semarang,Smartwatch Garmin,Elektronik,1,4232000,10,3808800.0,2025-12-05,COD,Selesai,3.0
ORD-87189,Indra Lestari,indra_lestari@outlook.com,628279796063.0,Jakarta,Novel Laskar Pelangi,Buku,1,73600,0,73600.0,2025-12-05,Transfer Bank,Selesai,4.0
ORD-83445,Zaidan Wibowo,zaidan.wibowo@gmail.com,628281272124.0,Yogyakarta,Setrika Uap Panasonic,Peralatan Rumah,10,395600,0,3956000.0,2025-12-05,GoPay,Dikirim,1.0
ORD-30971,Indra Kusuma,indra.kusuma@gmail.com,628685966428.0,Jakarta,Sunscreen SPF50 Biore,Kecantikan,2,64500,0,129000.0,2025-12-05,OVO,Selesai,1.0
ORD-36728,Wahyu Santoso,wahyusantoso@yahoo.com,8655170429.0,Malang,Vacuum Cleaner Dyson,Peralatan Rumah,1,3636900,0,3636900.0,2025-12-05,GoPay,Selesai,5.0
ORD-27995,Ahmad Wibowo,ahmad_wibowo@outlook.com,628826279418.0,Depok,Laptop ASUS VivoBook,Elektronik,1,7816100,0,7816100.0,2025-12-05,Transfer Bank,Selesai,2.0
ORD4383,Ahmad Kusuma,ahmad.kusuma@gmail.com,8476055825.0,Pekanbaru,Lipstik MAC,Kecantikan,4,309600,100,0.0,2025-12-05,COD,Selesai,2.0
ORD-72709,Nita Ardiansyah,nita_ardiansyah@outlook.com,628758938746.0,Balikpapan,Speaker Bluetooth JBL,Elektronik,1,1121400,5,1065330.0,2025-12-05,OVO,Dibatalkan,5.0
ORD-38748,Candra Putra,candra11@gmail.com,8121873851.0,Tangerang,Laptop Lenovo IdeaPad,Elektronik,1,6650300,25,4987725.0,2025-12-05,Transfer Bank,Dikembalikan,1.0
ORD-17088,Gilang Putra,gilang_putra@outlook.com,628474816534.0,Depok,Kemeja Pria Polos,Fashion,1,111000,10,99900.0,2025-12-05,Transfer Bank,Dibatalkan,1.0
ORD-21161,Edy Santoso,edy_santoso@outlook.com,8341563871.0,Malang,Sepatu Adidas Ultraboost,Fashion,3,1600600,0,4801800.0,2025-12-05,OVO,Selesai,4.0
ORD-45378,Ahmad Wijaya,ahmad_wijaya@outlook.com,8835770422.0,Pekanbaru,Kursi Gaming Ergonomis,Furniture,2,1664100,10,2995380.0,2025-12-05,Indomaret,Selesai,3.0
ORD-62184,Yeni Utami,yeni.utami@gmail.com,628191560573.0,Depok,Kamera Canon EOS M50,Elektronik,2,8982100,0,17964200.0,2025-12-05,GoPay,Selesai,1.0
ORD-54882,Hendra Santoso,hendrasantoso@yahoo.com,628355479152.0,Jakarta,Tas Ransel Laptop,Fashion,10,317700,0,3177000.0,2025-12-05,Dana,Dikembalikan,1.0
ORD-65013,Tono Handoko,tono_handoko@outlook.com,628992647814.0,Batam,Handphone Xiaomi Redmi Note 12,Elektronik,1,2617400,0,2617400.0,2025-12-05,Dana,Selesai,5.0
ORD-51486,Joko Sari,joko_sari@outlook.com,8279548432.0,Bandung,Meja Belajar Minimalis,Furniture,2,797500,0,1595000.0,2025-12-05,OVO,Selesai,2.0
ORD-38351,Vina Lestari,vinalestari@yahoo.com,628593347981.0,Jakarta,Jaket Bomber Pria,Fashion,1,354700,0,354700.0,2025-12-05,Shopeepay,Selesai,3.0
ORD-51048,Lusi Gunawan,lusi82@gmail.com,628383941912.0,Semarang,AC Split 1 PK Daikin,Peralatan Rumah,5,4195500,30,14684249.999999998,2025-12-05,Alfamart,Selesai,3.0
ORD-69301,Kevin Rahayu,kevin_rahayu@outlook.com,628155973336.0,Balikpapan,Tas Ransel Laptop,Fashion,10,316100,0,3161000.0,2025-12-05,Kartu Kredit,Selesai,5.0
ORD-22820,Dewi Kusuma,dewi82@gmail.com,8308412769.0,Banjarmasin,Dompet Kulit Pria,Fashion,1,166300,10,149670.0,2025-12-05,Transfer Bank,Selesai,5.0
ORD-32417,Indra Nugraha,indra_nugraha@outlook.com,628402724773.0,Bandung,Laptop ASUS VivoBook,Elektronik,3,7013100,5,19987335.0,2025-12-05,Transfer Bank,Selesai,1.0
ORD-86435,Ika Santoso,Unknown,8414744854.0,Surabaya,Laptop Lenovo IdeaPad,Elektronik,4,6873200,0,27492800.0,2025-12-05,COD,Selesai,4.0
ORD-61252,Prita Rahayu,pritarahayu@yahoo.com,8686569576.0,Malang,Handphone Samsung Galaxy A54,Elektronik,4,4253400,20,13610880.0,2025-12-05,Alfamart,Dikirim,5.0
ORD-52667,Zaidan Hartono,zaidan67@gmail.com,628382074176.0,Surabaya,Komik Naruto Vol 1,Buku,2,37300,10,67140.0,2025-12-05,GoPay,Selesai,1.0
ORD-61211,Siti Lestari,siti_lestari@outlook.com,8581649691.0,Tangerang,Kaos Distro Premium,Fashion,2,89400,15,151980.0,2025-12-05,Transfer Bank,Dikirim,2.0
ORD-24068,Nita Hidayat,nitahidayat@yahoo.com,628653192921.0,Yogyakarta,AC Split 1 PK Daikin,Peralatan Rumah,2,3944700,15,6705990.0,2025-12-05,GoPay,Selesai,5.0
ORD-99040,Fitri Wibowo,fitri.wibowo@gmail.com,8137421134.0,Makassar,Sepatu Nike Air Max,Fashion,3,1264800,50,1897200.0,2025-12-05,Dana,Diproses,3.0
ORD-98978,Ahmad Prasetyo,ahmad_prasetyo@outlook.com,628879648751.0,Makassar,Parfum Pria Davidoff,Kecantikan,2,608600,15,1034620.0,2025-12-05,GoPay,Selesai,5.0
ORD-26969,Sari Nugraha,sari99@gmail.com,8715108369.0,Bekasi,Jaket Bomber Pria,Fashion,1,389100,100,0.0,2025-12-05,Kartu Kredit,Dikirim,3.0
ORD-56787,Hani Nugraha,haninugraha@yahoo.com,628472696860.0,Manado,Buku Python untuk Pemula,Buku,2,86000,15,146200.0,2025-12-05,OVO,Selesai,5.0
ORD-42759,Vina Nugraha,vinanugraha@yahoo.com,628973347627.0,Depok,Tas Ransel Laptop,Fashion,3,312900,10,844830.0,2025-12-05,Dana,Selesai,5.0
ORD-36744,Ahmad Rahayu,Unknown,628577416943.0,Malang,Headphone Sony WH-1000XM5,Elektronik,1,3579500,20,2863600.0,2025-12-05,Indomaret,Selesai,5.0
ORD-57443,Ahmad Rahayu,ahmadrahayu@yahoo.com,628881088100.0,Banjarmasin,Sepatu Nike Air Max,Fashion,2,1338100,10,2408580.0,2025-12-05,GoPay,Selesai,3.0
ORD-51136,Sari Firmansyah,sarifirmansyah@yahoo.com,8642925626.0,Jakarta,Buku Machine Learning,Buku,1,144900,10,130410.0,2025-12-05,GoPay,Dibatalkan,3.0
ORD-82999,Yeni Utami,yeniutami@yahoo.com,8272058651.0,Jakarta,Kursi Gaming Ergonomis,Furniture,20,1826300,15,31047100.0,2025-12-05,Shopeepay,Diproses,5.0
ORD-59725,Indra Hartono,indra8@gmail.com,628821968662.0,Surabaya,Smartwatch Garmin,Elektronik,1,3924400,10,3531960.0,2025-12-05,COD,Selesai,2.0
ORD-73784,Umar Wijaya,umar31@gmail.com,628912191383.0,Yogyakarta,Sepatu Adidas Ultraboost,Fashion,5,1617300,0,8086500.0,2025-12-05,Indomaret,Selesai,5.0
ORD-83160,Gilang Suryadi,gilangsuryadi@yahoo.com,628899569884.0,Batam,Susu UHT Ultra 1L,Makanan & Minuman,1,17000,15,14450.0,2025-12-05,COD,Dibatalkan,1.0
ORD-92709,Agus Prasetyo,agus.prasetyo@gmail.com,628733775016.0,Tangerang,Kaos Distro Premium,Fashion,4,90100,10,324360.0,2025-12-05,Transfer Bank,Dibatalkan,3.0
ORD-26784,Tono Wijaya,tono_wijaya@outlook.com,8844905100.0,Tangerang,Snack Chitato 68gr,Makanan & Minuman,2,12000,20,19200.0,2025-12-05,GoPay,Selesai,3.0
ORD-80256,Muhammad Suryadi,muhammad60@gmail.com,8188867190.0,Bekasi,Komik Naruto Vol 1,Buku,1,34000,20,27200.0,2025-12-05,OVO,Selesai,5.0
ORD-29902,Xena Santoso,xena54@gmail.com,628298306261.0,Manado,Buku Resep Masakan,Buku,2,58200,5,110580.0,2025-12-05,GoPay,Selesai,5.0
ORD-69279,Umar Hartono,umarhartono@yahoo.com,8695727345.0,Balikpapan,Vacuum Cleaner Dyson,Peralatan Rumah,2,3720900,20,5953440.0,2025-12-05,Indomaret,Selesai,5.0
ORD9263,Oscar Sari,oscar36@gmail.com,628277924719.0,Banjarmasin,Buku Python untuk Pemula,Buku,1,93200,5,88540.0,2025-12-05,GoPay,Dikembalikan,4.0
ORD-81707,Mario Putra,mario81@gmail.com,8457191986.0,Pekanbaru,Dompet Kulit Pria,Fashion,1,181200,25,135900.0,2025-12-05,COD,Dikirim,3.0
ORD-63558,Nita Utami,nita_utami@outlook.com,628478612081.0,Solo,Jam Tangan Casio,Fashion,1,671000,0,671000.0,2025-12-05,OVO,Dikirim,4.0
ORD-20154,Hani Prasetyo,hani92@gmail.com,8604616991.0,Palembang,Sepatu Adidas Ultraboost,Fashion,2,1515300,5,2879070.0,2025-12-05,Dana,Dikirim,2.0
ORD-55636,Nita Utami,nita_utami@outlook.com,628478612081.0,Unknown,Lemari Pakaian 3 Pintu,Furniture,2,2280400,30,3192560.0,2025-12-05,GoPay,Selesai,5.0
ORD-90478,Dewi Hidayat,dewihidayat@yahoo.com,628597402509.0,Banjarmasin,Kemeja Pria Polos,Unknown,10,127800,30,894600.0,2025-12-05,Transfer Bank,Selesai,5.0
ORD-55964,Sari Firmansyah,sarifirmansyah@yahoo.com,8642925626.0,Jakarta,Buku Machine Learning,Buku,5,155000,0,775000.0,2025-12-05,Dana,Selesai,2.0
ORD-45251,Oscar Ardiansyah,oscar.ardiansyah@gmail.com,8306218367.0,Denpasar,Sepatu Adidas Ultraboost,Fashion,3,1387500,0,4162500.0,2025-12-05,Kartu Kredit,Selesai,4.0
ORD-36012,Ika Hidayat,Unknown,628439776935.0,Jakarta,Handphone Xiaomi Redmi Note 12,Elektronik,3,3010700,10,8128890.0,2025-12-05,Transfer Bank,Selesai,3.0
ORD-59321,Nita Hidayat,nitahidayat@yahoo.com,628653192921.0,Yogyakarta,Kamera Canon EOS M50,Elektronik,1,8447200,0,8447200.0,2025-12-05,Transfer Bank,Dikirim,2.0
ORD-28098,Rizki Kusuma,rizki_kusuma@outlook.com,Unknown,Bogor,Kursi Gaming Ergonomis,Furniture,1,1766600,15,1501610.0,2025-12-05,GoPay,Selesai,4.0
ORD-97843,Yeni Hartono,Unknown,628882421902.0,Bekasi,Susu UHT Ultra 1L,Makanan & Minuman,5,17400,20,69600.0,2025-12-05,Transfer Bank,Diproses,3.0
ORD-67001,Sari Hidayat,sarihidayat@yahoo.com,8975428914.0,Depok,AC Split 1 PK Daikin,Peralatan Rumah,3,4110700,5,11715495.0,2025-12-05,COD,Selesai,3.0
ORD-28958,Muhammad Sari,muhammad_sari@outlook.com,628808738745.0,Bandung,AC Split 1 PK Daikin,Peralatan Rumah,4,4327000,15,14711800.0,2025-12-05,Transfer Bank,Dikirim,3.0
ORD-43666,Yeni Suryadi,yeni.suryadi@gmail.com,628663778404.0,Semarang,Tablet iPad Air,Unknown,20,9632200,10,173379600.0,2025-12-05,GoPay,Selesai,1.0
ORD-98209,Hendra Putra,hendraputra@yahoo.com,8677276684.0,Pekanbaru,Earbuds TWS JBL,Elektronik,1,867900,50,433950.0,2025-12-05,GoPay,Selesai,1.0
ORD-26186,Kevin Suryadi,kevin60@gmail.com,8675091349.0,Denpasar,Dompet Kulit Pria,Fashion,3,166000,5,473100.0,2025-12-05,COD,Dikirim,3.0
ORD-95736,Hendra Putra,hendraputra@yahoo.com,8677276684.0,Pekanbaru,Kemeja Pria Polos,Fashion,1,119200,15,101320.0,2025-12-05,COD,Selesai,4.0
ORD-19154,Farah Utami,farah16@gmail.com,628907067228.0,Bekasi,Parfum Pria Davidoff,Kecantikan,1,626000,0,626000.0,2025-12-05,OVO,Dibatalkan,1.0
ORD-78697,Fitri Lestari,fitri35@gmail.com,8541447451.0,Jakarta,Susu UHT Ultra 1L,Makanan & Minuman,1,17300,10,15570.0,2025-12-05,GoPay,Diproses,2.0
ORD-18345,Oscar Sari,oscarsari@yahoo.com,8491229419.0,Semarang,Novel Laskar Pelangi,Buku,1,78100,0,78100.0,2025-12-05,Transfer Bank,Selesai,5.0
ORD-49795,Kartika Setiawan,kartika_setiawan@outlook.com,628106171869.0,Bandung,Meja Belajar Minimalis,Furniture,1,843200,15,716720.0,2025-12-05,Transfer Bank,Selesai,3.0
ORD-64234,Farah Rahayu,farah26@gmail.com,628837022335.0,Surabaya,Buku Python untuk Pemula,Buku,2,83100,0,166200.0,2025-12-05,Shopeepay,Dikirim,4.0
ORD-43951,Edy Kusuma,edykusuma@yahoo.com,8777156398.0,Makassar,Kopi Kapal Api 1kg,Makanan & Minuman,2,73900,10,133020.0,2025-12-05,Alfamart,Dibatalkan,3.0
ORD-21498,Umar Handoko,umar_handoko@outlook.com,Unknown,Malang,Headphone Sony WH-1000XM5,Elektronik,1,3649600,25,2737200.0,2025-12-05,Transfer Bank,Diproses,4.0
ORD-38473,Kevin Utami,kevin.utami@gmail.com,628459988193.0,Solo,Laptop Lenovo IdeaPad,Elektronik,3,6739000,5,19206150.0,2025-12-05,Transfer Bank,Selesai,2.0
ORD-76441,Budi Lestari,budi11@gmail.com,8394546989.0,Depok,Laptop Lenovo IdeaPad,Elektronik,2,6263900,5,11901410.0,2025-12-05,Shopeepay,Dikirim,1.0
ORD-26770,Eko Kusuma,Unknown,8999767135.0,Medan,Handphone Xiaomi Redmi Note 12,Elektronik,3,2843100,10,7676370.0,2025-12-05,Alfamart,Diproses,2.0
ORD-94495,Eko Hidayat,eko.hidayat@gmail.com,8671816653.0,Solo,Blender Philips,Peralatan Rumah,2,259700,100,0.0,2025-12-05,GoPay,Dibatalkan,3.0
ORD-54217,Candra Prasetyo,candra39@gmail.com,8691966769.0,Solo,Serum Vitamin C Somethinc,Kecantikan,1,134600,15,114410.0,2025-12-05,Alfamart,Selesai,3.0
ORD-80886,Umar Hartono,umar.hartono@gmail.com,628581681729.0,Semarang,Rice Cooker Philips,Peralatan Rumah,20,338600,10,6094800.0,2025-12-05,Shopeepay,Selesai,4.0
ORD-46158,Prita Gunawan,Unknown,8133395441.0,Jakarta,Sepatu Adidas Ultraboost,Fashion,1,1615900,0,1615900.0,2025-12-05,Alfamart,Selesai,4.0
ORD-42597,Hendra Wijaya,hendra38@gmail.com,8343673322.0,Balikpapan,Susu UHT Ultra 1L,Makanan & Minuman,1,17800,10,16020.0,2025-12-05,Transfer Bank,Selesai,2.0
ORD-60160,Dian Firmansyah,dian.firmansyah@gmail.com,8606205543.0,Balikpapan,Vacuum Cleaner Dyson,Peralatan Rumah,10,4040600,0,40406000.0,2025-12-05,COD,Selesai,3.0
ORD-56373,Prita Nugraha,prita58@gmail.com,628374452490.0,Malang,Dompet Kulit Pria,Fashion,1,178200,20,142560.0,2025-12-05,Dana,Selesai,1.0
ORD-35197,Yeni Kusuma,yeni.kusuma@gmail.com,628856882609.0,Palembang,Buku Machine Learning,Buku,3,154000,50,231000.0,2025-12-05,Indomaret,Selesai,2.0
ORD-23737,Hendra Santoso,hendrasantoso@yahoo.com,628355479152.0,Jakarta,Buku Python untuk Pemula,Buku,1,93600,10,84240.0,2025-12-05,Transfer Bank,Dibatalkan,1.0
ORD-74331,Joko Suryadi,jokosuryadi@yahoo.com,8483300647.0,Semarang,Dress Wanita Batik,Fashion,3,200000,0,600000.0,2025-12-05,OVO,Selesai,1.0
ORD-57932,Farah Santoso,farahsantoso@yahoo.com,8623589751.0,Yogyakarta,Rice Cooker Philips,Peralatan Rumah,20,324300,20,5188800.0,2025-12-05,GoPay,Selesai,4.0
ORD-62984,Hendra Prasetyo,hendra.prasetyo@gmail.com,8857442986.0,Tangerang,Meja Belajar Minimalis,Furniture,1,858300,20,686640.0,2025-12-05,Transfer Bank,Dibatalkan,3.0
ORD7108,Siti Nugraha,siti_nugraha@outlook.com,8208945197.0,Banjarmasin,Teh Botol Sosro 330ml,Makanan & Minuman,2,5100,0,10200.0,2025-12-05,OVO,Selesai,5.0
ORD-93571,Dian Rahayu,dian.rahayu@gmail.com,628364540415.0,Banjarmasin,Kaos Distro Premium,Fashion,3,85500,15,218025.0,2025-12-05,OVO,Selesai,5.0
ORD6359,Yeni Gunawan,yeni.gunawan@gmail.com,8373595941.0,Tangerang,Setrika Uap Panasonic,Peralatan Rumah,1,432800,0,432800.0,2025-12-05,Transfer Bank,Dibatalkan,3.0
ORD-39428,Ahmad Kusuma,ahmad.kusuma@gmail.com,8476055825.0,Solo,Skincare Wardah Basic Kit,Kecantikan,1,197900,5,188005.0,2025-12-05,Alfamart,Selesai,2.0
ORD-57498,Joko Setiawan,joko73@gmail.com,628702224599.0,Jakarta,Serum Vitamin C Somethinc,Unknown,5,138200,25,518250.0,2025-12-05,Kartu Kredit,Dibatalkan,3.0
ORD-21453,Prita Purnama,prita55@gmail.com,Unknown,Surabaya,Komik Naruto Vol 1,Buku,10,32600,10,293400.0,2025-12-05,Shopeepay,Dikirim,3.0
ORD-79380,Dewi Kusuma,dewi35@gmail.com,8948113787.0,Malang,Buku Resep Masakan,Buku,3,56800,20,136320.0,2025-12-05,Transfer Bank,Selesai,1.0
ORD-64038,Hendra Wijaya,hendra51@gmail.com,628561064014.0,Medan,Lemari Pakaian 3 Pintu,Furniture,3,2282900,0,6848700.0,2025-12-05,OVO,Selesai,1.0
ORD-51820,Eko Putra,eko.putra@gmail.com,628179382064.0,Makassar,Jam Tangan Casio,Fashion,20,677400,10,12193200.0,2025-12-05,Transfer Bank,Dibatalkan,2.0
ORD-92862,Sari Hartono,sari.hartono@gmail.com,8546018975.0,Depok,Minyak Goreng Bimoli 2L,Makanan & Minuman,10,40500,0,405000.0,2025-12-05,Transfer Bank,Dibatalkan,4.0
ORD-52373,Yeni Nugraha,yeni_nugraha@outlook.com,8925951043.0,Solo,Serum Vitamin C Somethinc,Kecantikan,1,135300,0,135300.0,2025-12-05,OVO,Selesai,5.0
ORD-50964,Muhammad Sari,muhammad_sari@outlook.com,628808738745.0,Bandung,Buku Python untuk Pemula,Buku,3,86700,30,182070.0,2025-12-05,OVO,Selesai,1.0
ORD-44866,Nita Ardiansyah,nita_ardiansyah@outlook.com,628758938746.0,Balikpapan,Tas Ransel Laptop,Fashion,3,330800,100,0.0,2025-12-05,Dana,Selesai,2.0
ORD-28045,Yeni Utami,yeni.utami@gmail.com,628191560573.0,Unknown,Rice Cooker Philips,Peralatan Rumah,2,323100,15,549270.0,2025-12-05,COD,Selesai,2.0
ORD-10001,Dewi Hidayat,dewi_hidayat@outlook.com,8628980915.0,Palembang,Smartwatch Garmin,Elektronik,1,3807100,25,2855325.0,2025-12-05,Transfer Bank,Selesai,2.0
ORD-45033,Joko Prasetyo,joko85@gmail.com,628878099076.0,Bogor,Teh Botol Sosro 330ml,Makanan & Minuman,4,376800,5,1431840.0,2025-12-05,Shopeepay,Selesai,3.0
ORD-92745,Xena Santoso,xena54@gmail.com,628298306261.0,Manado,Skincare Wardah Basic Kit,Kecantikan,3,171200,0,513600.0,2025-12-05,Indomaret,Selesai,5.0
ORD-31331,Gilang Purnama,gilangpurnama@yahoo.com,8964946066.0,Medan,Speaker Bluetooth JBL,Elektronik,2,1290000,5,2451000.0,2025-12-05,Transfer Bank,Selesai,4.0
ORD-13103,Umar Wijaya,umar31@gmail.com,628912191383.0,Yogyakarta,Parfum Pria Davidoff,Kecantikan,2,616900,0,1233800.0,2025-12-05,COD,Selesai,2.0
ORD-44472,Yeni Nugraha,yeni_nugraha@outlook.com,8925951043.0,Bandung,Handphone Samsung Galaxy A54,Elektronik,1,4020100,0,4020100.0,2025-12-05,COD,Selesai,4.0
ORD-97776,Kartika Wijaya,kartika_wijaya@outlook.com,8204633834.0,Manado,Teh Botol Sosro 330ml,Makanan & Minuman,1,5300,5,5035.0,2025-12-05,Shopeepay,Selesai,4.0
ORD-99979,Dewi Hidayat,dewi.hidayat@gmail.com,8805240244.0,Semarang,Laptop Lenovo IdeaPad,Elektronik,1,6679100,15,5677235.0,2025-12-05,COD,Selesai,5.0
ORD-30808,Rizki Hidayat,rizki_hidayat@outlook.com,8973030966.0,Balikpapan,Parfum Pria Davidoff,Kecantikan,1,620100,0,620100.0,2025-12-05,Transfer Bank,Selesai,2.0
ORD-20098,Nita Ardiansyah,Unknown,628758938746.0,Balikpapan,Lipstik MAC,Kecantikan,3,300800,0,902400.0,2025-12-05,Transfer Bank,Diproses,2.0
ORD-38866,Mario Sari,mario.sari@gmail.com,628639770838.0,Surabaya,Buku Machine Learning,Buku,5,137900,10,620550.0,2025-12-05,Transfer Bank,Diproses,4.0
ORD-43827,Candra Lestari,candralestari@yahoo.com,628302740017.0,Manado,Kursi Gaming Ergonomis,Furniture,1,1837900,15,1562215.0,2025-12-05,COD,Selesai,4.0
ORD-38698,Fitri Wibowo,fitri_wibowo@outlook.com,8498481225.0,Malang,Lipstik MAC,Kecantikan,1,320300,0,320300.0,2025-12-05,COD,Selesai,1.0
ORD-47024,Indra Rahayu,indra_rahayu@outlook.com,628289745141.0,Depok,Setrika Uap Panasonic,Peralatan Rumah,3,418900,15,1068195.0,2025-12-05,GoPay,Dibatalkan,4.0
ORD-89791,Indra Kusuma,indra.kusuma@gmail.com,628685966428.0,Jakarta,Vacuum Cleaner Dyson,Peralatan Rumah,4,3656900,15,12433460.0,2025-12-05,Transfer Bank,Selesai,3.0
ORD-50134,Wahyu Utami,wahyuutami@yahoo.com,628895875114.0,Balikpapan,Lipstik MAC,Kecantikan,1,328300,50,164150.0,2025-12-05,Transfer Bank,Selesai,3.0
ORD-96117,Muhammad Santoso,muhammad90@gmail.com,8912746679.0,Semarang,Rak Buku Minimalis,Furniture,1,428300,5,406885.0,2025-12-05,QRIS,Dibatalkan,5.0
ORD-23123,Ahmad Kusuma,ahmad_kusuma@outlook.com,8853419132.0,Bandung,Meja Belajar Minimalis,Furniture,1,902800,0,902800.0,2025-12-05,Kartu Kredit,Dikirim,5.0
ORD-63465,Dian Wibowo,dianwibowo@yahoo.com,628582622631.0,Unknown,Celana Jeans Levis,Fashion,2,449500,5,854050.0,2025-12-05,OVO,Selesai,4.0
ORD-63887,Hani Ardiansyah,haniardiansyah@yahoo.com,628107638609.0,Batam,Celana Jeans Levis,Fashion,1,475800,15,404430.0,2025-12-05,GoPay,Selesai,4.0
ORD-72027,Rizki Wijaya,rizki.wijaya@gmail.com,8564340507.0,Solo,Vacuum Cleaner Dyson,Peralatan Rumah,4,3618200,0,14472800.0,2025-12-05,OVO,Dikembalikan,3.0
ORD-12660,Eko Wibowo,eko_wibowo@outlook.com,628497851696.0,Banjarmasin,Dompet Kulit Pria,Fashion,10,168100,20,1344800.0,2025-12-05,Transfer Bank,Selesai,1.0
ORD-36144,Ahmad Kusuma,ahmad.kusuma@gmail.com,8476055825.0,Pekanbaru,Buku Machine Learning,Buku,2,141700,5,269230.0,2025-12-05,GoPay,Selesai,3.0
ORD-27631,Candra Hartono,candra.hartono@gmail.com,628177754864.0,Banjarmasin,Susu UHT Ultra 1L,Makanan & Minuman,4,19300,15,65620.0,2025-12-05,Transfer Bank,Diproses,3.0
ORD-82744,Lina Ardiansyah,lina.ardiansyah@gmail.com,8307528076.0,Bandung,Novel Laskar Pelangi,Buku,1,80800,10,72720.0,2025-12-05,Dana,Selesai,1.0
ORD-26617,Yeni Nugraha,yeninugraha@yahoo.com,628557817881.0,Solo,Tablet iPad Air,Elektronik,2,9288400,20,14861440.0,2025-12-05,Kartu Kredit,Selesai,5.0
ORD-15161,Candra Setiawan,candra58@gmail.com,8656308382.0,Denpasar,Buku Resep Masakan,Buku,2,58100,0,116200.0,2025-12-05,Transfer Bank,Selesai,1.0
ORD-79514,Dian Lestari,dian.lestari@gmail.com,628995450404.0,Tangerang,Smartwatch Garmin,Elektronik,2,4013700,50,4013700.0,2025-12-05,Shopeepay,Selesai,3.0
ORD-51297,Fitri Ardiansyah,fitri6@gmail.com,8515200476.0,Makassar,Smartwatch Garmin,Elektronik,2,3831100,25,5746650.0,2025-12-05,Transfer Bank,Selesai,1.0
ORD-10402,Kevin Rahayu,kevin_rahayu@outlook.com,628155973336.0,Balikpapan,Lemari Pakaian 3 Pintu,Furniture,1,2071100,0,2071100.0,2025-12-05,COD,Selesai,3.0
ORD7242,Edy Handoko,edy.handoko@gmail.com,8679453010.0,Jakarta,Jaket Bomber Pria,Fashion,3,381200,5,1086420.0,2025-12-05,GoPay,Selesai,1.0
ORD-63245,Edy Hidayat,edyhidayat@yahoo.com,8106727022.0,Makassar,Minyak Goreng Bimoli 2L,Makanan & Minuman,1,36600,5,34770.0,2025-12-05,Dana,Diproses,3.0
ORD-41536,Edy Wibowo,edy16@gmail.com,8931298116.0,Manado,Susu UHT Ultra 1L,Makanan & Minuman,4,19700,100,0.0,2025-12-05,Kartu Kredit,Dikembalikan,2.0
ORD1085,Tono Suryadi,tono.suryadi@gmail.com,628489124053.0,Tangerang,Dompet Kulit Pria,Fashion,3,178600,5,509010.0,2025-12-05,Indomaret,Dibatalkan,1.0
ORD-36557,Farah Utami,farah_utami@outlook.com,628738818250.0,Palembang,Earbuds TWS JBL,Elektronik,20,845100,15,14366700.0,2025-12-05,Shopeepay,Selesai,3.0
ORD-48892,Muhammad Rahayu,muhammad.rahayu@gmail.com,8733251501.0,Depok,Novel Laskar Pelangi,Buku,1,72900,50,36450.0,2025-12-05,COD,Selesai,3.0
ORD-97060,Putri Gunawan,putri_gunawan@outlook.com,8276562703.0,Makassar,Lipstik MAC,Kecantikan,1,336800,50,168400.0,2025-12-05,Shopeepay,Diproses,2.0
ORD-68935,Wahyu Suryadi,wahyu.suryadi@gmail.com,8566159230.0,Banjarmasin,Susu UHT Ultra 1L,Makanan & Minuman,20,18300,15,311100.0,2025-12-05,GoPay,Selesai,2.0
ORD-14952,Eko Hidayat,eko.hidayat@gmail.com,8671816653.0,Semarang,Jaket Bomber Pria,Fashion,20,389900,15,6628300.0,2025-12-05,OVO,Dikirim,3.0
ORD7232,Oscar Ardiansyah,oscar.ardiansyah@gmail.com,8306218367.0,Denpasar,Rice Cooker Philips,Peralatan Rumah,2,347100,0,694200.0,2025-12-05,OVO,Selesai,5.0
ORD-99142,Bella Ardiansyah,bella_ardiansyah@outlook.com,8826029651.0,Surabaya,Susu UHT Ultra 1L,Makanan & Minuman,5,18900,0,94500.0,2025-12-05,Transfer Bank,Dikirim,3.0
ORD-54208,Sari Suryadi,sarisuryadi@yahoo.com,8205752426.0,Balikpapan,Setrika Uap Panasonic,Peralatan Rumah,1,456600,10,410940.0,2025-12-05,Alfamart,Selesai,3.0
ORD-12563,Indra Kusuma,indra.kusuma@gmail.com,628685966428.0,Jakarta,Serum Vitamin C Somethinc,Kecantikan,1,131300,20,105040.0,2025-12-05,GoPay,Selesai,4.0
ORD-78019,Umar Nugraha,umarnugraha@yahoo.com,628499646701.0,Bekasi,Smartwatch Garmin,Elektronik,3,3860400,0,11581200.0,2025-12-05,Dana,Selesai,2.0
ORD-60145,Ika Lestari,ikalestari@yahoo.com,8644116429.0,Banjarmasin,Komik Naruto Vol 1,Buku,3,36200,30,76020.0,2025-12-05,Shopeepay,Selesai,1.0
ORD-46968,Gilang Setiawan,gilang.setiawan@gmail.com,628513488628.0,Manado,Snack Chitato 68gr,Makanan & Minuman,5,12300,10,55350.0,2025-12-05,Transfer Bank,Selesai,4.0
ORD-88145,Farah Utami,farah_utami@outlook.com,628738818250.0,Palembang,Laptop Lenovo IdeaPad,Elektronik,2,7100700,0,14201400.0,2025-12-05,COD,Selesai,1.0
ORD-46428,Indra Setiawan,Unknown,8142818692.0,Unknown,Earbuds TWS JBL,Elektronik,1,840600,0,840600.0,2025-12-05,COD,Diproses,3.0
ORD-93864,Sari Hidayat,sari.hidayat@gmail.com,628115102892.0,Bogor,Headphone Sony WH-1000XM5,Elektronik,3,3427700,0,10283100.0,2025-12-05,Transfer Bank,Selesai,3.0
ORD-64076,Dewi Santoso,dewi_santoso@outlook.com,8268276470.0,Bogor,Earbuds TWS JBL,Elektronik,1,848500,0,848500.0,2025-12-05,Transfer Bank,Dikembalikan,1.0
ORD-47712,Budi Lestari,budi11@gmail.com,8394546989.0,Depok,Celana Jeans Levis,Fashion,3,471700,10,1273590.0,2025-12-05,GoPay,Selesai,3.0
ORD-82356,Nita Ardiansyah,nita_ardiansyah@outlook.com,628758938746.0,Balikpapan,Susu UHT Ultra 1L,Makanan & Minuman,1,19100,15,16235.0,2025-12-05,GoPay,Selesai,4.0
ORD-25765,Dewi Firmansyah,dewi_firmansyah@outlook.com,628515909595.0,Solo,Blender Philips,Peralatan Rumah,1,298300,30,208810.0,2025-12-05,Transfer Bank,Selesai,5.0
ORD-44617,Candra Firmansyah,candrafirmansyah@yahoo.com,628727847048.0,Batam,Kamera Canon EOS M50,Elektronik,2,8040600,10,14473080.0,2025-12-05,Shopeepay,Dikirim,5.0
ORD-86639,Yeni Purnama,yeni_purnama@outlook.com,628251492516.0,Balikpapan,Vacuum Cleaner Dyson,Peralatan Rumah,2,4081200,30,5713680.0,2025-12-05,Indomaret,Selesai,3.0
ORD-97854,Yeni Nugraha,yeni_nugraha@outlook.com,8925951043.0,Solo,Lemari Pakaian 3 Pintu,Furniture,5,2104700,10,9471150.0,2025-12-05,OVO,Selesai,3.0
ORD-75867,Umar Handoko,umar_handoko@outlook.com,628113321873.0,Malang,Rice Cooker Philips,Peralatan Rumah,2,351800,0,703600.0,2025-12-05,OVO,Dibatalkan,3.0
ORD-93898,Ika Prasetyo,ika.prasetyo@gmail.com,628403276065.0,Banjarmasin,Smartwatch Garmin,Elektronik,1,3924600,0,3924600.0,2025-12-05,Transfer Bank,Selesai,3.0
ORD-45861,Eko Wijaya,eko.wijaya@gmail.com,628199626108.0,Banjarmasin,Skincare Wardah Basic Kit,Kecantikan,5,192600,20,770400.0,2025-12-05,Kartu Kredit,Dikembalikan,5.0
ORD-17679,Yeni Nugraha,yeni_nugraha@outlook.com,8925951043.0,Solo,Teh Botol Sosro 330ml,Makanan & Minuman,2,5100,15,8670.0,2025-12-05,COD,Selesai,3.0
ORD-74819,Umar Hartono,umar_hartono@outlook.com,8653244614.0,Tangerang,Buku Resep Masakan,Buku,10,58400,30,408800.0,2025-12-05,Kartu Kredit,Selesai,3.0
ORD-72224,Kevin Utami,Unknown,628459988193.0,Medan,Headphone Sony WH-1000XM5,Elektronik,1,3559800,5,3381810.0,2025-12-05,OVO,Selesai,3.0
ORD-61948,Joko Setiawan,joko73@gmail.com,628702224599.0,Jakarta,Setrika Uap Panasonic,Peralatan Rumah,1,414500,30,290150.0,2025-12-05,OVO,Selesai,5.0
ORD-25331,Unknown,joko_sari@outlook.com,8279548432.0,Bandung,Headphone Sony WH-1000XM5,Elektronik,2,3607300,25,5410950.0,2025-12-05,Kartu Kredit,Dikirim,2.0
ORD-95180,Umar Nugraha,umarnugraha@yahoo.com,628499646701.0,Bekasi,Handphone Xiaomi Redmi Note 12,Elektronik,3,2928200,10,7906140.0,2025-12-05,OVO,Selesai,4.0
ORD-70422,Budi Lestari,budi11@gmail.com,8394546989.0,Depok,AC Split 1 PK Daikin,Peralatan Rumah,1,4191000,10,3771900.0,2025-12-05,Shopeepay,Selesai,2.0
ORD-44646,Hendra Gunawan,hendra.gunawan@gmail.com,628511497036.0,Malang,Lemari Pakaian 3 Pintu,Furniture,4,2263700,5,8602060.0,2025-12-05,GoPay,Selesai,3.0
ORD-27827,Farah Suryadi,farah40@gmail.com,8122510773.0,Jakarta,Kemeja Pria Polos,Unknown,5,128100,0,640500.0,2025-12-05,Dana,Dikirim,4.0
ORD-11927,Dian Wibowo,dianwibowo@yahoo.com,628582622631.0,Jakarta,Kopi Kapal Api 1kg,Makanan & Minuman,3,70000,5,199500.0,2025-12-05,GoPay,Selesai,5.0
ORD-63166,Farah Kusuma,farah.kusuma@gmail.com,628694422938.0,Yogyakarta,Vacuum Cleaner Dyson,Peralatan Rumah,20,3613800,25,54207000.0,2025-12-05,Transfer Bank,Selesai,3.0
ORD-32840,Vina Lestari,vinalestari@yahoo.com,8472637507.0,Tangerang,Rak Buku Minimalis,Furniture,1,463400,0,463400.0,2025-12-05,GoPay,Dibatalkan,3.0
ORD-45003,Edy Santoso,edy_santoso@outlook.com,8341563871.0,Malang,Celana Jeans Levis,Fashion,2,455100,5,864690.0,2025-12-05,Dana,Selesai,1.0
ORD-34087,Agus Prasetyo,agus.prasetyo@gmail.com,628733775016.0,Bandung,Speaker Bluetooth JBL,Elektronik,1,1146000,0,1146000.0,2025-12-05,GoPay,Dikembalikan,3.0
ORD-10851,Bella Wijaya,bellawijaya@yahoo.com,8565841933.0,Semarang,AC Split 1 PK Daikin,Peralatan Rumah,2,4088500,10,7359300.0,2025-12-05,OVO,Selesai,3.0
ORD-38304,Nita Ardiansyah,nita_ardiansyah@outlook.com,628758938746.0,Balikpapan,Sunscreen SPF50 Biore,Kecantikan,1,69200,5,65740.0,2025-12-05,GoPay,Diproses,3.0
ORD-30380,Indra Setiawan,indra_setiawan@outlook.com,8142818692.0,Malang,Tas Ransel Laptop,Fashion,5,327900,15,1393575.0,2025-12-05,Shopeepay,Dikirim,2.0
ORD-57077,Wahyu Putra,wahyu.putra@gmail.com,628621909393.0,Manado,Celana Jeans Levis,Fashion,1,417000,5,396150.0,2025-12-05,COD,Selesai,5.0
ORD-58309,Dewi Putra,dewiputra@yahoo.com,8967588425.0,Semarang,Handphone Samsung Galaxy A54,Elektronik,5,4121500,10,18546750.0,2025-12-05,Dana,Selesai,3.0
ORD-69456,Oji Setiawan,oji54@gmail.com,628576228407.0,Manado,Tablet iPad Air,Elektronik,1,8594200,15,7305070.0,2025-12-05,COD,Selesai,1.0
ORD-41404,Lina Setiawan,linasetiawan@yahoo.com,628205955645.0,Bogor,Kaos Distro Premium,Fashion,1,83400,30,58379.99999999999,2025-12-05,Transfer Bank,Selesai,1.0
ORD-29335,Lina Setiawan,linasetiawan@yahoo.com,628205955645.0,Bogor,Handphone Samsung Galaxy A54,Elektronik,4,3881000,0,15524000.0,2025-12-05,Transfer Bank,Dikirim,2.0
ORD-56428,Indra Purnama,indra12@gmail.com,8753355029.0,Makassar,Buku Python untuk Pemula,Buku,1,91500,20,73200.0,2025-12-05,Shopeepay,Selesai,3.0
ORD-76631,Dewi Hidayat,dewihidayat@yahoo.com,628597402509.0,Banjarmasin,Speaker Bluetooth JBL,Elektronik,4,1170500,15,3979700.0,2025-12-05,Indomaret,Selesai,2.0
ORD-42065,Nita Ardiansyah,nita_ardiansyah@outlook.com,628758938746.0,Balikpapan,Rice Cooker Philips,Peralatan Rumah,1,360300,10,324270.0,2025-12-05,Shopeepay,Selesai,4.0
ORD-74297,Tono Wijaya,tono_wijaya@outlook.com,8844905100.0,Tangerang,Kaos Distro Premium,Fashion,3,80000,30,168000.0,2025-12-05,OVO,Selesai,5.0
ORD-34690,Joko Firmansyah,Unknown,628222626229.0,Solo,Susu UHT Ultra 1L,Makanan & Minuman,1,18000,10,16200.0,2025-12-05,COD,Diproses,3.0
ORD-75065,Yeni Hartono,yenihartono@yahoo.com,628882421902.0,Bekasi,Jam Tangan Casio,Fashion,4,690000,5,2622000.0,2025-12-05,GoPay,Dibatalkan,5.0
ORD-59827,Umar Hartono,umarhartono@yahoo.com,8695727345.0,Balikpapan,AC Split 1 PK Daikin,Peralatan Rumah,1,4347200,0,4347200.0,2025-12-05,Transfer Bank,Selesai,3.0
ORD-48293,Agus Prasetyo,agusprasetyo@yahoo.com,8964985095.0,Manado,Jam Tangan Casio,Fashion,5,661600,15,2811800.0,2025-12-05,GoPay,Dibatalkan,5.0
ORD-26470,Dian Utami,dian85@gmail.com,8294185957.0,Denpasar,Setrika Uap Panasonic,Unknown,1,448700,0,448700.0,2025-12-05,Dana,Dibatalkan,5.0
ORD-20339,Umar Handoko,Unknown,628113321873.0,Malang,Rak Buku Minimalis,Furniture,3,453800,0,1361400.0,2025-12-05,Kartu Kredit,Selesai,2.0
ORD-49486,Ahmad Rahayu,ahmadrahayu@yahoo.com,628881088100.0,Banjarmasin,Teh Botol Sosro 330ml,Makanan & Minuman,3,5700,0,17100.0,2025-12-05,Shopeepay,Dibatalkan,1.0
ORD-42778,Hani Nugraha,haninugraha@yahoo.com,628472696860.0,Manado,Teh Botol Sosro 330ml,Makanan & Minuman,3,5200,20,12480.0,2025-12-05,COD,Selesai,2.0
ORD-32364,Hani Ardiansyah,hani.ardiansyah@gmail.com,628285886733.0,Medan!,Kamera Canon EOS M50,Elektronik,2,8069000,20,12910400.0,2025-12-05,Shopeepay,Dikirim,3.0
ORD-79963,Bella Wijaya,bellawijaya@yahoo.com,8565841933.0,Semarang,Speaker Bluetooth JBL,Elektronik,2,1285900,15,2186030.0,2025-12-05,Alfamart,Selesai,5.0
ORD-16485,Mario Setiawan,mariosetiawan@yahoo.com,Unknown,Denpasar,Jaket Bomber Pria,Fashion,2,386000,0,772000.0,2025-12-05,Transfer Bank,Selesai,4.0
ORD-55791,Eko Hartono,ekohartono@yahoo.com,Unknown,Solo,Snack Chitato 68gr,Makanan & Minuman,3,12400,5,35340.0,2025-12-05,GoPay,Selesai,3.0
ORD-13640,Yeni Suryadi,yeni.suryadi@gmail.com,628663778404.0,Semarang,Novel Laskar Pelangi,Buku,5,72400,15,307700.0,2025-12-05,Shopeepay,Selesai,4.0
ORD-96932,Joko Kusuma,jokokusuma@yahoo.com,628956828829.0,Makassar,Kursi Gaming Ergonomis,Furniture,1,1684000,15,1431400.0,2025-12-05,COD,Selesai,2.0
ORD-67074,Candra Setiawan,candra.setiawan@gmail.com,628979969688.0,Balikpapan,Laptop ASUS VivoBook,Elektronik,2,7024800,10,12644640.0,2025-12-05,OVO,Selesai,5.0
ORD-62336,Bella Gunawan,bella_gunawan@outlook.com,628952600296.0,Surabaya,Kamera Canon EOS M50,Elektronik,1,8307100,30,5814970.0,2025-12-05,GoPay,Selesai,3.0
ORD-90608,Rizki Kusuma,rizki.kusuma@gmail.com,628493946849.0,Pekanbaru,Buku Resep Masakan,Buku,3,59200,0,177600.0,2025-12-05,Kartu Kredit,Selesai,1.0
ORD-98234,Indra Nugraha,indra_nugraha@outlook.com,628402724773.0,Bandung,Earbuds TWS JBL,Elektronik,5,850800,25,3190500.0,2025-12-05,Transfer Bank,Selesai,3.0
ORD-98214,Oscar Ardiansyah,Unknown,628535638619.0,Depok,Kaos Distro Premium,Fashion,4,84500,5,321100.0,2025-12-05,GoPay,Selesai,2.0
ORD-83719,Fitri Nugraha,fitri.nugraha@gmail.com,8814335942.0,Makassar,Snack Chitato 68gr,Makanan & Minuman,3,12500,0,37500.0,2025-12-05,Dana,Selesai,3.0
ORD0706,Oscar Hidayat,Unknown,8881654924.0,Solo,Lipstik MAC,Kecantikan,3,322600,20,774240.0,2025-12-05,COD,Dikembalikan,2.0
ORD-56647,Indra Purnama,indra12@gmail.com,8753355029.0,Makassar,Sofa L-Shape,Furniture,3,5317600,5,15155160.0,2025-12-05,OVO,Selesai,3.0
ORD-66063,Muhammad Gunawan,muhammad58@gmail.com,8866443037.0,Surabaya,Dompet Kulit Pria,Fashion,1,169500,0,169500.0,2025-12-05,Indomaret,Selesai,3.0
ORD-51343,Lusi Hartono,lusi.hartono@gmail.com,8644394336.0,Malang,Tablet iPad Air,Elektronik,1,9360400,15,7956340.0,2025-12-05,COD,Selesai,2.0
ORD-47679,Indra Rahayu,indra_rahayu@outlook.com,628289745141.0,Depok,Buku Resep Masakan,Buku,1,51100,30,35770.0,2025-12-05,Dana,Dikembalikan,5.0
ORD-97633,Umar Wibowo,umar.wibowo@gmail.com,8321609681.0,Pekanbaru,Meja Belajar Minimalis,Furniture,2,795800,10,1432440.0,2025-12-05,OVO,Selesai,2.0
ORD-14906,Mario Wijaya,mario.wijaya@gmail.com,8802023137.0,Balikpapan,Buku Python untuk Pemula,Buku,2,82900,0,165800.0,2025-12-05,COD,Dikirim,3.0
ORD-65686,Yeni Nugraha,yeni_nugraha@outlook.com,8925951043.0,Solo,Earbuds TWS JBL,Elektronik,1,882000,20,705600.0,2025-12-05,Dana,Dikirim,3.0
ORD-79765,Xena Hidayat,xena97@gmail.com,8153067274.0,Balikpapan,Lipstik MAC,Kecantikan,3,340800,0,1022400.0,2025-12-05,Kartu Kredit,Selesai,3.0
ORD-54113,Candra Lestari,candralestari@yahoo.com,Unknown,Surabaya,Buku Machine Learning,Buku,1,148000,0,148000.0,2025-12-05,OVO,Selesai,5.0
ORD-26585,Dian Firmansyah,dian_firmansyah@outlook.com,8327211142.0,Depok,Buku Machine Learning,Buku,1,139000,10,125100.0,2025-12-05,Kartu Kredit,Selesai,3.0
ORD-48259,Eko Putra,eko.putra@gmail.com,628179382064.0,Makassar,Sofa L-Shape,Furniture,2,5782000,5,10985800.0,2025-12-05,Indomaret,Dikirim,2.0
ORD-57844,Mario Prasetyo,marioprasetyo@yahoo.com,628329228157.0,Unknown,Sunscreen SPF50 Biore,Kecantikan,1,68900,0,68900.0,2025-12-05,Indomaret,Dikembalikan,5.0
ORD-90434,Siti Nugraha,siti_nugraha@outlook.com,8208945197.0,Banjarmasin,Lemari Pakaian 3 Pintu,Furniture,4,2063400,10,7428240.0,2025-12-05,COD,Dikirim,1.0
ORD4999,Tono Firmansyah,tono_firmansyah@outlook.com,628671630944.0,Bandung,Sunscreen SPF50 Biore,Kecantikan,2,64900,30,90860.0,2025-12-05,GoPay,Selesai,1.0
ORD-23933,Edy Ardiansyah,edy.ardiansyah@gmail.com,8685560602.0,Pekanbaru,Novel Laskar Pelangi,Buku,4,80100,5,304380.0,2025-12-05,Kartu Kredit,Selesai,4.0
ORD-67284,Sari Nugraha,sari99@gmail.com,Unknown,Unknown,Tablet iPad Air,Elektronik,2,8793700,0,17587400.0,2025-12-05,Shopeepay,Dikirim,2.0
ORD-30808,Yeni Prasetyo,yeni.prasetyo@gmail.com,628548421839.0,Banjarmasin,Buku Python untuk Pemula,Buku,1,87900,0,87900.0,2025-12-05,Shopeepay,Selesai,1.0
ORD-53217,Yeni Utami,yeni.utami@gmail.com,628191560573.0,Depok,Speaker Bluetooth JBL,Elektronik,1,1290800,0,1290800.0,2025-12-05,GoPay,Selesai,3.0
ORD-99463,Umar Hidayat,umar.hidayat@gmail.com,8513883553.0,Tangerang,Susu UHT Ultra 1L,Makanan & Minuman,1,18300,0,18300.0,2025-12-05,GoPay,Dikembalikan,3.0
ORD-38673,Muhammad Sari,muhammad_sari@outlook.com,628808738745.0,Bandung,Komik Naruto Vol 1,Buku,1,32700,20,26160.0,2025-12-05,Transfer Bank,Selesai,2.0
ORD1784,Agus Lestari,agus48@gmail.com,628671748547.0,Depok,Speaker Bluetooth JBL,Elektronik,1,1128100,0,1128100.0,2025-12-05,Transfer Bank,Selesai,3.0
ORD-81963,Hendra Gunawan,hendra.gunawan@gmail.com,628511497036.0,Malang,Handphone Samsung Galaxy A54,Elektronik,3,3873900,20,9297360.0,2025-12-05,Dana,Selesai,5.0
ORD-18689,Lina Ardiansyah,lina_ardiansyah@outlook.com,628946060836.0,Bogor,Rak Buku Minimalis,Furniture,10,464200,0,4642000.0,2025-12-05,Transfer Bank,Selesai,5.0
ORD-50613,Unknown,nita.firmansyah@gmail.com,8776005578.0,Jakarta,Tablet iPad Air,Elektronik,2,9760000,50,9760000.0,2025-12-05,Kartu Kredit,Selesai,1.0
ORD-58773,Dewi Hidayat,dewi.hidayat@gmail.com,Unknown,Semarang,Speaker Bluetooth JBL,Elektronik,1,1176300,10,1058670.0,2025-12-05,Dana,Dikirim,4.0
ORD-26056,Ahmad Kusuma,ahmad_kusuma@outlook.com,8853419132.0,Bandung,Lipstik MAC,Kecantikan,2,345300,0,690600.0,2025-12-05,Dana,Selesai,4.0
ORD-72283,Umar Nugraha,umar.nugraha@gmail.com,628927524435.0,Surabaya,Parfum Pria Davidoff,Unknown,1,625800,5,594510.0,2025-12-05,Transfer Bank,Diproses,1.0
ORD-19831,Nita Hidayat,Unknown,628653192921.0,Yogyakarta,Buku Resep Masakan,Buku,2,51700,0,103400.0,2025-12-05,Dana,Selesai,5.0
ORD-66996,Tono Utami,tono_utami@outlook.com,628885014486.0,Tangerang,Rak Buku Minimalis,Furniture,1,468300,0,468300.0,2025-12-05,Transfer Bank,Dibatalkan,2.0
ORD-42191,Dewi Kusuma,dewi35@gmail.com,8948113787.0,Malang,Kemeja Pria Polos,Fashion,4,121800,10,438480.0,2025-12-05,Dana,Diproses,3.0
ORD-29810,Julia Gunawan,julia.gunawan@gmail.com,8542639417.0,Semarang,Sofa L-Shape,Furniture,3,5150500,5,14678925.0,2025-12-05,Shopeepay,Dibatalkan,3.0
ORD-95162,Sari Nugraha,sari99@gmail.com,8715108369.0,Bekasi,Susu UHT Ultra 1L,Makanan & Minuman,4,17300,5,65740.0,2025-12-05,OVO,Dikirim,3.0
ORD-80739,Edy Wibowo,edy.wibowo@gmail.com,628242096280.0,Semarang,Jam Tangan Casio,Fashion,1,678300,5,644385.0,2025-12-05,OVO,Selesai,2.0
ORD-23931,Agus Wijaya,aguswijaya@yahoo.com,Unknown,Unknown,Susu UHT Ultra 1L,Makanan & Minuman,20,18200,10,327600.0,2025-12-05,Transfer Bank,Diproses,5.0
ORD-15211,Hani Rahayu,hani_rahayu@outlook.com,628705089126.0,Bandung,Kursi Gaming Ergonomis,Furniture,2,1894500,0,3789000.0,2025-12-05,COD,Selesai,2.0
ORD-45728,Mario Putra,mario81@gmail.com,8457191986.0,Pekanbaru,Serum Vitamin C Somethinc,Kecantikan,1,132300,15,112455.0,2025-12-05,Kartu Kredit,Selesai,5.0
ORD-98250,Edy Wibowo,edy.wibowo@gmail.com,628242096280.0,Semarang,Blender Philips,Peralatan Rumah,3,262700,15,669885.0,2025-12-05,GoPay,Diproses,4.0
ORD3415,Prita Gunawan,prita.gunawan@gmail.com,8133395441.0,Jakarta,Tas Ransel Laptop,Fashion,2,339500,0,679000.0,2025-12-05,OVO,Selesai,3.0
ORD-45116,Edy Handoko,edy.handoko@gmail.com,8679453010.0,Jakarta,Novel Laskar Pelangi,Buku,1,76200,10,68580.0,2025-12-05,Dana,Dikirim,5.0
ORD-56059,Dewi Firmansyah,dewi_firmansyah@outlook.com,628515909595.0,Solo,Snack Chitato 68gr,Unknown,2,13300,25,19950.0,2025-12-05,Transfer Bank,Selesai,3.0
ORD-51276,Hani Hartono,hani_hartono@outlook.com,628508185805.0,Tangerang,Jam Tangan Casio,Fashion,1,657400,0,657400.0,2025-12-05,OVO,Dibatalkan,1.0
ORD-97145,Hani Ardiansyah,hani.ardiansyah@gmail.com,628285886733.0,Tangerang,Meja Belajar Minimalis,Furniture,1,823100,0,823100.0,2025-12-05,Alfamart,Selesai,3.0
ORD-32967,Wahyu Firmansyah,wahyu.firmansyah@gmail.com,8644554277.0,Depok,Tas Ransel Laptop,Fashion,1,305600,10,275040.0,2025-12-05,GoPay,Diproses,3.0
ORD-39206,Nadia Rahayu,nadia_rahayu@outlook.com,628697178606.0,Surabaya,Tas Ransel Laptop,Fashion,4,323600,0,1294400.0,2025-12-05,Shopeepay,Selesai,3.0
ORD-58131,Farah Suryadi,Unknown,8122510773.0,Jakarta,Teh Botol Sosro 330ml,Makanan & Minuman,2,5300,5,10070.0,2025-12-05,GoPay,Selesai,4.0
ORD-26953,Muhammad Gunawan,muhammad58@gmail.com,8866443037.0,Surabaya,Minyak Goreng Bimoli 2L,Makanan & Minuman,1,40500,10,36450.0,2025-12-05,Transfer Bank,Selesai,4.0
ORD-30227,Prita Rahayu,pritarahayu@yahoo.com,8686569576.0,Malang,Buku Python untuk Pemula,Buku,2,85400,50,85400.0,2025-12-05,Transfer Bank,Selesai,1.0
ORD-34851,Oscar Sari,oscar36@gmail.com,628277924719.0,Banjarmasin,Laptop Lenovo IdeaPad,Elektronik,1,6260800,15,5321680.0,2025-12-05,Indomaret,Selesai,3.0
ORD-29963,Sari Hidayat,Unknown,628264934808.0,Yogyakarta,Komik Naruto Vol 1,Buku,4,35200,0,140800.0,2025-12-05,Transfer Bank,Dikirim,2.0
ORD-10881,Nadia Hidayat,nadiahidayat@yahoo.com,628331236293.0,Manado,Tablet iPad Air,Elektronik,10,9510300,10,85592700.0,2025-12-05,GoPay,Selesai,4.0
ORD-89731,Eko Hartono,ekohartono@yahoo.com,8997442089.0,Solo,Teh Botol Sosro 330ml,Makanan & Minuman,1,5600,0,5600.0,2025-12-05,COD,Selesai,1.0
ORD-45553,Kevin Rahayu,kevin_rahayu@outlook.com,628155973336.0,Balikpapan,Tablet iPad Air,Elektronik,2,9820900,100,0.0,2025-12-05,COD,Selesai,5.0
ORD-31614,Indra Setiawan,indra_setiawan@outlook.com,8142818692.0,Malang,Rak Buku Minimalis,Furniture,1,423700,15,360145.0,2025-12-05,GoPay,Selesai,5.0
ORD-88265,Kartika Setiawan,kartika_setiawan@outlook.com,628106171869.0,Bandung,Meja Belajar Minimalis,Furniture,1,877100,0,877100.0,2025-12-05,GoPay,Dibatalkan,1.0
ORD-99246,Dian Wibowo,dianwibowo@yahoo.com,628582622631.0,Bandung,Earbuds TWS JBL,Elektronik,1,839500,10,755550.0,2025-12-05,Transfer Bank,Selesai,3.0
ORD-17132,Mario Hidayat,mariohidayat@yahoo.com,8244446065.0,Bandung,Earbuds TWS JBL,Elektronik,2,885200,5,1681880.0,2025-12-05,GoPay,Selesai,4.0
ORD3044,Umar Nugraha,umarnugraha@yahoo.com,628499646701.0,Bekasi,Earbuds TWS JBL,Elektronik,1,855700,10,770130.0,2025-12-05,COD,Selesai,2.0
ORD-41466,Ika Prasetyo,ika.prasetyo@gmail.com,628403276065.0,Banjarmasin,AC Split 1 PK Daikin,Peralatan Rumah,3,4116700,5,11732595.0,2025-12-05,Shopeepay,Selesai,1.0
ORD-32212,Kartika Santoso,kartika_santoso@outlook.com,Unknown,Depok,Earbuds TWS JBL,Elektronik,2,881000,15,1497700.0,2025-12-05,Kartu Kredit,Selesai,3.0
ORD-35022,Siti Nugraha,siti_nugraha@outlook.com,8208945197.0,Banjarmasin,Rice Cooker Philips,Peralatan Rumah,10,371500,0,3715000.0,2025-12-05,COD,Selesai,5.0
ORD-66000,Edy Prasetyo,edyprasetyo@yahoo.com,8458761611.0,Tangerang,Meja Belajar Minimalis,Furniture,3,783900,0,2351700.0,2025-12-05,Transfer Bank,Selesai,3.0
ORD-23674,Rizki Hartono,rizkihartono@yahoo.com,628241540516.0,Palembang,Sepatu Adidas Ultraboost,Fashion,1,1383900,15,1176315.0,2025-12-05,Dana,Dikirim,2.0
ORD-28526,Wahyu Putra,wahyu.putra@gmail.com,628621909393.0,Manado,Skincare Wardah Basic Kit,Kecantikan,20,171900,5,3266100.0,2025-12-05,COD,Selesai,3.0
ORD-60701,Dewi Kusuma,dewi35@gmail.com,8948113787.0,Malang,Komik Naruto Vol 1,Buku,1,37000,0,37000.0,2025-12-05,GoPay,Selesai,5.0
ORD-56985,Lusi Gunawan,lusi82@gmail.com,628383941912.0,Semarang,Skincare Wardah Basic Kit,Kecantikan,2,2720800,20,4353280.0,2025-12-05,Transfer Bank,Selesai,3.0
ORD-10647,Kevin Setiawan,kevin41@gmail.com,8392516313.0,Medan,Blender Philips,Peralatan Rumah,1,298500,20,238800.0,2025-12-05,Indomaret,Selesai,2.0
ORD-90022,Dewi Hidayat,Unknown,628597402509.0,Banjarmasin,Jaket Bomber Pria,Fashion,3,355500,10,959850.0,2025-12-05,Transfer Bank,Dikirim,2.0
ORD-79419,Oscar Ardiansyah,oscar.ardiansyah@gmail.com,8306218367.0,Unknown,Speaker Bluetooth JBL,Elektronik,4,1274200,5,4841960.0,2025-12-05,COD,Selesai,3.0
ORD-17420,Lusi Gunawan,lusi63@gmail.com,8595449368.0,Bekasi,Meja Belajar Minimalis,Furniture,3,894100,5,2548185.0,2025-12-05,OVO,Selesai,2.0
ORD-37542,Rizki Gunawan,rizki.gunawan@gmail.com,8627249378.0,Bandung,Serum Vitamin C Somethinc,Kecantikan,1,131100,10,117990.0,2025-12-05,COD,Selesai,1.0
ORD-96271,Agus Wibowo,agus.wibowo@gmail.com,628757070468.0,Yogyakarta,Snack Chitato 68gr,Makanan & Minuman,3,13200,0,39600.0,2025-12-05,Shopeepay,Dikirim,3.0
ORD-49307,Gilang Lestari,gilang68@gmail.com,8666262886.0,Semarang,Sofa L-Shape,Furniture,3,5215500,10,14081850.0,2025-12-05,Indomaret,Selesai,2.0
ORD-22960,Fitri Lestari,fitri35@gmail.com,Unknown,Jakarta,Skincare Wardah Basic Kit,Kecantikan,3,181600,10,490320.0,2025-12-05,OVO,Selesai,2.0
ORD-85384,Indra Purnama,indra12@gmail.com,8753355029.0,Makassar,Buku Python untuk Pemula,Buku,2,94600,15,160820.0,2025-12-05,Shopeepay,Selesai,2.0
ORD-57683,Dewi Utami,dewiutami@yahoo.com,628166778321.0,Solo,Tas Ransel Laptop,Fashion,1,334300,10,300870.0,2025-12-05,COD,Dibatalkan,1.0
ORD-87117,Nadia Rahayu,nadia_rahayu@outlook.com,628697178606.0,Surabaya,Dress Wanita Batik,Fashion,1,181400,5,172330.0,2025-12-05,Kartu Kredit,Diproses,3.0
ORD-18509,Prita Gunawan,prita.gunawan@gmail.com,8133395441.0,Unknown,Susu UHT Ultra 1L,Makanan & Minuman,2,17300,10,31140.0,2025-12-05,COD,Selesai,3.0
ORD-84237,Farah Santoso,farahsantoso@yahoo.com,8623589751.0,Jogja,Parfum Pria Davidoff,Kecantikan,1,546700,50,273350.0,2025-12-05,Transfer Bank,Selesai,2.0
ORD-59654,Eko Lestari,eko1@gmail.com,8678883823.0,Tangerang,Sepatu Adidas Ultraboost,Fashion,3,1460500,0,4381500.0,2025-12-05,GoPay,Selesai,1.0
ORD-58427,Hani Nugraha,haninugraha@yahoo.com,628472696860.0,Manado,Kemeja Pria Polos,Fashion,20,115900,15,1970300.0,2025-12-05,OVO,Dikirim,5.0
ORD-53139,Tono Utami,tono_utami@outlook.com,628885014486.0,Tangerang,Dress Wanita Batik,Fashion,1,189400,50,94700.0,2025-12-05,Indomaret,Selesai,3.0
ORD-31917,Bella Putra,bellaputra@yahoo.com,8842225232.0,Pekanbaru,Headphone Sony WH-1000XM5,Elektronik,1,3221100,0,3221100.0,2025-12-05,COD,Dibatalkan,5.0
ORD-55595,Oscar Firmansyah,oscarfirmansyah@yahoo.com,8769461748.0,Semarang,Sunscreen SPF50 Biore,Kecantikan,20,62900,15,1069300.0,2025-12-05,GoPay,Selesai,1.0
ORD-94971,Wahyu Firmansyah,wahyu.firmansyah@gmail.com,8644554277.0,Depok,Sunscreen SPF50 Biore,Kecantikan,1,64400,10,57960.0,2025-12-05,COD,Diproses,1.0
ORD-82379,Julia Gunawan,juliagunawan@yahoo.com,628207418028.0,Batam,Lipstik MAC,Kecantikan,1,308600,50,154300.0,2025-12-05,Transfer Bank,Selesai,3.0
ORD-83178,Xena Putra,xenaputra@yahoo.com,8807352484.0,Pekanbaru,Minyak Goreng Bimoli 2L,Makanan & Minuman,2,38700,25,58050.0,2025-12-05,OVO,Dibatalkan,1.0
ORD-28258,Tono Handoko,tono_handoko@outlook.com,628992647814.0,Batam,Kamera Canon EOS M50,Elektronik,5,8846300,10,39808350.0,2025-12-05,OVO,Selesai,2.0
ORD-10649,Julia Lestari,julialestari@yahoo.com,8338250013.0,Surabaya,Handphone Samsung Galaxy A54,Elektronik,1,4516600,0,4516600.0,2025-12-05,Transfer Bank,Selesai,3.0
ORD-86253,Muhammad Firmansyah,muhammadfirmansyah@yahoo.com,628724888118.0,Tangerang,Kursi Gaming Ergonomis,Furniture,1,1764500,10,1588050.0,2025-12-05,OVO,Dibatalkan,2.0
ORD-77191,Lina Setiawan,linasetiawan@yahoo.com,628205955645.0,Bogor,Dompet Kulit Pria,Fashion,1,184700,30,129289.99999999999,2025-12-05,OVO,Selesai,3.0
ORD-33996,Umar Suryadi,umar77@gmail.com,Unknown,Jakarta,Sepatu Nike Air Max,Fashion,3,1347600,15,3436380.0,2025-12-05,GoPay,Selesai,3.0
ORD-84381,Mario Putra,mario81@gmail.com,8457191986.0,Pekanbaru,Tablet iPad Air,Elektronik,4,8674500,15,29493300.0,2025-12-05,COD,Selesai,3.0
ORD-34385,Julia Gunawan,Unknown,628207418028.0,Batam,Buku Python untuk Pemula,Buku,4,95900,15,326060.0,2025-12-05,GoPay,Selesai,4.0
ORD-28876,Umar Nugraha,Unknown,628499646701.0,Bekasi,Teh Botol Sosro 330ml,Makanan & Minuman,3,5100,15,13005.0,2025-12-05,GoPay,Selesai,2.0
ORD-98590,Eko Kusuma,eko50@gmail.com,8999767135.0,Medan,Sepatu Adidas Ultraboost,Fashion,1,1565600,0,1565600.0,2025-12-05,Indomaret,Dikirim,2.0
ORD-88563,Hani Rahayu,hani_rahayu@outlook.com,628705089126.0,Yogya,Handphone Xiaomi Redmi Note 12,Elektronik,1,2626900,20,2101520.0,2025-12-05,Shopeepay,Selesai,4.0
ORD-71606,Eko Hartono,eko77@gmail.com,628988017921.0,Banjarmasin,Celana Jeans Levis,Fashion,1,461800,15,392530.0,2025-12-05,Transfer Bank,Selesai,2.0
ORD-31377,Bella Wijaya,bellawijaya@yahoo.com,8565841933.0,Semarang,AC Split 1 PK Daikin,Peralatan Rumah,1,4472400,15,3801540.0,2025-12-05,GoPay,Selesai,5.0
ORD-94849,Agus Prasetyo,agusprasetyo@yahoo.com,8964985095.0,Manado,Handphone Xiaomi Redmi Note 12,Elektronik,2,2649700,5,5034430.0,2025-12-05,Transfer Bank,Dibatalkan,1.0
ORD-65993,Lusi Rahayu,lusi_rahayu@outlook.com,8449396529.0,Batam,Sofa L-Shape,Furniture,1,5381000,15,4573850.0,2025-12-05,GoPay,Selesai,3.0
ORD-81578,Hendra Rahayu,hendra.rahayu@gmail.com,8369742856.0,Malang,Sofa L-Shape,Furniture,2,5755100,5,10934690.0,2025-12-05,Shopeepay,Dibatalkan,4.0
ORD-48769,Nadia Hartono,nadia_hartono@outlook.com,628616507321.0,Malang,Buku Resep Masakan,Buku,2,55800,0,111600.0,2025-12-05,Transfer Bank,Dibatalkan,5.0
ORD-21570,Lusi Gunawan,lusi63@gmail.com,8595449368.0,Bekasi,Snack Chitato 68gr,Makanan & Minuman,4,13100,30,36680.0,2025-12-05,Transfer Bank,Selesai,4.0
ORD-72775,Prita Setiawan,prita.setiawan@gmail.com,628376952975.0,Manado,Kamera Canon EOS M50,Elektronik,10,8920200,0,89202000.0,2025-12-05,Transfer Bank,Dibatalkan,2.0
ORD-35521,Yeni Purnama,yeni_purnama@outlook.com,628251492516.0,Balikpapan,Meja Belajar Minimalis,Furniture,2,805000,15,1368500.0,2025-12-05,COD,Selesai,4.0
ORD-79756,Joko Prasetyo,joko85@gmail.com,628878099076.0,Bogor,Dompet Kulit Pria,Fashion,5,164500,5,781375.0,2025-12-05,Transfer Bank,Dibatalkan,5.0
ORD-15713,Dian Wibowo,dianwibowo@yahoo.com,628582622631.0,Jakarta,Susu UHT Ultra 1L,Makanan & Minuman,2,17600,5,33440.0,2025-12-05,Dana,Selesai,1.0
ORD-62625,Gilang Suryadi,gilangsuryadi@yahoo.com,628899569884.0,Batam,Kemeja Pria Polos,Fashion,2,114800,100,0.0,2025-12-05,GoPay,Dibatalkan,4.0
ORD-13261,Ika Lestari,ika69@gmail.com,8698115687.0,Tangerang,Kopi Kapal Api 1kg,Makanan & Minuman,10,78200,5,742900.0,2025-12-05,Shopeepay,Selesai,3.0
ORD-64897,Kevin Utami,kevin.utami@gmail.com,628459988193.0,Medan,Tas Ransel Laptop,Unknown,2,320300,15,544510.0,2025-12-05,Kartu Kredit,Selesai,2.0
ORD-99687,Hani Nugraha,haninugraha@yahoo.com,628472696860.0,Manado,Blender Philips,Peralatan Rumah,4,263700,0,1054800.0,2025-12-05,Shopeepay,Selesai,2.0
ORD-95852,Dewi Setiawan,dewi_setiawan@outlook.com,628997749095.0,Bandung,Handphone Xiaomi Redmi Note 12,Elektronik,2,2765900,0,5531800.0,2025-12-05,Transfer Bank,Dibatalkan,3.0
ORD-73444,Dian Rahayu,dian.rahayu@gmail.com,628364540415.0,Unknown,Snack Chitato 68gr,Makanan & Minuman,1,848900,10,764010.0,2025-12-05,COD,Selesai,2.0
ORD-10841,Indra Lestari,indra_lestari@outlook.com,628279796063.0,Jakarta,Novel Laskar Pelangi,Buku,3,78000,0,234000.0,2025-12-05,COD,Selesai,4.0
ORD-61246,Hani Firmansyah,hani_firmansyah@outlook.com,Unknown,Batam,Laptop ASUS VivoBook,Elektronik,1,7256200,20,5804960.0,2025-12-05,Transfer Bank,Selesai,4.0
ORD-11468,Edy Sari,edy_sari@outlook.com,628508159911.0,Semarang,Tas Ransel Laptop,Fashion,4,299200,0,1196800.0,2025-12-05,COD,Dibatalkan,3.0
ORD-32004,Lina Suryadi,lina27@gmail.com,628101213899.0,Bandung,Buku Machine Learning,Buku,2,139200,15,236640.0,2025-12-05,COD,Dikirim,3.0
ORD-80621,Hendra Santoso,hendrasantoso@yahoo.com,628355479152.0,Jakarta,Rak Buku Minimalis,Furniture,2,421400,10,758520.0,2025-12-05,Transfer Bank,Selesai,3.0
ORD-83327,Muhammad Sari,muhammad_sari@outlook.com,628808738745.0,Bandung,Rak Buku Minimalis,Furniture,5,457800,20,1831200.0,2025-12-05,GoPay,Selesai,1.0
ORD-45909,Tono Gunawan,tono_gunawan@outlook.com,628298491822.0,Yogyakarta,Tas Ransel Laptop,Fashion,2,344900,5,655310.0,2025-12-05,OVO,Selesai,1.0
ORD-99455,Yeni Utami,yeniutami@yahoo.com,8272058651.0,Unknown,Setrika Uap Panasonic,Peralatan Rumah,4,441600,50,883200.0,2025-12-05,COD,Selesai,2.0
ORD-88348,Hani Ardiansyah,haniardiansyah@yahoo.com,628107638609.0,Batam,Lipstik MAC,Kecantikan,1,298100,15,253385.0,2025-12-05,COD,Selesai,4.0
ORD-76773,Mario Utami,mario.utami@gmail.com,8743673793.0,Banjarmasin,Serum Vitamin C Somethinc,Kecantikan,2,135500,5,257450.0,2025-12-05,Dana,Selesai,3.0
ORD-46882,Joko Prasetyo,joko85@gmail.com,628878099076.0,Bogor,Skincare Wardah Basic Kit,Kecantikan,1,182700,0,182700.0,2025-12-05,Shopeepay,Selesai,3.0
ORD-44523,Budi Nugraha,budi.nugraha@gmail.com,628605015307.0,Bogor,Kopi Kapal Api 1kg,Makanan & Minuman,1,76900,0,76900.0,2025-12-05,OVO,Selesai,1.0
ORD-39613,Dian Lestari,dian.lestari@gmail.com,628995450404.0,Tangerang,Earbuds TWS JBL,Elektronik,3,855100,5,2437035.0,2025-12-05,COD,Dibatalkan,5.0
ORD-38197,Sari Nugraha,sari_nugraha@outlook.com,628842716512.0,Banjarmasin,Jam Tangan Casio,Fashion,1,653400,15,555390.0,2025-12-05,COD,Selesai,2.0
ORD-87021,Siti Kusuma,sitikusuma@yahoo.com,628709907391.0,Malang,Celana Jeans Levis,Fashion,1,435300,0,435300.0,2025-12-05,Dana,Selesai,4.0
ORD-89391,Hani Firmansyah,hani_firmansyah@outlook.com,8585702656.0,Batam,Laptop Lenovo IdeaPad,Elektronik,4,6320100,10,22752360.0,2025-12-05,Transfer Bank,Selesai,3.0
ORD-91039,Lina Suryadi,Unknown,628101213899.0,Bandung,Celana Jeans Levis,Fashion,3,459500,100,0.0,2025-12-05,OVO,Dikirim,4.0
ORD-64854,Mario Sari,mariosari@yahoo.com,8587327855.0,Jakarta,Rice Cooker Philips,Peralatan Rumah,1,360800,0,360800.0,2025-12-05,GoPay,Dibatalkan,4.0
ORD-55559,Lusi Hartono,lusi.hartono@gmail.com,8644394336.0,Malang,Sepatu Nike Air Max,Fashion,10,1258000,0,12580000.0,2025-12-05,Alfamart,Dibatalkan,3.0
ORD-38187,Putri Gunawan,putri_gunawan@outlook.com,8276562703.0,Yogya,Rice Cooker Philips,Peralatan Rumah,1,349600,10,314640.0,2025-12-05,COD,Selesai,5.0
ORD-24520,Wahyu Putra,wahyu94@gmail.com,628377831185.0,Jakarta,Setrika Uap Panasonic,Peralatan Rumah,2,452100,15,768570.0,2025-12-05,GoPay,Selesai,3.0
ORD-53862,Umar Hartono,umarhartono@yahoo.com,8695727345.0,Balikpapan,Headphone Sony WH-1000XM5,Elektronik,2,3649800,10,6569640.0,2025-12-05,Transfer Bank,Selesai,1.0
ORD-93794,Hendra Wijaya,hendra40@gmail.com,628262512187.0,Semarang,Tas Ransel Laptop,Fashion,1,333300,10,299970.0,2025-12-05,GoPay,Selesai,1.0
ORD-60630,Gilang Kusuma,gilang.kusuma@gmail.com,8218245685.0,Solo,Rice Cooker Philips,Peralatan Rumah,1,348800,5,331360.0,2025-12-05,Transfer Bank,Selesai,3.0
ORD-50215,Hendra Santoso,hendrasantoso@yahoo.com,628355479152.0,Jakarta,Setrika Uap Panasonic,Peralatan Rumah,1,453400,15,385390.0,2025-12-05,COD,Selesai,1.0
ORD-66611,Joko Lestari,joko.lestari@gmail.com,628925620085.0,Batam,Blender Philips,Peralatan Rumah,1,293500,10,264150.0,2025-12-05,Indomaret,Selesai,4.0
ORD-39978,Bella Ardiansyah,bella_ardiansyah@outlook.com,8826029651.0,Surabaya,Minyak Goreng Bimoli 2L,Makanan & Minuman,1,36600,5,34770.0,2025-12-05,COD,Dikirim,3.0
ORD-80307,Unknown,hendra.gunawan@gmail.com,628511497036.0,Malang,Snack Chitato 68gr,Makanan & Minuman,4,13000,10,46800.0,2025-12-05,Kartu Kredit,Diproses,4.0
ORD-65603,Vina Kusuma,vinakusuma@yahoo.com,628517555386.0,Jakarta,Setrika Uap Panasonic,Peralatan Rumah,4,424100,15,1441940.0,2025-12-05,Transfer Bank,Selesai,1.0
ORD-59494,Hani Santoso,hani_santoso@outlook.com,8957783308.0,Bandung,Lipstik MAC,Kecantikan,4,323500,20,1035200.0,2025-12-05,COD,Selesai,3.0
ORD-52420,Lusi Lestari,lusilestari@yahoo.com,628462323049.0,Bekasi,Vacuum Cleaner Dyson,Peralatan Rumah,1,3598700,10,3238830.0,2025-12-05,GoPay,Selesai,5.0
ORD-40237,Agus Setiawan,agus_setiawan@outlook.com,628115216804.0,Palembang,Buku Machine Learning,Buku,3,134200,0,402600.0,2025-12-05,Shopeepay,Dikirim,3.0
ORD-11412,Rizki Gunawan,Unknown,8627249378.0,Bandung,Sepatu Nike Air Max,Fashion,5,1256500,20,5026000.0,2025-12-05,Transfer Bank,Dikembalikan,5.0
ORD-75992,Vina Sari,vina_sari@outlook.com,8463044708.0,Bogor,Laptop ASUS VivoBook,Elektronik,5,7389900,0,36949500.0,2025-12-05,Dana,Selesai,1.0
ORD-73201,Oji Santoso,oji39@gmail.com,8942694160.0,Bekasi,Buku Resep Masakan,Buku,2,54600,15,92820.0,2025-12-05,Transfer Bank,Selesai,3.0
ORD-65076,Sari Hidayat,sari.hidayat@gmail.com,Unknown,Bogor,Sepatu Adidas Ultraboost,Fashion,3,1618700,0,4856100.0,2025-12-05,Alfamart,Selesai,3.0
ORD-86017,Oscar Lestari,oscarlestari@yahoo.com,8308755439.0,Tangerang,Parfum Pria Davidoff,Kecantikan,1,613200,15,521220.0,2025-12-05,GoPay,Selesai,4.0
ORD-63250,Kevin Setiawan,kevin41@gmail.com,8392516313.0,Medan,Vacuum Cleaner Dyson,Peralatan Rumah,1,3538400,0,3538400.0,2025-12-05,Transfer Bank,Selesai,2.0
ORD-44721,Joko Kusuma,joko_kusuma@outlook.com,628873574265.0,Malang,Lipstik MAC,Kecantikan,1,318900,10,287010.0,2025-12-05,GoPay,Dibatalkan,3.0
ORD-26056,Lusi Hartono,lusi.hartono@gmail.com,8644394336.0,Malang,Rice Cooker Philips,Peralatan Rumah,1,323500,0,323500.0,2025-12-05,Kartu Kredit,Dikirim,2.0
ORD-29285,Edy Santoso,edy_santoso@outlook.com,8341563871.0,Malang,Earbuds TWS JBL,Elektronik,1,880300,0,880300.0,2025-12-05,GoPay,Selesai,1.0
ORD-40121,Prita Nugraha,prita58@gmail.com,628374452490.0,Solo,Lipstik MAC,Kecantikan,1,342100,5,324995.0,2025-12-05,COD,Dikirim,3.0
ORD-75557,Tono Utami,tonoutami@yahoo.com,8988987516.0,Unknown,Handphone Samsung Galaxy A54,Elektronik,2,4349400,50,4349400.0,2025-12-05,Transfer Bank,Selesai,2.0
ORD-88812,Kartika Nugraha,kartika9@gmail.com,8368048838.0,Denpasar,Kaos Distro Premium,Fashion,20,82300,10,1481400.0,2025-12-05,Dana,Dibatalkan,3.0
ORD-26704,Bella Ardiansyah,bella_ardiansyah@outlook.com,8826029651.0,Surabaya,Teh Botol Sosro 330ml,Makanan & Minuman,1,5800,0,5800.0,2025-12-05,Transfer Bank,Dibatalkan,3.0
ORD-42691,Ahmad Rahayu,ahmadrahayu@yahoo.com,Unknown,Malang,Dompet Kulit Pria,Fashion,2,165900,0,331800.0,2025-12-05,GoPay,Dibatalkan,5.0
ORD-70114,Kevin Handoko,kevin_handoko@outlook.com,628715951651.0,Bandung,Headphone Sony WH-1000XM5,Elektronik,4,3443900,20,11020480.0,2025-12-05,Kartu Kredit,Dikembalikan,2.0
ORD-25895,Hendra Rahayu,hendra.rahayu@gmail.com,8369742856.0,Malang,Susu UHT Ultra 1L,Makanan & Minuman,1,18900,20,15120.0,2025-12-05,Kartu Kredit,Dibatalkan,1.0
ORD-75663,Mario Sari,mariosari@yahoo.com,8587327855.0,Jakarta,Headphone Sony WH-1000XM5,Elektronik,3,3391400,25,7630650.0,2025-12-05,Transfer Bank,Diproses,3.0
ORD7851,Unknown,hendra40@gmail.com,628262512187.0,Semarang,Susu UHT Ultra 1L,Makanan & Minuman,3,19900,5,56715.0,2025-12-05,Transfer Bank,Dikirim,3.0
ORD-84670,Muhammad Gunawan,muhammad58@gmail.com,8866443037.0,Surabaya,Buku Resep Masakan,Buku,5,55400,10,249300.0,2025-12-05,Shopeepay,Selesai,1.0
ORD-49802,Fitri Wibowo,fitri_wibowo@outlook.com,8498481225.0,Malang,Susu UHT Ultra 1L,Makanan & Minuman,1,19000,0,19000.0,2025-12-05,Shopeepay,Diproses,2.0
ORD-36502,Bella Wijaya,bellawijaya@yahoo.com,8565841933.0,Semarang,Laptop Lenovo IdeaPad,Elektronik,1,6288500,5,5974075.0,2025-12-05,Shopeepay,Dikembalikan,3.0
ORD-59491,Kevin Handoko,kevin_handoko@outlook.com,628715951651.0,Tangerang,Susu UHT Ultra 1L,Makanan & Minuman,1,397100,30,277970.0,2025-12-05,Dana,Selesai,1.0
ORD-82787,Sari Hartono,sari.hartono@gmail.com,8546018975.0,Depok,Headphone Sony WH-1000XM5,Elektronik,2,3356800,0,6713600.0,2025-12-05,Transfer Bank,Dikirim,1.0
ORD-22126,Yeni Utami,yeni.utami@gmail.com,628191560573.0,Depok,Novel Laskar Pelangi,Buku,3,78700,5,224295.0,2025-12-05,GoPay,Diproses,1.0
ORD-23574,Bella Gunawan,bella_gunawan@outlook.com,628952600296.0,Yogya,Jaket Bomber Pria,Fashion,2,359100,0,718200.0,2025-12-05,OVO,Selesai,2.0
ORD-62429,Nita Hidayat,nitahidayat@yahoo.com,628653192921.0,Yogyakarta,Susu UHT Ultra 1L,Makanan & Minuman,2,18900,10,34020.0,2025-12-05,Transfer Bank,Dibatalkan,4.0
ORD-66416,Farah Utami,farah16@gmail.com,628907067228.0,Bekasi,Jaket Bomber Pria,Fashion,1,399700,0,399700.0,2025-12-05,Transfer Bank,Diproses,5.0
ORD-10642,Ahmad Rahayu,ahmadrahayu@yahoo.com,628881088100.0,Banjarmasin,Skincare Wardah Basic Kit,Kecantikan,3,190800,5,543780.0,2025-12-05,OVO,Selesai,1.0
ORD-65591,Putri Lestari,putri90@gmail.com,628278795419.0,Batam,Buku Python untuk Pemula,Buku,3,85600,10,231120.0,2025-12-05,Shopeepay,Dibatalkan,1.0
ORD-98323,Agus Wibowo,agus.wibowo@gmail.com,Unknown,Medan!,Serum Vitamin C Somethinc,Kecantikan,2,132600,10,238680.0,2025-12-05,Shopeepay,Selesai,2.0
ORD-73005,Oji Hartono,oji.hartono@gmail.com,8943586094.0,Bandung,Blender Philips,Peralatan Rumah,2,269300,5,511670.0,2025-12-05,GoPay,Selesai,3.0
ORD-79947,Sari Hartono,sari.hartono@gmail.com,8546018975.0,Depok,AC Split 1 PK Daikin,Peralatan Rumah,5,4476500,10,20144250.0,2025-12-05,Transfer Bank,Selesai,5.0
ORD-52947,Lusi Lestari,lusilestari@yahoo.com,628462323049.0,Bekasi,Tablet iPad Air,Elektronik,10,9071100,0,90711000.0,2025-12-05,Dana,Selesai,4.0
ORD-85873,Farah Rahayu,farah21@gmail.com,628492969909.0,Semarang,Speaker Bluetooth JBL,Unknown,3,1152900,10,3112830.0,2025-12-05,Transfer Bank,Dikembalikan,3.0
ORD6520,Fitri Wibowo,fitri_wibowo@outlook.com,8498481225.0,Solo,Kemeja Pria Polos,Fashion,2,122500,0,245000.0,2025-12-05,GoPay,Selesai,4.0
ORD-64466,Julia Lestari,julialestari@yahoo.com,8338250013.0,Surabaya,Setrika Uap Panasonic,Peralatan Rumah,2,432600,0,865200.0,2025-12-05,Transfer Bank,Selesai,3.0
ORD-74199,Nadia Setiawan,nadia72@gmail.com,628638446596.0,Bekasi,Teh Botol Sosro 330ml,Makanan & Minuman,1,119100,100,0.0,2025-12-05,Alfamart,Dikirim,3.0
ORD-82440,Sari Hidayat,sarihidayat@yahoo.com,8975428914.0,Depok,AC Split 1 PK Daikin,Peralatan Rumah,1,4299400,15,3654490.0,2025-12-05,GoPay,Dikirim,1.0
ORD-70687,Rizki Kusuma,rizki.kusuma@gmail.com,628493946849.0,Pekanbaru,Handphone Samsung Galaxy A54,Elektronik,1,4012500,100,0.0,2025-12-05,GoPay,Selesai,3.0
ORD-48668,Gilang Suryadi,gilangsuryadi@yahoo.com,628899569884.0,Batam,Meja Belajar Minimalis,Furniture,2,882200,10,1587960.0,2025-12-05,Dana,Diproses,4.0
ORD-10073,Nita Firmansyah,nita.firmansyah@gmail.com,8776005578.0,Jakarta,Parfum Pria Davidoff,Kecantikan,1,586500,25,439875.0,2025-12-05,COD,Selesai,3.0
ORD-77661,Edy Wibowo,edy16@gmail.com,8931298116.0,Manado,Serum Vitamin C Somethinc,Kecantikan,3,124500,15,317475.0,2025-12-05,Kartu Kredit,Selesai,1.0
ORD-84408,Yeni Nugraha,yeninugraha@yahoo.com,628557817881.0,Solo,Setrika Uap Panasonic,Peralatan Rumah,2,415700,30,581980.0,2025-12-05,GoPay,Diproses,2.0
ORD-99926,Hani Hartono,hani_hartono@outlook.com,628508185805.0,Tangerang,Susu UHT Ultra 1L,Makanan & Minuman,1,17000,0,17000.0,2025-12-05,COD,Selesai,3.0
ORD-99571,Gilang Hidayat,gilang57@gmail.com,628481749657.0,Tangerang,Teh Botol Sosro 330ml,Makanan & Minuman,1,5700,0,5700.0,2025-12-05,COD,Selesai,5.0
ORD-30161,Fitri Nugraha,fitri.nugraha@gmail.com,628413112652.0,Tangerang,Sepatu Nike Air Max,Fashion,1,1383700,5,1314515.0,2025-12-05,Transfer Bank,Dibatalkan,3.0
ORD-54192,Lina Ardiansyah,lina.ardiansyah@gmail.com,8307528076.0,Jakarta,Setrika Uap Panasonic,Peralatan Rumah,1,434700,30,304290.0,2025-12-05,Dana,Dikirim,1.0
ORD-44769,Joko Setiawan,joko73@gmail.com,628702224599.0,Jakarta,Kursi Gaming Ergonomis,Furniture,2,1706900,0,3413800.0,2025-12-05,Dana,Selesai,1.0
ORD-50149,Hendra Wijaya,hendra40@gmail.com,628262512187.0,Semarang,Sunscreen SPF50 Biore,Kecantikan,2,68100,15,115770.0,2025-12-05,Transfer Bank,Dikirim,3.0
ORD-78458,Joko Setiawan,joko73@gmail.com,628702224599.0,Jakarta,Snack Chitato 68gr,Makanan & Minuman,1,12300,10,11070.0,2025-12-05,COD,Selesai,5.0
ORD-89042,Joko Nugraha,joko_nugraha@outlook.com,8184317700.0,Semarang,Minyak Goreng Bimoli 2L,Makanan & Minuman,1,40200,5,38190.0,2025-12-05,Shopeepay,Selesai,2.0
ORD6003,Rizki Hidayat,rizki_hidayat@outlook.com,8973030966.0,Balikpapan,Komik Naruto Vol 1,Buku,3,36500,5,104025.0,2025-12-05,OVO,Dibatalkan,3.0
ORD5951,Candra Prasetyo,candra.prasetyo@gmail.com,8437426403.0,Denpasar,Earbuds TWS JBL,Elektronik,1,819400,30,573580.0,2025-12-05,Transfer Bank,Selesai,4.0
ORD-25277,Oscar Ardiansyah,oscar.ardiansyah@gmail.com,8306218367.0,Denpasar,Rak Buku Minimalis,Furniture,10,471600,15,4008600.0,2025-12-05,COD,Selesai,5.0
ORD-79713,Fitri Sari,fitri13@gmail.com,628307210606.0,Bandung,Minyak Goreng Bimoli 2L,Makanan & Minuman,1,40200,10,36180.0,2025-12-05,Transfer Bank,Dibatalkan,1.0
ORD-80756,Umar Suryadi,umar77@gmail.com,628275437118.0,Jakarta,Novel Laskar Pelangi,Buku,1,72000,25,54000.0,2025-12-05,GoPay,Selesai,2.0
ORD-95072,Budi Hidayat,budi_hidayat@outlook.com,8582902100.0,Depok,Skincare Wardah Basic Kit,Kecantikan,2,180000,15,306000.0,2025-12-05,OVO,Dikirim,1.0
ORD-86208,Tono Firmansyah,tono_firmansyah@outlook.com,628671630944.0,Bandung,Laptop Lenovo IdeaPad,Elektronik,4,6376600,20,20405120.0,2025-12-05,Transfer Bank,Dikembalikan,2.0
ORD-90385,Joko Kusuma,joko_kusuma@outlook.com,628873574265.0,Malang,Smartwatch Garmin,Elektronik,1,4020500,0,4020500.0,2025-12-05,Transfer Bank,Dikirim,2.0
ORD-91991,Edy Kusuma,edy_kusuma@outlook.com,628526363836.0,Bogor,Kaos Distro Premium,Fashion,3,85800,5,244530.0,2025-12-05,Kartu Kredit,Selesai,3.0
ORD-32459,Oscar Firmansyah,oscarfirmansyah@yahoo.com,8769461748.0,Semarang,Handphone Samsung Galaxy A54,Elektronik,10,4476400,10,40287600.0,2025-12-05,GoPay,Dikirim,3.0
ORD-70328,Oscar Ardiansyah,oscar.ardiansyah@gmail.com,8306218367.0,Denpasar,Kemeja Pria Polos,Fashion,2,128000,5,243200.0,2025-12-05,Transfer Bank,Dikirim,4.0
ORD-71579,Agus Wibowo,agus.wibowo@gmail.com,628757070468.0,Bandung,Susu UHT Ultra 1L,Makanan & Minuman,2,19000,20,30400.0,2025-12-05,Shopeepay,Selesai,2.0
ORD-81350,Kevin Wibowo,kevin.wibowo@gmail.com,8559059269.0,Balikpapan,Vacuum Cleaner Dyson,Peralatan Rumah,2,3513600,15,5973120.0,2025-12-05,COD,Selesai,3.0
ORD-85487,Agus Lestari,agus48@gmail.com,628671748547.0,Jakarta,Serum Vitamin C Somethinc,Kecantikan,1,120600,5,114570.0,2025-12-05,Transfer Bank,Selesai,3.0
ORD-47516,Prita Purnama,prita55@gmail.com,628675348512.0,Depok,Teh Botol Sosro 330ml,Makanan & Minuman,3,5300,20,12720.0,2025-12-05,OVO,Diproses,1.0
ORD-29521,Indra Setiawan,indra_setiawan@outlook.com,8142818692.0,Malang,Kamera Canon EOS M50,Elektronik,2,8663200,0,17326400.0,2025-12-05,Transfer Bank,Selesai,2.0
ORD-15168,Rizki Hidayat,rizki_hidayat@outlook.com,8973030966.0,Balikpapan,Kemeja Pria Polos,Fashion,1,122300,10,110070.0,2025-12-05,GoPay,Diproses,5.0
ORD-67969,Farah Rahayu,farah26@gmail.com,628837022335.0,Surabaya,Rice Cooker Philips,Peralatan Rumah,20,349400,15,5939800.0,2025-12-05,COD,Selesai,4.0
ORD-98059,Siti Lestari,siti_lestari@outlook.com,8581649691.0,Tangerang,Laptop Lenovo IdeaPad,Elektronik,2,7294100,20,11670560.0,2025-12-05,OVO,Dibatalkan,5.0
ORD-74603,Hendra Handoko,hendra_handoko@outlook.com,8245673599.0,Makassar,Lipstik MAC,Kecantikan,1,337300,15,286705.0,2025-12-05,Shopeepay,Dikembalikan,5.0
ORD4263,Mario Sari,mariosari@yahoo.com,8587327855.0,Jakarta,Tas Ransel Laptop,Fashion,2,307400,15,522580.0,2025-12-05,OVO,Selesai,1.0
ORD-45338,Xena Gunawan,xenagunawan@yahoo.com,628716271120.0,Bekasi,Rice Cooker Philips,Peralatan Rumah,2,350000,20,560000.0,2025-12-05,Transfer Bank,Selesai,3.0
ORD-12814,Xena Putra,xenaputra@yahoo.com,8807352484.0,Pekanbaru,Buku Machine Learning,Buku,5,135400,0,677000.0,2025-12-05,Shopeepay,Selesai,2.0
ORD-84765,Eko Hidayat,eko.hidayat@gmail.com,8671816653.0,Semarang,Tablet iPad Air,Elektronik,10,8912800,10,80215200.0,2025-12-05,Transfer Bank,Dikirim,4.0
ORD-18760,Muhammad Firmansyah,muhammadfirmansyah@yahoo.com,628724888118.0,Tangerang,Novel Laskar Pelangi,Buku,3,76900,0,230700.0,2025-12-05,COD,Selesai,1.0
ORD-93395,Muhammad Lestari,muhammad.lestari@gmail.com,8969033176.0,Palembang,Sepatu Nike Air Max,Fashion,20,1250800,10,22514400.0,2025-12-05,Shopeepay,Dibatalkan,5.0
ORD-36642,Nita Firmansyah,nita.firmansyah@gmail.com,8776005578.0,Jakarta,Rak Buku Minimalis,Furniture,2,447100,10,804780.0,2025-12-05,Transfer Bank,Selesai,1.0
ORD-66969,Agus Handoko,agus.handoko@gmail.com,8973192032.0,Depok,Handphone Samsung Galaxy A54,Elektronik,2,4247500,0,8495000.0,2025-12-05,COD,Selesai,4.0
ORD-57244,Lina Ardiansyah,lina.ardiansyah@gmail.com,8307528076.0,Bandung,Sunscreen SPF50 Biore,Kecantikan,1,60900,5,57855.0,2025-12-05,Shopeepay,Selesai,2.0
ORD-16973,Farah Utami,farah16@gmail.com,628907067228.0,Bekasi,Dress Wanita Batik,Fashion,1,187200,0,187200.0,2025-12-05,OVO,Selesai,1.0
ORD-52363,Muhammad Suryadi,muhammad60@gmail.com,8188867190.0,Bekasi,Kopi Kapal Api 1kg,Makanan & Minuman,2,80600,10,145080.0,2025-12-05,COD,Selesai,5.0
ORD-36002,Prita Purnama,prita55@gmail.com,628675348512.0,Depok,Handphone Xiaomi Redmi Note 12,Elektronik,1,2643000,20,2114400.0,2025-12-05,Shopeepay,Selesai,2.0
ORD-75689,Umar Handoko,umar_handoko@outlook.com,628113321873.0,Yogya,Earbuds TWS JBL,Elektronik,3,857200,5,2443020.0,2025-12-05,Alfamart,Diproses,3.0
ORD-84796,Indra Purnama,indra12@gmail.com,8753355029.0,Unknown,Buku Resep Masakan,Buku,10,59000,25,442500.0,2025-12-05,Alfamart,Selesai,3.0
ORD-48107,Hani Firmansyah,hani_firmansyah@outlook.com,8585702656.0,Batam,Handphone Xiaomi Redmi Note 12,Elektronik,2,2670900,15,4540530.0,2025-12-05,Transfer Bank,Selesai,4.0
ORD-22409,Vina Nugraha,vinanugraha@yahoo.com,628973347627.0,Depok,Kopi Kapal Api 1kg,Makanan & Minuman,2,78700,0,157400.0,2025-12-05,GoPay,Selesai,5.0
ORD-94149,Bella Gunawan,bella_gunawan@outlook.com,628952600296.0,Surabaya,Kemeja Pria Polos,Fashion,4,124800,30,349440.0,2025-12-05,Kartu Kredit,Selesai,2.0
ORD-58575,Putri Lestari,putri90@gmail.com,628278795419.0,Batam,Tablet iPad Air,Elektronik,4,8637500,0,34550000.0,2025-12-05,Dana,Dikirim,3.0
ORD-23529,Rizki Sari,rizki_sari@outlook.com,8493163099.0,Unknown,Blender Philips,Peralatan Rumah,3,295200,10,797040.0,2025-12-05,OVO,Selesai,5.0
ORD-66649,Xena Hidayat,xena97@gmail.com,8153067274.0,Balikpapan,Lemari Pakaian 3 Pintu,Furniture,1,2225200,0,2225200.0,2025-12-05,GoPay,Dikirim,5.0
ORD-14436,Ika Santoso,ika_santoso@outlook.com,8414744854.0,Surabaya,Komik Naruto Vol 1,Buku,1,33900,5,32205.0,2025-12-05,Kartu Kredit,Selesai,3.0
ORD-38448,Sari Sari,sari.sari@gmail.com,628597721705.0,Pekanbaru,Dompet Kulit Pria,Fashion,4,182700,15,621180.0,2025-12-05,Shopeepay,Diproses,2.0
ORD-82553,Joko Prasetyo,joko85@gmail.com,628878099076.0,Bogor,Rak Buku Minimalis,Furniture,1,430600,0,430600.0,2025-12-05,Kartu Kredit,Selesai,5.0
ORD-66477,Lina Suryadi,lina27@gmail.com,628101213899.0,Bandung,Rice Cooker Philips,Peralatan Rumah,5,359000,50,897500.0,2025-12-05,COD,Diproses,1.0
ORD-86680,Hendra Santoso,hendrasantoso@yahoo.com,Unknown,Surabaya,Rice Cooker Philips,Peralatan Rumah,3,327400,0,982200.0,2025-12-05,Alfamart,Selesai,5.0
ORD-87484,Candra Nugraha,candra53@gmail.com,8949025733.0,Yogyakarta,Blender Philips,Peralatan Rumah,1,269900,0,269900.0,2025-12-05,Shopeepay,Selesai,4.0
ORD-55727,Kevin Utami,kevin.utami@gmail.com,628459988193.0,Medan,Vacuum Cleaner Dyson,Peralatan Rumah,2,4047500,100,0.0,2025-12-05,OVO,Selesai,2.0
ORD-14264,Gilang Utami,gilang_utami@outlook.com,Unknown,Surabaya,Celana Jeans Levis,Fashion,2,466500,15,793050.0,2025-12-05,GoPay,Selesai,3.0
ORD-24609,Dewi Utami,dewiutami@yahoo.com,628166778321.0,Solo,Buku Machine Learning,Buku,1,140000,0,140000.0,2025-12-05,Kartu Kredit,Selesai,4.0
ORD-42979,Oscar Prasetyo,oscar.prasetyo@gmail.com,628937575963.0,Banjarmasin,Tas Ransel Laptop,Fashion,2,330500,0,661000.0,2025-12-05,GoPay,Selesai,4.0
ORD-30961,Wahyu Utami,Unknown,628895875114.0,Balikpapan,Smartwatch Garmin,Elektronik,1,4337900,0,4337900.0,2025-12-05,Transfer Bank,Selesai,4.0
ORD6091,Lina Ardiansyah,lina_ardiansyah@outlook.com,628946060836.0,Yogya,Handphone Xiaomi Redmi Note 12,Elektronik,1,2631600,0,2631600.0,2025-12-05,Transfer Bank,Dikembalikan,4.0
ORD-46068,Indra Setiawan,indra_setiawan@outlook.com,8142818692.0,Malang,Kemeja Pria Polos,Fashion,20,110900,0,2218000.0,2025-12-05,COD,Selesai,4.0
ORD3892,Siti Lestari,siti_lestari@outlook.com,8581649691.0,Tangerang,Vacuum Cleaner Dyson,Peralatan Rumah,2,3628200,10,6530760.0,2025-12-05,Transfer Bank,Selesai,3.0
ORD-45977,Oscar Sari,oscarsari@yahoo.com,8491229419.0,Semarang,Kursi Gaming Ergonomis,Furniture,2,1709200,20,2734720.0,2025-12-05,Transfer Bank,Dibatalkan,5.0
ORD-32295,Candra Nugraha,candra53@gmail.com,8949025733.0,Yogyakarta,Meja Belajar Minimalis,Furniture,1,882200,5,838090.0,2025-12-05,OVO,Diproses,3.0
ORD-35866,Eko Wibowo,eko_wibowo@outlook.com,628497851696.0,Banjarmasin,Teh Botol Sosro 330ml,Makanan & Minuman,2,5600,20,8960.0,2025-12-05,COD,Selesai,4.0
ORD-49629,Farah Kusuma,Unknown,628694422938.0,Yogyakarta,Vacuum Cleaner Dyson,Peralatan Rumah,10,3899600,10,35096400.0,2025-12-05,Transfer Bank,Diproses,3.0
ORD-61851,Hani Hartono,hani_hartono@outlook.com,628508185805.0,Tangerang,Sepatu Adidas Ultraboost,Fashion,10,1605800,0,16058000.0,2025-12-05,GoPay,Diproses,3.0
ORD-16646,Fitri Wibowo,fitri_wibowo@outlook.com,8498481225.0,Malang,Parfum Pria Davidoff,Kecantikan,1,565900,5,537605.0,2025-12-05,OVO,Dikembalikan,5.0
ORD-16241,Farah Suryadi,farah40@gmail.com,8122510773.0,Jakarta,Rice Cooker Philips,Peralatan Rumah,4,324300,0,1297200.0,2025-12-05,OVO,Selesai,3.0
ORD-21749,Joko Utami,jokoutami@yahoo.com,628771567468.0,Tangerang,Dompet Kulit Pria,Fashion,2,167000,5,317300.0,2025-12-05,Shopeepay,Selesai,3.0
ORD-36367,Candra Santoso,Unknown,628521024528.0,Balikpapan,Speaker Bluetooth JBL,Elektronik,2,1112400,0,2224800.0,2025-12-05,Kartu Kredit,Selesai,5.0
ORD-33622,Yeni Utami,yeniutami@yahoo.com,8272058651.0,Jakarta,Jaket Bomber Pria,Fashion,1,395800,0,395800.0,2025-12-05,Kartu Kredit,Dikembalikan,1.0
ORD-16938,Fitri Nugraha,fitri.nugraha@gmail.com,8814335942.0,Makassar,Rice Cooker Philips,Peralatan Rumah,2,365200,10,657360.0,2025-12-05,Shopeepay,Selesai,2.0
ORD-71695,Rizki Hidayat,rizki_hidayat@outlook.com,8973030966.0,Balikpapan,Sofa L-Shape,Furniture,2,5525700,5,10498830.0,2025-12-05,Dana,Selesai,5.0
ORD-65755,Julia Gunawan,juliagunawan@yahoo.com,Unknown,Batam,Novel Laskar Pelangi,Unknown,1,76900,30,53830.0,2025-12-05,GoPay,Selesai,2.0
ORD-95679,Farah Wibowo,farah.wibowo@gmail.com,8787011065.0,Bandung,Rice Cooker Philips,Peralatan Rumah,1,359300,15,305405.0,2025-12-05,Dana,Dikirim,1.0
ORD-74337,Eko Putra,eko.putra@gmail.com,628179382064.0,Makassar,Sofa L-Shape,Furniture,1,5671900,0,5671900.0,2025-12-05,GoPay,Dibatalkan,3.0
ORD-14731,Siti Firmansyah,siti49@gmail.com,628634700025.0,Solo,Sepatu Adidas Ultraboost,Fashion,1,1482200,0,1482200.0,2025-12-05,COD,Selesai,5.0
ORD-40427,Hani Ardiansyah,hani.ardiansyah@gmail.com,628285886733.0,Tangerang,Kemeja Pria Polos,Fashion,1,111400,10,100260.0,2025-12-05,GoPay,Selesai,5.0
ORD-11058,Yeni Wijaya,yeni_wijaya@outlook.com,628578330827.0,Pekanbaru,Vacuum Cleaner Dyson,Peralatan Rumah,2,3723100,30,5212340.0,2025-12-05,OVO,Selesai,3.0
ORD9628,Farah Santoso,farahsantoso@yahoo.com,8623589751.0,Yogyakarta,Tas Ransel Laptop,Fashion,1,320800,20,256640.0,2025-12-05,OVO,Selesai,4.0
ORD-85918,Oji Wijaya,oji_wijaya@outlook.com,628933493647.0,Batam,Headphone Sony WH-1000XM5,Elektronik,2,3228800,10,5811840.0,2025-12-05,Kartu Kredit,Diproses,5.0
ORD-26179,Ahmad Rahayu,ahmadrahayu@yahoo.com,628881088100.0,Banjarmasin,Teh Botol Sosro 330ml,Makanan & Minuman,1,5200,20,4160.0,2025-12-05,COD,Selesai,3.0
ORD-66983,Hendra Rahayu,hendra.rahayu@gmail.com,8369742856.0,Malang,Kursi Gaming Ergonomis,Furniture,5,1938400,5,9207400.0,2025-12-05,OVO,Dikirim,2.0
ORD-76334,Muhammad Firmansyah,muhammadfirmansyah@yahoo.com,628724888118.0,Tangerang,Sunscreen SPF50 Biore,Kecantikan,2,65100,10,117180.0,2025-12-05,OVO,Selesai,1.0
ORD-29599,Dian Rahayu,dian.rahayu@gmail.com,628364540415.0,Banjarmasin,Celana Jeans Levis,Fashion,1,418400,5,397480.0,2025-12-05,OVO,Dikembalikan,3.0
ORD-30722,Oscar Lestari,oscarlestari@yahoo.com,8308755439.0,Tangerang,Sepatu Adidas Ultraboost,Fashion,2,1418100,5,2694390.0,2025-12-05,Shopeepay,Dikirim,4.0
ORD-27575,Prita Purnama,prita55@gmail.com,628675348512.0,Yogya,Teh Botol Sosro 330ml,Makanan & Minuman,1,5100,20,4080.0,2025-12-05,GoPay,Selesai,2.0
ORD-69848,Nita Utami,nitautami@yahoo.com,8584739628.0,Malang,Novel Laskar Pelangi,Buku,3,71800,10,193860.0,2025-12-05,Shopeepay,Selesai,1.0
ORD-28437,Mario Gunawan,mario.gunawan@gmail.com,8741341153.0,Pekanbaru,Sunscreen SPF50 Biore,Kecantikan,10,68000,15,578000.0,2025-12-05,Dana,Selesai,5.0
ORD-51963,Gilang Setiawan,gilangsetiawan@yahoo.com,8731621086.0,Balikpapan,Vacuum Cleaner Dyson,Peralatan Rumah,2,3951500,10,7112700.0,2025-12-05,Indomaret,Dikembalikan,2.0
ORD-13453,Zaidan Hartono,zaidan67@gmail.com,628382074176.0,Surabaya,Laptop Lenovo IdeaPad,Elektronik,2,6520900,0,13041800.0,2025-12-05,COD,Selesai,3.0
ORD-35108,Yeni Gunawan,Unknown,Unknown,Tangerang,Skincare Wardah Basic Kit,Kecantikan,1,195700,0,195700.0,2025-12-05,Transfer Bank,Selesai,3.0
ORD-40724,Candra Prasetyo,candra39@gmail.com,8691966769.0,Solo,Jam Tangan Casio,Fashion,3,611800,15,1560090.0,2025-12-05,Kartu Kredit,Selesai,5.0
ORD-69800,Umar Hartono,umarhartono@yahoo.com,8695727345.0,Balikpapan,Laptop Lenovo IdeaPad,Elektronik,3,6798500,15,17336175.0,2025-12-05,GoPay,Selesai,5.0
ORD-35062,Hani Ardiansyah,hani.ardiansyah@gmail.com,628285886733.0,Tangerang,Meja Belajar Minimalis,Furniture,1,816200,5,775390.0,2025-12-05,Alfamart,Selesai,3.0
ORD-18919,Gilang Purnama,gilang84@gmail.com,628919249789.0,Solo,Vacuum Cleaner Dyson,Peralatan Rumah,3,3719200,0,11157600.0,2025-12-05,GoPay,Selesai,3.0
ORD-64319,Vina Ardiansyah,vinaardiansyah@yahoo.com,628557647878.0,Depok,Sunscreen SPF50 Biore,Kecantikan,1,64600,10,58140.0,2025-12-05,Shopeepay,Selesai,5.0
ORD-59670,Muhammad Gunawan,muhammad58@gmail.com,8866443037.0,Surabaya,Rak Buku Minimalis,Furniture,2,456800,0,913600.0,2025-12-05,Transfer Bank,Diproses,3.0
ORD-30294,Muhammad Suryadi,muhammad60@gmail.com,8188867190.0,Bekasi,Susu UHT Ultra 1L,Makanan & Minuman,5,17200,0,86000.0,2025-12-05,OVO,Diproses,3.0
ORD-42026,Hendra Gunawan,hendra.gunawan@gmail.com,628511497036.0,Malang,Meja Belajar Minimalis,Furniture,4,887400,15,3017160.0,2025-12-05,Shopeepay,Dikirim,2.0
ORD-91902,Lina Setiawan,Unknown,Unknown,Jakarta,Minyak Goreng Bimoli 2L,Makanan & Minuman,3,36900,5,105165.0,2025-12-05,Shopeepay,Dikirim,5.0
ORD-98027,Nadia Rahayu,nadia_rahayu@outlook.com,628697178606.0,Surabaya,AC Split 1 PK Daikin,Peralatan Rumah,4,4263000,25,12789000.0,2025-12-05,GoPay,Selesai,3.0
ORD-39170,Farah Santoso,farahsantoso@yahoo.com,8623589751.0,Yogyakarta,Vacuum Cleaner Dyson,Peralatan Rumah,1,3838700,25,2879025.0,2025-12-05,COD,Selesai,5.0
ORD-82982,Umar Handoko,umar_handoko@outlook.com,628113321873.0,Malang,Earbuds TWS JBL,Elektronik,5,888900,15,3777825.0,2025-12-05,Kartu Kredit,Selesai,4.0
ORD-26091,Dewi Hidayat,dewihidayat@yahoo.com,628597402509.0,Banjarmasin,Kamera Canon EOS M50,Elektronik,1,8744400,0,8744400.0,2025-12-05,Indomaret,Dibatalkan,4.0
ORD-93722,Dewi Lestari,dewi.lestari@gmail.com,8612156393.0,Malang,Parfum Pria Davidoff,Kecantikan,3,623000,0,1869000.0,2025-12-05,Transfer Bank,Selesai,5.0
ORD-37486,Prita Purnama,prita55@gmail.com,628675348512.0,Depok,Komik Naruto Vol 1,Buku,1,35100,5,33345.0,2025-12-05,Dana,Dibatalkan,3.0
ORD-27607,Gilang Purnama,gilangpurnama@yahoo.com,8964946066.0,Medan,Buku Python untuk Pemula,Buku,5,85700,15,364225.0,2025-12-05,COD,Selesai,1.0
ORD9109,Sari Sari,sari.sari@gmail.com,628597721705.0,Pekanbaru,Sunscreen SPF50 Biore,Kecantikan,3,67500,5,192375.0,2025-12-05,Transfer Bank,Diproses,3.0
ORD-69574,Joko Nugraha,joko_nugraha@outlook.com,8184317700.0,Bandung,Tablet iPad Air,Elektronik,3,9098700,50,13648050.0,2025-12-05,OVO,Selesai,5.0
ORD-86916,Indra Rahayu,indra_rahayu@outlook.com,628289745141.0,Depok,Kopi Kapal Api 1kg,Makanan & Minuman,1,76300,25,57225.0,2025-12-05,GoPay,Selesai,3.0
ORD-75317,Bella Prasetyo,bella_prasetyo@outlook.com,628682677407.0,Semarang,Sofa L-Shape,Furniture,1,5147400,0,5147400.0,2025-12-05,Kartu Kredit,Selesai,1.0
ORD-20398,Mario Sari,mariosari@yahoo.com,8587327855.0,Jakarta,Laptop ASUS VivoBook,Elektronik,1,7786900,5,7397555.0,2025-12-05,COD,Selesai,1.0
ORD-20768,Muhammad Sari,muhammad_sari@outlook.com,628808738745.0,Bandung,Novel Laskar Pelangi,Buku,4,79000,0,316000.0,2025-12-05,Alfamart,Selesai,3.0
ORD-70903,Ahmad Nugraha,ahmad_nugraha@outlook.com,628156437011.0,Depok,Blender Philips,Peralatan Rumah,2,282200,5,536180.0,2025-12-05,GoPay,Dikirim,4.0
ORD-75553,Budi Setiawan,budisetiawan@yahoo.com,Unknown,Banjarmasin,Novel Laskar Pelangi,Buku,1,74200,10,66780.0,2025-12-05,GoPay,Selesai,3.0
ORD-32304,Xena Hidayat,xena97@gmail.com,8153067274.0,Balikpapan,Kopi Kapal Api 1kg,Makanan & Minuman,1,75300,20,60240.0,2025-12-05,Transfer Bank,Dibatalkan,3.0
ORD-66644,Hani Hartono,hani.hartono@gmail.com,8365480460.0,Surabaya,Susu UHT Ultra 1L,Makanan & Minuman,1,18400,20,14720.0,2025-12-05,Transfer Bank,Selesai,5.0
ORD-48997,Oji Setiawan,oji54@gmail.com,628576228407.0,Unknown,Rak Buku Minimalis,Furniture,2,415000,0,830000.0,2025-12-05,Kartu Kredit,Selesai,2.0
ORD-44898,Nita Utami,nita_utami@outlook.com,628478612081.0,Solo,Headphone Sony WH-1000XM5,Elektronik,1,3413600,20,2730880.0,2025-12-05,GoPay,Selesai,3.0
ORD-13645,Yeni Utami,yeniutami@yahoo.com,8272058651.0,Jakarta,Jaket Bomber Pria,Fashion,1,360800,50,180400.0,2025-12-05,GoPay,Dikirim,4.0
ORD-75496,Julia Lestari,julialestari@yahoo.com,8338250013.0,Surabaya,Buku Machine Learning,Buku,1,141800,0,141800.0,2025-12-05,GoPay,Selesai,2.0
ORD-72908,Edy Wibowo,Unknown,8931298116.0,Manado,Kopi Kapal Api 1kg,Makanan & Minuman,2,70600,0,141200.0,2025-12-05,COD,Selesai,1.0
ORD-30031,Edy Sari,edy.sari@gmail.com,8977162857.0,Batam,Snack Chitato 68gr,Makanan & Minuman,2,12800,100,0.0,2025-12-05,Transfer Bank,Dibatalkan,3.0
ORD-49773,Wahyu Nugraha,wahyu.nugraha@gmail.com,8439212178.0,Malang,Teh Botol Sosro 330ml,Makanan & Minuman,1,5600,30,3919.9999999999995,2025-12-05,Kartu Kredit,Dibatalkan,4.0
ORD-28710,Ika Lestari,ika69@gmail.com,8698115687.0,Tangerang,Susu UHT Ultra 1L,Makanan & Minuman,5,19800,20,79200.0,2025-12-05,COD,Diproses,4.0
ORD-81676,Sari Hidayat,sarihidayat@yahoo.com,8975428914.0,Depok,Sunscreen SPF50 Biore,Kecantikan,3,68300,10,184410.0,2025-12-05,COD,Selesai,5.0
ORD-45792,Sari Hidayat,sarihidayat@yahoo.com,8975428914.0,Depok,Kopi Kapal Api 1kg,Makanan & Minuman,1,71800,5,68210.0,2025-12-05,Dana,Diproses,2.0
ORD-73040,Dian Rahayu,dian.rahayu@gmail.com,628364540415.0,Banjarmasin,Serum Vitamin C Somethinc,Kecantikan,1,125000,0,125000.0,2025-12-05,Transfer Bank,Dibatalkan,3.0
ORD-97594,Gilang Hidayat,gilang57@gmail.com,628481749657.0,Tangerang,Vacuum Cleaner Dyson,Peralatan Rumah,2,3840600,10,6913080.0,2025-12-05,GoPay,Selesai,2.0
ORD-12083,Ika Prasetyo,ika.prasetyo@gmail.com,628403276065.0,Banjarmasin,Komik Naruto Vol 1,Buku,3,33600,10,90720.0,2025-12-05,COD,Selesai,3.0
ORD-30384,Joko Nugraha,joko_nugraha@outlook.com,8184317700.0,Semarang,Sepatu Nike Air Max,Fashion,10,1427100,0,14271000.0,2025-12-05,Transfer Bank,Dibatalkan,3.0
ORD-41439,Fitri Nugraha,fitri.nugraha@gmail.com,8814335942.0,Yogya,Kopi Kapal Api 1kg,Makanan & Minuman,4,69900,10,251640.0,2025-12-05,GoPay,Selesai,5.0
ORD-11173,Lusi Hartono,lusi.hartono@gmail.com,8644394336.0,Medan!,Laptop ASUS VivoBook,Elektronik,1,7022900,50,3511450.0,2025-12-05,Transfer Bank,Selesai,5.0
ORD-85866,Lina Setiawan,linasetiawan@yahoo.com,628205955645.0,Bogor,Buku Resep Masakan,Buku,2,56800,10,102240.0,2025-12-05,OVO,Selesai,5.0
ORD-52815,Siti Firmansyah,siti49@gmail.com,628634700025.0,Solo,Dompet Kulit Pria,Fashion,1,164600,15,139910.0,2025-12-05,COD,Selesai,4.0
ORD-87425,Eko Hidayat,eko.hidayat@gmail.com,8671816653.0,Solo,Snack Chitato 68gr,Makanan & Minuman,1,13400,10,12060.0,2025-12-05,Shopeepay,Selesai,3.0
ORD-30682,Lina Suryadi,lina.suryadi@gmail.com,8411327658.0,Malang,Tas Ransel Laptop,Fashion,20,323200,0,6464000.0,2025-12-05,OVO,Dikirim,3.0
ORD-26895,Bella Wijaya,bellawijaya@yahoo.com,8565841933.0,Semarang,Meja Belajar Minimalis,Furniture,1,812100,0,812100.0,2025-12-05,COD,Selesai,1.0
ORD-79355,Ahmad Nugraha,ahmad_nugraha@outlook.com,628156437011.0,Depok,Setrika Uap Panasonic,Peralatan Rumah,1,394700,0,394700.0,2025-12-05,Transfer Bank,Selesai,4.0
ORD-50783,Hendra Purnama,hendrapurnama@yahoo.com,8207258766.0,Batam,Dress Wanita Batik,Fashion,1,187200,20,149760.0,2025-12-05,Transfer Bank,Selesai,5.0
ORD-96625,Tono Gunawan,tono_gunawan@outlook.com,628298491822.0,Yogyakarta,AC Split 1 PK Daikin,Peralatan Rumah,1,4031500,5,3829925.0,2025-12-05,Transfer Bank,Diproses,1.0
ORD-70480,Tono Wijaya,tono_wijaya@outlook.com,8844905100.0,Tangerang,Sepatu Nike Air Max,Fashion,1,1300300,5,1235285.0,2025-12-05,Transfer Bank,Selesai,2.0
ORD-83603,Wahyu Nugraha,wahyu.nugraha@gmail.com,8439212178.0,Malang,Earbuds TWS JBL,Elektronik,2,912500,10,1642500.0,2025-12-05,COD,Dikirim,5.0
ORD-11854,Nadia Wijaya,nadia35@gmail.com,628854640933.0,Bekasi,Blender Philips,Peralatan Rumah,1,262800,5,249660.0,2025-12-05,GoPay,Selesai,3.0
ORD-60834,Agus Handoko,agus.handoko@gmail.com,8973192032.0,Depok,Sunscreen SPF50 Biore,Kecantikan,3,66300,5,188955.0,2025-12-05,Transfer Bank,Selesai,5.0
ORD-11308,Edy Wibowo,edy.wibowo@gmail.com,628242096280.0,Semarang,Buku Resep Masakan,Buku,4,51400,50,102800.0,2025-12-05,COD,Selesai,3.0
ORD-80784,Fitri Nugraha,fitri.nugraha@gmail.com,8814335942.0,Makassar,Novel Laskar Pelangi,Buku,2,73000,0,146000.0,2025-12-05,Shopeepay,Dibatalkan,3.0
ORD-95318,Kevin Setiawan,kevin_setiawan@outlook.com,8474664903.0,Banjarmasin,Sepatu Nike Air Max,Fashion,1,1276200,5,1212390.0,2025-12-05,Shopeepay,Dikirim,3.0
ORD-42890,Budi Nugraha,budi.nugraha@gmail.com,628605015307.0,Bogor,Kursi Gaming Ergonomis,Furniture,2,1775400,20,2840640.0,2025-12-05,GoPay,Dibatalkan,5.0
ORD-38177,Dewi Hidayat,dewi.hidayat@gmail.com,8805240244.0,Semarang,Dompet Kulit Pria,Fashion,4,166300,5,631940.0,2025-12-05,Transfer Bank,Dibatalkan,1.0
ORD-41599,Gilang Suryadi,Unknown,628899569884.0,Yogya,Lipstik MAC,Kecantikan,1,300800,0,300800.0,2025-12-05,COD,Selesai,3.0
ORD-11703,Gilang Purnama,gilangpurnama@yahoo.com,8964946066.0,Surabaya,Vacuum Cleaner Dyson,Peralatan Rumah,1,3623500,25,2717625.0,2025-12-05,Dana,Selesai,3.0
ORD-24314,Umar Hidayat,umar.hidayat@gmail.com,8513883553.0,Tangerang,Minyak Goreng Bimoli 2L,Makanan & Minuman,3,38300,10,103410.0,2025-12-05,Transfer Bank,Selesai,5.0
ORD7172,Yeni Purnama,yeni_purnama@outlook.com,628251492516.0,Balikpapan,Kamera Canon EOS M50,Elektronik,4,9378700,10,33763320.0,2025-12-05,Transfer Bank,Selesai,5.0
ORD-52077,Sari Hidayat,sari.hidayat@gmail.com,628115102892.0,Jakarta,Kursi Gaming Ergonomis,Furniture,10,1864100,5,17708950.0,2025-12-05,Alfamart,Dibatalkan,4.0
ORD-61348,Yeni Gunawan,yeni.gunawan@gmail.com,8373595941.0,Tangerang,Smartwatch Garmin,Elektronik,1,4369900,20,3495920.0,2025-12-05,Kartu Kredit,Selesai,2.0
ORD-50416,Rizki Kusuma,rizki.kusuma@gmail.com,628493946849.0,Pekanbaru,Rak Buku Minimalis,Furniture,3,445900,5,1270815.0,2025-12-05,GoPay,Selesai,2.0
ORD-32282,Ahmad Kusuma,ahmad_kusuma@outlook.com,8853419132.0,Bandung,Kopi Kapal Api 1kg,Makanan & Minuman,10,76700,5,728650.0,2025-12-05,OVO,Selesai,1.0
ORD-27576,Bella Gunawan,bella_gunawan@outlook.com,628952600296.0,Surabaya,Susu UHT Ultra 1L,Makanan & Minuman,1,18500,30,12950.0,2025-12-05,Transfer Bank,Dikirim,2.0
ORD-70824,Xena Prasetyo,xena.prasetyo@gmail.com,628265205279.0,Surabaya,Minyak Goreng Bimoli 2L,Makanan & Minuman,2,39000,20,62400.0,2025-12-05,Indomaret,Diproses,3.0
ORD-27808,Farah Suryadi,farah40@gmail.com,8122510773.0,Jakarta,Buku Resep Masakan,Buku,4,53200,0,212800.0,2025-12-05,GoPay,Dikembalikan,1.0
ORD-13634,Farah Rahayu,farah21@gmail.com,628492969909.0,Semarang,Serum Vitamin C Somethinc,Kecantikan,1,122200,0,122200.0,2025-12-05,GoPay,Selesai,3.0
ORD-53195,Vina Firmansyah,vina45@gmail.com,8224598010.0,Yogyakarta,Tas Ransel Laptop,Fashion,10,325100,0,3251000.0,2025-12-05,Dana,Selesai,5.0
ORD-91939,Bella Wijaya,bellawijaya@yahoo.com,8565841933.0,Bandung,Tablet iPad Air,Elektronik,2,9056000,10,16300800.0,2025-12-05,COD,Selesai,3.0
ORD-54342,Umar Nugraha,umarnugraha@yahoo.com,628499646701.0,Bekasi,Sunscreen SPF50 Biore,Kecantikan,1,62200,15,52870.0,2025-12-05,Kartu Kredit,Selesai,5.0
ORD-49921,Dewi Lestari,dewi.lestari@gmail.com,8612156393.0,Malang,Snack Chitato 68gr,Makanan & Minuman,2,13200,10,23760.0,2025-12-05,Transfer Bank,Diproses,4.0
ORD3892,Muhammad Suryadi,muhammad60@gmail.com,8188867190.0,Bekasi,Novel Laskar Pelangi,Buku,4,70200,20,224640.0,2025-12-05,OVO,Selesai,5.0
ORD-87095,Tono Utami,tonoutami@yahoo.com,8988987516.0,Batam,Blender Philips,Peralatan Rumah,1,268700,20,214960.0,2025-12-05,Kartu Kredit,Selesai,1.0
ORD-94061,Agus Wijaya,aguswijaya@yahoo.com,8384776753.0,Pekanbaru,Buku Machine Learning,Buku,2,155600,10,280080.0,2025-12-05,OVO,Selesai,3.0
ORD-75968,Gilang Suryadi,gilangsuryadi@yahoo.com,628899569884.0,Batam,AC Split 1 PK Daikin,Peralatan Rumah,1,4484900,10,4036410.0,2025-12-05,Kartu Kredit,Selesai,3.0
ORD-97424,Umar Nugraha,umarnugraha@yahoo.com,628499646701.0,Bekasi,Handphone Xiaomi Redmi Note 12,Elektronik,20,2952100,0,59042000.0,2025-12-05,GoPay,Selesai,3.0
ORD-48549,Fitri Ardiansyah,fitri77@gmail.com,8691688246.0,Batam,Blender Philips,Peralatan Rumah,4,278300,5,1057540.0,2025-12-05,GoPay,Dikembalikan,4.0
ORD-95638,Bella Prasetyo,bella_prasetyo@outlook.com,628682677407.0,Semarang,Teh Botol Sosro 330ml,Makanan & Minuman,3,5900,15,15045.0,2025-12-05,Shopeepay,Selesai,3.0
ORD-47550,Muhammad Lestari,muhammad.lestari@gmail.com,8969033176.0,Bandung,Kemeja Pria Polos,Fashion,3,122400,10,330480.0,2025-12-05,GoPay,Selesai,3.0
ORD-39304,Hani Ardiansyah,haniardiansyah@yahoo.com,628107638609.0,Batam,Kopi Kapal Api 1kg,Makanan & Minuman,1,75700,5,71915.0,2025-12-05,COD,Dikirim,3.0
ORD-81586,Prita Rahayu,pritarahayu@yahoo.com,8686569576.0,Malang,Buku Python untuk Pemula,Buku,1,87500,0,87500.0,2025-12-05,GoPay,Diproses,3.0
ORD8357,Xena Santoso,xena54@gmail.com,628298306261.0,Manado,Teh Botol Sosro 330ml,Makanan & Minuman,2,5200,10,9360.0,2025-12-05,Shopeepay,Diproses,1.0
ORD-87504,Edy Hidayat,edyhidayat@yahoo.com,8106727022.0,Bandung,Headphone Sony WH-1000XM5,Elektronik,2,3274400,25,4911600.0,2025-12-05,Alfamart,Diproses,3.0
ORD4383,Fitri Hidayat,fitri.hidayat@gmail.com,8234449052.0,Bandung,Novel Laskar Pelangi,Buku,2,79800,5,151620.0,2025-12-05,Shopeepay,Selesai,1.0
ORD-32542,Joko Sari,joko_sari@outlook.com,8279548432.0,Bandung,Celana Jeans Levis,Fashion,2,426800,30,597520.0,2025-12-05,COD,Selesai,5.0
ORD-41238,Gilang Purnama,gilang84@gmail.com,628919249789.0,Solo,Setrika Uap Panasonic,Peralatan Rumah,2,456700,5,867730.0,2025-12-05,OVO,Dikirim,1.0
ORD-94202,Vina Lestari,vinalestari@yahoo.com,8472637507.0,Tangerang,Lemari Pakaian 3 Pintu,Furniture,10,2250800,0,22508000.0,2025-12-05,COD,Diproses,3.0
ORD-34471,Rizki Hidayat,rizki_hidayat@outlook.com,8973030966.0,Balikpapan,Setrika Uap Panasonic,Peralatan Rumah,1,458700,10,412830.0,2025-12-05,GoPay,Dibatalkan,5.0
ORD6281,Candra Lestari,candralestari@yahoo.com,628302740017.0,Manado,Novel Laskar Pelangi,Buku,1,71100,0,71100.0,2025-12-05,GoPay,Dikirim,4.0
ORD-64298,Kartika Nugraha,kartika9@gmail.com,8368048838.0,Denpasar,Dompet Kulit Pria,Fashion,3,182800,50,274200.0,2025-12-05,Indomaret,Dikirim,4.0
ORD-48280,Dewi Hidayat,dewi.hidayat@gmail.com,8805240244.0,Semarang,Buku Machine Learning,Buku,2,135400,20,216640.0,2025-12-05,Dana,Selesai,1.0
ORD-15602,Oji Santoso,oji39@gmail.com,8942694160.0,Bekasi,Minyak Goreng Bimoli 2L,Makanan & Minuman,1,2128500,30,1489950.0,2025-12-05,Shopeepay,Dikirim,5.0
ORD-55263,Dian Rahayu,dian.rahayu@gmail.com,628364540415.0,Banjarmasin,Kursi Gaming Ergonomis,Furniture,4,1674400,15,5692960.0,2025-12-05,Shopeepay,Selesai,2.0
ORD-49263,Muhammad Firmansyah,muhammadfirmansyah@yahoo.com,628724888118.0,Tangerang,Skincare Wardah Basic Kit,Kecantikan,5,197200,100,0.0,2025-12-05,OVO,Selesai,5.0
ORD-89318,Candra Prasetyo,candra39@gmail.com,8691966769.0,Solo,Laptop Lenovo IdeaPad,Elektronik,1,6323100,0,6323100.0,2025-12-05,Transfer Bank,Dibatalkan,1.0
ORD-35612,Fitri Wibowo,fitri.wibowo@gmail.com,8137421134.0,Makassar,Buku Resep Masakan,Buku,2,54300,0,108600.0,2025-12-05,GoPay,Selesai,1.0
ORD-33243,Agus Setiawan,agus_setiawan@outlook.com,628115216804.0,Unknown,Speaker Bluetooth JBL,Elektronik,2,1208300,15,2054110.0,2025-12-05,COD,Selesai,4.0
ORD-81834,Sari Kusuma,sarikusuma@yahoo.com,8167649508.0,Surabaya,Dompet Kulit Pria,Fashion,10,171900,20,1375200.0,2025-12-05,Transfer Bank,Dibatalkan,4.0
ORD-37097,Nita Firmansyah,nita.firmansyah@gmail.com,8776005578.0,Jakarta,Meja Belajar Minimalis,Furniture,1,788800,5,749360.0,2025-12-05,Transfer Bank,Dibatalkan,3.0
ORD-38959,Xena Wibowo,xena.wibowo@gmail.com,8801615675.0,Bandung,Laptop Lenovo IdeaPad,Elektronik,1,7254900,15,6166665.0,2025-12-05,Transfer Bank,Selesai,4.0
ORD-72402,Oji Setiawan,oji54@gmail.com,628576228407.0,Manado,Novel Laskar Pelangi,Buku,2,80200,15,136340.0,2025-12-05,Shopeepay,Selesai,1.0
ORD-89927,Zaidan Hartono,zaidan67@gmail.com,628382074176.0,Surabaya,Jaket Bomber Pria,Fashion,1,392800,5,373160.0,2025-12-05,Shopeepay,Selesai,5.0
ORD-21869,Edy Hidayat,Unknown,8106727022.0,Makassar,Handphone Samsung Galaxy A54,Elektronik,1,4524100,15,3845485.0,2025-12-05,Transfer Bank,Dikirim,3.0
ORD-57158,Muhammad Santoso,muhammad52@gmail.com,8815191831.0,Tangerang,Dompet Kulit Pria,Fashion,1,6258600,15,5319810.0,2025-12-05,GoPay,Selesai,3.0
ORD-56700,Yeni Kusuma,yeni_kusuma@outlook.com,8463646552.0,Medan!,Kopi Kapal Api 1kg,Makanan & Minuman,2,75600,25,113400.0,2025-12-05,OVO,Selesai,5.0
ORD-28363,Candra Firmansyah,candrafirmansyah@yahoo.com,Unknown,Batam,Smartwatch Garmin,Elektronik,1,4089800,20,3271840.0,2025-12-05,COD,Diproses,2.0
ORD-23734,Kartika Setiawan,kartika_setiawan@outlook.com,628106171869.0,Bandung,Snack Chitato 68gr,Makanan & Minuman,1,12800,5,12160.0,2025-12-05,Shopeepay,Diproses,4.0
ORD-35209,Vina Kusuma,vinakusuma@yahoo.com,628517555386.0,Jakarta,Kemeja Pria Polos,Fashion,2,116400,15,197880.0,2025-12-05,COD,Selesai,3.0
ORD-29980,Nadia Santoso,nadiasantoso@yahoo.com,628824656838.0,Makassar,Teh Botol Sosro 330ml,Makanan & Minuman,1,5400,0,5400.0,2025-12-05,Transfer Bank,Selesai,3.0
ORD-36938,Muhammad Rahayu,muhammad.rahayu@gmail.com,8733251501.0,Bandung,Parfum Pria Davidoff,Kecantikan,1,620500,0,620500.0,2025-12-05,GoPay,Selesai,5.0
ORD-37052,Gilang Putra,gilang_putra@outlook.com,628474816534.0,Depok,Jam Tangan Casio,Fashion,3,602300,0,1806900.0,2025-12-05,Shopeepay,Selesai,5.0
ORD-90557,Oji Wijaya,oji_wijaya@outlook.com,628933493647.0,Batam,Lemari Pakaian 3 Pintu,Furniture,5,2121200,10,9545400.0,2025-12-05,Kartu Kredit,Selesai,1.0
ORD-95407,Budi Hidayat,budi_hidayat@outlook.com,628653653446.0,Balikpapan,Headphone Sony WH-1000XM5,Elektronik,2,3240800,20,5185280.0,2025-12-05,OVO,Selesai,2.0
ORD-70535,Fitri Lestari,fitri35@gmail.com,8541447451.0,Jakarta,Speaker Bluetooth JBL,Elektronik,1,1218400,15,1035640.0,2025-12-05,COD,Dikirim,4.0
ORD-45162,Kartika Lestari,Unknown,8386398941.0,Balikpapan,Buku Machine Learning,Buku,3,137400,5,391590.0,2025-12-05,GoPay,Dibatalkan,3.0
ORD-25147,Vina Kusuma,vinakusuma@yahoo.com,628517555386.0,Jakarta,Jaket Bomber Pria,Fashion,1,396200,0,396200.0,2025-12-05,OVO,Selesai,5.0
ORD-32826,Oji Hartono,oji.hartono@gmail.com,8943586094.0,Bandung,Tas Ransel Laptop,Fashion,4,301100,0,1204400.0,2025-12-05,OVO,Selesai,3.0
ORD-82624,Unknown,putri90@gmail.com,628278795419.0,Batam,Kursi Gaming Ergonomis,Furniture,4,1775000,0,7100000.0,2025-12-05,GoPay,Selesai,2.0
ORD6787,Ika Lestari,ika69@gmail.com,8698115687.0,Tangerang,Kemeja Pria Polos,Fashion,2,129000,0,258000.0,2025-12-05,COD,Dikirim,4.0
ORD-44563,Rizki Hidayat,Unknown,8973030966.0,Balikpapan,Rice Cooker Philips,Peralatan Rumah,10,355400,10,3198600.0,2025-12-05,Kartu Kredit,Diproses,4.0
ORD-17184,Umar Hartono,umarhartono@yahoo.com,8695727345.0,Balikpapan,Lemari Pakaian 3 Pintu,Furniture,2,2058400,25,3087600.0,2025-12-05,GoPay,Selesai,3.0
ORD-37943,Fitri Wibowo,fitri.wibowo@gmail.com,8137421134.0,Makassar,Jaket Bomber Pria,Fashion,2,388600,0,777200.0,2025-12-05,OVO,Selesai,4.0
ORD-93099,Farah Suryadi,farah40@gmail.com,8122510773.0,Jakarta,Sepatu Nike Air Max,Fashion,1,1293400,15,1099390.0,2025-12-05,Transfer Bank,Diproses,1.0
ORD-38084,Joko Nugraha,joko_nugraha@outlook.com,8184317700.0,Jakarta,Buku Python untuk Pemula,Buku,2,90000,5,171000.0,2025-12-05,Transfer Bank,Dibatalkan,3.0
ORD-86358,Indra Rahayu,indra_rahayu@outlook.com,628289745141.0,Depok,Kemeja Pria Polos,Fashion,1,114400,10,102960.0,2025-12-05,GoPay,Diproses,1.0
ORD-36417,Farah Rahayu,farah21@gmail.com,628492969909.0,Semarang,Sepatu Adidas Ultraboost,Fashion,3,1423200,0,4269600.0,2025-12-05,Kartu Kredit,Selesai,3.0
ORD-53254,Julia Gunawan,juliagunawan@yahoo.com,8873321942.0,Bekasi,Laptop ASUS VivoBook,Elektronik,1,7936200,15,6745770.0,2025-12-05,GoPay,Selesai,2.0
ORD-41372,Indra Hartono,indra8@gmail.com,628821968662.0,Surabaya,Sepatu Nike Air Max,Fashion,1,1383600,5,1314420.0,2025-12-05,OVO,Diproses,2.0
ORD-42672,Tono Handoko,tono_handoko@outlook.com,628992647814.0,Batam,Skincare Wardah Basic Kit,Kecantikan,3,172000,0,516000.0,2025-12-05,OVO,Selesai,1.0
ORD-88126,Fitri Ardiansyah,fitri77@gmail.com,8691688246.0,Batam,Headphone Sony WH-1000XM5,Elektronik,1,3738200,10,3364380.0,2025-12-05,OVO,Selesai,2.0
ORD2358,Kevin Suryadi,kevin60@gmail.com,8675091349.0,Denpasar,Teh Botol Sosro 330ml,Makanan & Minuman,2,5300,0,10600.0,2025-12-05,GoPay,Selesai,3.0
ORD-84796,Bella Utami,bella.utami@gmail.com,8965398338.0,Malang,Lemari Pakaian 3 Pintu,Furniture,10,2191800,0,21918000.0,2025-12-05,OVO,Diproses,3.0
ORD-20412,Rizki Kusuma,rizki.kusuma@gmail.com,628493946849.0,Pekanbaru,Meja Belajar Minimalis,Furniture,2,817400,50,817400.0,2025-12-05,GoPay,Selesai,3.0
ORD-80187,Unknown,joko73@gmail.com,628702224599.0,Jakarta,Buku Python untuk Pemula,Buku,1,90200,5,85690.0,2025-12-05,Shopeepay,Dikirim,1.0
ORD-53240,Kevin Wibowo,kevin.wibowo@gmail.com,8559059269.0,Bandung,Vacuum Cleaner Dyson,Peralatan Rumah,1,4023800,0,4023800.0,2025-12-05,Alfamart,Dibatalkan,1.0
ORD-17590,Ika Prasetyo,ika.prasetyo@gmail.com,628403276065.0,Banjarmasin,Sunscreen SPF50 Biore,Kecantikan,1,62400,5,59280.0,2025-12-05,COD,Selesai,1.0
ORD-74633,Xena Hidayat,xena97@gmail.com,8153067274.0,Balikpapan,Meja Belajar Minimalis,Furniture,4,915200,0,3660800.0,2025-12-05,OVO,Selesai,2.0
ORD-83419,Budi Hidayat,budi_hidayat@outlook.com,628653653446.0,Balikpapan,Rice Cooker Philips,Peralatan Rumah,2,359300,20,574880.0,2025-12-05,COD,Selesai,4.0
ORD-87491,Nita Utami,nitautami@yahoo.com,8584739628.0,Malang,Minyak Goreng Bimoli 2L,Makanan & Minuman,2,36800,25,55200.0,2025-12-05,Dana,Dibatalkan,1.0
ORD-38287,Oscar Lestari,oscarlestari@yahoo.com,Unknown,Tangerang,Skincare Wardah Basic Kit,Kecantikan,3,174100,5,496185.0,2025-12-05,Indomaret,Dikembalikan,4.0
ORD-70907,Hendra Prasetyo,hendra.prasetyo@gmail.com,8857442986.0,Tangerang,Kopi Kapal Api 1kg,Makanan & Minuman,4,79900,0,319600.0,2025-12-05,GoPay,Selesai,5.0
ORD-35302,Edy Santoso,edy_santoso@outlook.com,8341563871.0,Malang,Snack Chitato 68gr,Unknown,2,12400,0,24800.0,2025-12-05,Transfer Bank,Selesai,3.0
ORD-72957,Yeni Prasetyo,yeni.prasetyo@gmail.com,628548421839.0,Banjarmasin,Kaos Distro Premium,Fashion,1,88500,0,88500.0,2025-12-05,OVO,Dikirim,1.0
ORD-48609,Budi Hidayat,budi_hidayat@outlook.com,628653653446.0,Balikpapan,Kemeja Pria Polos,Fashion,10,121900,0,1219000.0,2025-12-05,Transfer Bank,Selesai,1.0
ORD-97042,Rizki Gunawan,rizki.gunawan@gmail.com,8627249378.0,Unknown,Vacuum Cleaner Dyson,Peralatan Rumah,4,3714600,0,14858400.0,2025-12-05,Dana,Selesai,1.0
ORD-59286,Sari Hartono,sari.hartono@gmail.com,8546018975.0,Depok,Kemeja Pria Polos,Fashion,1,113800,10,102420.0,2025-12-05,Transfer Bank,Selesai,2.0
ORD-47217,Lina Setiawan,linasetiawan@yahoo.com,628205955645.0,Bogor,Setrika Uap Panasonic,Peralatan Rumah,1,453600,0,453600.0,2025-12-05,COD,Selesai,2.0
ORD-11908,Umar Hartono,umar_hartono@outlook.com,8653244614.0,Tangerang,Minyak Goreng Bimoli 2L,Makanan & Minuman,2,35200,15,59840.0,2025-12-05,COD,Selesai,1.0
ORD-95123,Umar Hartono,umar_hartono@outlook.com,8653244614.0,Tangerang,Celana Jeans Levis,Fashion,1,459800,100,0.0,2025-12-05,Alfamart,Selesai,1.0
ORD-79950,Agus Setiawan,Unknown,628115216804.0,Palembang,Handphone Samsung Galaxy A54,Elektronik,4,4121900,5,15663220.0,2025-12-05,Transfer Bank,Dibatalkan,4.0
ORD-34651,Dian Wibowo,dianwibowo@yahoo.com,628582622631.0,Jakarta,Susu UHT Ultra 1L,Makanan & Minuman,1,19400,30,13580.0,2025-12-05,Kartu Kredit,Selesai,5.0
ORD-42597,Joko Lestari,joko.lestari@gmail.com,628925620085.0,Batam,Handphone Xiaomi Redmi Note 12,Elektronik,1,2628400,20,2102720.0,2025-12-05,Transfer Bank,Dikirim,1.0
ORD-10424,Lusi Gunawan,lusi82@gmail.com,628383941912.0,Semarang,Rak Buku Minimalis,Furniture,2,418900,0,837800.0,2025-12-05,Dana,Selesai,4.0
ORD-51303,Dewi Utami,dewi56@gmail.com,8596399642.0,Solo,Buku Python untuk Pemula,Buku,3,92700,50,139050.0,2025-12-05,Indomaret,Selesai,2.0
ORD-39100,Eko Kusuma,eko50@gmail.com,8999767135.0,Medan,Buku Machine Learning,Buku,1,142400,15,121040.0,2025-12-05,Dana,Dibatalkan,4.0
ORD-35217,Edy Kusuma,edykusuma@yahoo.com,Unknown,Makassar,Teh Botol Sosro 330ml,Makanan & Minuman,1,5500,0,5500.0,2025-12-05,Shopeepay,Selesai,3.0
ORD-51431,Budi Nugraha,budi.nugraha@gmail.com,628605015307.0,Bogor,Buku Python untuk Pemula,Buku,1,93100,10,83790.0,2025-12-05,COD,Selesai,5.0
ORD-42586,Dian Utami,dian85@gmail.com,8294185957.0,Solo,Rice Cooker Philips,Peralatan Rumah,2,329300,15,559810.0,2025-12-05,COD,Selesai,4.0
ORD-58957,Wahyu Nugraha,wahyu.nugraha@gmail.com,8439212178.0,Malang,Handphone Xiaomi Redmi Note 12,Elektronik,2,2857000,20,4571200.0,2025-12-05,Transfer Bank,Dibatalkan,4.0
ORD-66499,Dian Firmansyah,dian_firmansyah@outlook.com,8327211142.0,Depok,Celana Jeans Levis,Fashion,3,434500,0,1303500.0,2025-12-05,Kartu Kredit,Diproses,3.0
ORD-19761,Wahyu Suryadi,wahyu.suryadi@gmail.com,8566159230.0,Unknown,Kaos Distro Premium,Fashion,2,86500,10,155700.0,2025-12-05,GoPay,Selesai,2.0
ORD-79309,Muhammad Handoko,muhammadhandoko@yahoo.com,8567189302.0,Banjarmasin,Sofa L-Shape,Furniture,1,5368200,0,5368200.0,2025-12-05,GoPay,Selesai,3.0
ORD-31375,Nita Utami,nitautami@yahoo.com,8584739628.0,Malang,Celana Jeans Levis,Fashion,4,442000,0,1768000.0,2025-12-05,COD,Selesai,2.0
ORD-85666,Sari Setiawan,sari31@gmail.com,8446530194.0,Medan,Lipstik MAC,Kecantikan,10,337000,5,3201500.0,2025-12-05,GoPay,Selesai,4.0
ORD-92634,Dewi Kusuma,dewi82@gmail.com,8308412769.0,Banjarmasin,Handphone Samsung Galaxy A54,Elektronik,1,3979300,10,3581370.0,2025-12-05,Kartu Kredit,Diproses,2.0
ORD-95370,Muhammad Santoso,muhammad90@gmail.com,8912746679.0,Semarang,Kemeja Pria Polos,Fashion,2,124400,0,248800.0,2025-12-05,Dana,Selesai,2.0
ORD-68557,Oscar Hidayat,oscar23@gmail.com,8881654924.0,Yogya,Minyak Goreng Bimoli 2L,Makanan & Minuman,1,38800,5,36860.0,2025-12-05,Kartu Kredit,Dibatalkan,1.0
ORD-91165,Nadia Setiawan,nadia72@gmail.com,628638446596.0,Bekasi,Laptop ASUS VivoBook,Elektronik,1,8062400,100,0.0,2025-12-05,GoPay,Selesai,4.0
ORD-17688,Candra Prasetyo,candra39@gmail.com,8691966769.0,Unknown,Speaker Bluetooth JBL,Elektronik,3,1150300,5,3278355.0,2025-12-05,Transfer Bank,Selesai,4.0
ORD-10009,Kartika Hidayat,kartika_hidayat@outlook.com,628852695038.0,Semarang,Blender Philips,Peralatan Rumah,10,264300,5,2510850.0,2025-12-05,Transfer Bank,Dibatalkan,3.0
ORD-89794,Joko Suryadi,jokosuryadi@yahoo.com,8483300647.0,Semarang,Dompet Kulit Pria,Fashion,10,172500,0,1725000.0,2025-12-05,Transfer Bank,Dikembalikan,4.0
ORD-52929,Hani Firmansyah,hani_firmansyah@outlook.com,8585702656.0,Batam,Tas Ransel Laptop,Fashion,2,295300,15,502010.0,2025-12-05,Dana,Dikirim,5.0
ORD-93713,Hani Ardiansyah,hani.ardiansyah@gmail.com,628285886733.0,Tangerang,Tablet iPad Air,Elektronik,1,9762300,15,8297955.0,2025-12-05,Transfer Bank,Selesai,3.0
ORD-30409,Muhammad Santoso,muhammad90@gmail.com,8912746679.0,Semarang,Susu UHT Ultra 1L,Makanan & Minuman,3,19900,20,47760.0,2025-12-05,Transfer Bank,Dibatalkan,1.0
ORD-89864,Farah Suryadi,Unknown,8122510773.0,Jakarta,Skincare Wardah Basic Kit,Kecantikan,1,171700,50,85850.0,2025-12-05,GoPay,Dikembalikan,1.0
ORD-55553,Prita Rahayu,Unknown,8686569576.0,Malang,Snack Chitato 68gr,Makanan & Minuman,5,12100,10,54450.0,2025-12-05,Indomaret,Selesai,3.0
ORD-28995,Dewi Setiawan,dewi_setiawan@outlook.com,Unknown,Bandung,Handphone Xiaomi Redmi Note 12,Elektronik,4,2814100,10,10130760.0,2025-12-05,COD,Selesai,3.0
ORD-23061,Dian Firmansyah,dian_firmansyah@outlook.com,8327211142.0,Depok,Komik Naruto Vol 1,Buku,20,35300,0,706000.0,2025-12-05,OVO,Selesai,2.0
ORD-68882,Joko Prasetyo,joko85@gmail.com,628878099076.0,Bogor,Smartwatch Garmin,Elektronik,10,4316100,30,30212699.999999996,2025-12-05,Shopeepay,Selesai,5.0
ORD-86457,Nita Firmansyah,nita.firmansyah@gmail.com,8776005578.0,Jakarta,Speaker Bluetooth JBL,Elektronik,20,1229700,5,23364300.0,2025-12-05,Transfer Bank,Diproses,3.0
ORD-77672,Hani Ardiansyah,haniardiansyah@yahoo.com,628107638609.0,Bandung,Serum Vitamin C Somethinc,Unknown,1,135100,100,0.0,2025-12-05,Shopeepay,Dibatalkan,2.0
ORD-66561,Muhammad Santoso,muhammad90@gmail.com,8912746679.0,Semarang,Buku Python untuk Pemula,Buku,10,93000,0,930000.0,2025-12-05,Kartu Kredit,Selesai,3.0
ORD-93523,Unknown,fitri.nugraha@gmail.com,628413112652.0,Unknown,Dress Wanita Batik,Fashion,1,200100,15,170085.0,2025-12-05,Transfer Bank,Selesai,3.0
ORD4626,Vina Lestari,vinalestari@yahoo.com,628593347981.0,Solo,Dress Wanita Batik,Fashion,1,200900,100,0.0,2025-12-05,Kartu Kredit,Selesai,3.0
ORD-68081,Unknown,dian.firmansyah@gmail.com,8606205543.0,Bandung,Jam Tangan Casio,Fashion,1,607700,5,577315.0,2025-12-05,GoPay,Selesai,5.0
ORD-47194,Joko Putra,joko_putra@outlook.com,628738225192.0,Balikpapan,Lipstik MAC,Kecantikan,2,339400,10,610920.0,2025-12-05,Indomaret,Selesai,2.0
ORD-71474,Dian Rahayu,dian.rahayu@gmail.com,628364540415.0,Banjarmasin,Dompet Kulit Pria,Fashion,1,170400,5,161880.0,2025-12-05,OVO,Dikirim,4.0
ORD-14983,Umar Hartono,umar.hartono@gmail.com,628581681729.0,Solo,Handphone Xiaomi Redmi Note 12,Elektronik,3,2864900,5,8164965.0,2025-12-05,OVO,Selesai,2.0
ORD-56392,Hendra Prasetyo,hendra.prasetyo@gmail.com,8857442986.0,Tangerang,Sofa L-Shape,Furniture,2,5310700,10,9559260.0,2025-12-05,GoPay,Selesai,3.0
ORD-34336,Rizki Wijaya,rizki.wijaya@gmail.com,8564340507.0,Tangerang,Handphone Samsung Galaxy A54,Unknown,1,4435300,100,0.0,2025-12-05,Kartu Kredit,Selesai,5.0
ORD-30722,Tono Utami,tonoutami@yahoo.com,8988987516.0,Batam,Serum Vitamin C Somethinc,Kecantikan,1,124700,0,124700.0,2025-12-05,COD,Selesai,3.0
ORD-85667,Hendra Wijaya,hendra51@gmail.com,628561064014.0,Medan,Kopi Kapal Api 1kg,Makanan & Minuman,10,76600,10,689400.0,2025-12-05,COD,Selesai,4.0
ORD-22807,Julia Lestari,julialestari@yahoo.com,Unknown,Surabaya,Rice Cooker Philips,Peralatan Rumah,1,335000,10,301500.0,2025-12-05,Transfer Bank,Selesai,3.0
ORD-76618,Kevin Rahayu,kevin_rahayu@outlook.com,628155973336.0,Bandung,Kaos Distro Premium,Fashion,2,85800,0,171600.0,2025-12-05,Shopeepay,Selesai,1.0
ORD-77675,Farah Utami,farah16@gmail.com,628907067228.0,Bekasi,Parfum Pria Davidoff,Kecantikan,2,606600,5,1152540.0,2025-12-05,Transfer Bank,Selesai,4.0
ORD-57681,Farah Utami,farah_utami@outlook.com,628738818250.0,Palembang,Teh Botol Sosro 330ml,Makanan & Minuman,10,5500,5,52250.0,2025-12-05,COD,Selesai,4.0
ORD-65278,Edy Hidayat,edyhidayat@yahoo.com,8106727022.0,Makassar,Kaos Distro Premium,Fashion,1,78800,0,78800.0,2025-12-05,Dana,Dikembalikan,1.0
ORD-83578,Ika Santoso,ika_santoso@outlook.com,8414744854.0,Surabaya,Kemeja Pria Polos,Fashion,3,111100,10,299970.0,2025-12-05,GoPay,Selesai,2.0
ORD-99991,Eko Hidayat,eko.hidayat@gmail.com,8671816653.0,Semarang,Buku Machine Learning,Buku,1,153300,0,153300.0,2025-12-05,Kartu Kredit,Dikirim,3.0
ORD-75007,Tono Handoko,tono_handoko@outlook.com,628992647814.0,Batam,Kursi Gaming Ergonomis,Furniture,2,1801500,20,2882400.0,2025-12-05,Kartu Kredit,Selesai,2.0
ORD-33679,Dewi Putra,dewiputra@yahoo.com,8967588425.0,Bandung,Kemeja Pria Polos,Fashion,3,126000,10,340200.0,2025-12-05,Indomaret,Selesai,3.0
ORD-23801,Lina Utami,lina49@gmail.com,8514165061.0,Yogyakarta,Sepatu Nike Air Max,Fashion,4,1429200,15,4859280.0,2025-12-05,COD,Dibatalkan,3.0
ORD0671,Fitri Wibowo,fitri.wibowo@gmail.com,8137421134.0,Makassar,Buku Python untuk Pemula,Buku,1,88800,30,62159.99999999999,2025-12-05,Transfer Bank,Selesai,4.0
ORD-26858,Oscar Sari,oscarsari@yahoo.com,8491229419.0,Semarang,AC Split 1 PK Daikin,Peralatan Rumah,1,3917500,10,3525750.0,2025-12-05,COD,Selesai,2.0
ORD-40873,Vina Firmansyah,vina45@gmail.com,8224598010.0,Yogyakarta,Parfum Pria Davidoff,Kecantikan,20,573200,25,8598000.0,2025-12-05,Kartu Kredit,Selesai,5.0
ORD2257,Ahmad Kusuma,ahmad_kusuma@outlook.com,8853419132.0,Bandung,Buku Python untuk Pemula,Buku,1,87700,10,78930.0,2025-12-05,Alfamart,Selesai,2.0
ORD-89863,Dian Rahayu,dian.rahayu@gmail.com,628364540415.0,Banjarmasin,Rak Buku Minimalis,Furniture,1,452500,5,429875.0,2025-12-05,Dana,Selesai,5.0
ORD-46281,Ika Hidayat,ikahidayat@yahoo.com,628439776935.0,Jakarta,Rice Cooker Philips,Peralatan Rumah,4,338600,30,948079.9999999999,2025-12-05,GoPay,Selesai,5.0
ORD-22215,Nita Utami,nitautami@yahoo.com,8584739628.0,Malang,Buku Machine Learning,Buku,1,150600,5,143070.0,2025-12-05,COD,Selesai,2.0
ORD-38023,Edy Kusuma,edy_kusuma@outlook.com,628526363836.0,Bogor,Serum Vitamin C Somethinc,Kecantikan,2,137000,0,274000.0,2025-12-05,Kartu Kredit,Dikirim,5.0
ORD-88904,Mario Wijaya,mario.wijaya@gmail.com,8802023137.0,Balikpapan,Buku Resep Masakan,Buku,1,51600,0,51600.0,2025-12-05,Shopeepay,Selesai,1.0
ORD-69587,Indra Rahayu,indra_rahayu@outlook.com,628289745141.0,Depok,Handphone Samsung Galaxy A54,Elektronik,1,4175300,5,3966535.0,2025-12-05,Transfer Bank,Dibatalkan,2.0
ORD-55715,Hani Prasetyo,hani92@gmail.com,8604616991.0,Palembang,Sepatu Nike Air Max,Fashion,1,1412800,5,1342160.0,2025-12-05,Dana,Selesai,2.0
ORD-81613,Hani Nugraha,haninugraha@yahoo.com,628472696860.0,Manado,Buku Resep Masakan,Buku,1,55700,5,52915.0,2025-12-05,OVO,Selesai,5.0
ORD-19330,Putri Prasetyo,putri.prasetyo@gmail.com,8859466346.0,Manado,Kopi Kapal Api 1kg,Makanan & Minuman,2,76100,20,121760.0,2025-12-05,GoPay,Dikirim,2.0
ORD-21749,Hani Ardiansyah,hani.ardiansyah@gmail.com,628285886733.0,Tangerang,Lipstik MAC,Kecantikan,1,327800,0,327800.0,2025-12-05,Alfamart,Selesai,4.0
ORD-74056,Umar Handoko,umar_handoko@outlook.com,628113321873.0,Malang,Rak Buku Minimalis,Furniture,1,423700,30,296590.0,2025-12-05,Transfer Bank,Dikirim,5.0
ORD-81377,Unknown,edy.handoko@gmail.com,8679453010.0,Solo,Speaker Bluetooth JBL,Elektronik,1,1179400,5,1120430.0,2025-12-05,Dana,Selesai,2.0
ORD-32974,Oscar Kusuma,oscarkusuma@yahoo.com,8946956059.0,Surabaya,Lipstik MAC,Kecantikan,10,333700,10,3003300.0,2025-12-05,Kartu Kredit,Selesai,3.0
ORD-26629,Rizki Hidayat,rizki_hidayat@outlook.com,Unknown,Balikpapan,Parfum Pria Davidoff,Kecantikan,5,543400,20,2173600.0,2025-12-05,Kartu Kredit,Selesai,4.0
ORD-64943,Muhammad Rahayu,muhammad.rahayu@gmail.com,8733251501.0,Depok,Buku Resep Masakan,Buku,2,58000,10,104400.0,2025-12-05,Indomaret,Diproses,2.0
ORD-97565,Nita Utami,nitautami@yahoo.com,8584739628.0,Malang,Smartwatch Garmin,Elektronik,5,3945900,10,17756550.0,2025-12-05,GoPay,Selesai,2.0
ORD-38959,Agus Wijaya,aguswijaya@yahoo.com,8384776753.0,Jakarta,Celana Jeans Levis,Fashion,2,433700,10,780660.0,2025-12-05,OVO,Dibatalkan,3.0
ORD-48041,Yeni Utami,yeniutami@yahoo.com,8272058651.0,Jogja,Buku Resep Masakan,Buku,2,56200,100,0.0,2025-12-05,COD,Selesai,3.0
ORD-34542,Candra Prasetyo,candra39@gmail.com,8691966769.0,Solo,Buku Python untuk Pemula,Buku,2,94900,0,189800.0,2025-12-05,Alfamart,Dikirim,3.0
ORD-72477,Kartika Setiawan,kartika_setiawan@outlook.com,628106171869.0,Jakarta,Speaker Bluetooth JBL,Elektronik,1,1224800,15,1041080.0,2025-12-05,COD,Selesai,3.0
ORD-35756,Joko Utami,jokoutami@yahoo.com,628771567468.0,Tangerang,Kamera Canon EOS M50,Elektronik,1,9284900,15,7892165.0,2025-12-05,Kartu Kredit,Selesai,4.0
ORD-88849,Dian Wibowo,dianwibowo@yahoo.com,628582622631.0,Unknown,Tas Ransel Laptop,Fashion,1,319400,0,319400.0,2025-12-05,Transfer Bank,Selesai,4.0
ORD-64521,Putri Gunawan,putri_gunawan@outlook.com,Unknown,Makassar,Laptop ASUS VivoBook,Elektronik,4,8014600,0,32058400.0,2025-12-05,Shopeepay,Selesai,3.0
ORD-78667,Lina Suryadi,lina.suryadi@gmail.com,8411327658.0,Malang,Susu UHT Ultra 1L,Makanan & Minuman,1,17500,0,17500.0,2025-12-05,Transfer Bank,Dibatalkan,2.0
ORD-68371,Fitri Nugraha,fitri.nugraha@gmail.com,8814335942.0,Makassar,Kamera Canon EOS M50,Elektronik,4,8866600,20,28373120.0,2025-12-05,OVO,Selesai,5.0
ORD-72024,Candra Setiawan,candra58@gmail.com,8656308382.0,Denpasar,Jam Tangan Casio,Fashion,2,653700,0,1307400.0,2025-12-05,GoPay,Dikirim,2.0
ORD-75239,Ahmad Prasetyo,ahmad_prasetyo@outlook.com,628879648751.0,Makassar,Meja Belajar Minimalis,Furniture,3,842700,5,2401695.0,2025-12-05,Kartu Kredit,Selesai,5.0
ORD-91353,Indra Purnama,indra12@gmail.com,8753355029.0,Makassar,Handphone Samsung Galaxy A54,Elektronik,1,3867100,0,3867100.0,2025-12-05,COD,Dikirim,2.0
ORD8707,Hendra Wibowo,hendra.wibowo@gmail.com,Unknown,Malang,Laptop Lenovo IdeaPad,Elektronik,3,7283900,15,18573945.0,2025-12-05,OVO,Selesai,2.0
ORD5627,Eko Prasetyo,ekoprasetyo@yahoo.com,8748650572.0,Surabaya,Sepatu Nike Air Max,Fashion,2,1293600,0,2587200.0,2025-12-05,COD,Dikirim,2.0
ORD-87403,Gilang Hidayat,gilang57@gmail.com,Unknown,Tangerang,Rak Buku Minimalis,Furniture,2,461200,10,830160.0,2025-12-05,OVO,Dikirim,1.0
ORD-35385,Xena Gunawan,xenagunawan@yahoo.com,628716271120.0,Medan!,Novel Laskar Pelangi,Buku,2,75200,0,150400.0,2025-12-05,OVO,Selesai,5.0
ORD-39853,Joko Utami,jokoutami@yahoo.com,628771567468.0,Tangerang,Celana Jeans Levis,Fashion,1,462100,15,392785.0,2025-12-05,OVO,Diproses,2.0
ORD-15958,Muhammad Utami,muhammad22@gmail.com,8551160783.0,Semarang,Komik Naruto Vol 1,Buku,3,32300,0,96900.0,2025-12-05,QRIS,Selesai,2.0
ORD-51239,Joko Sari,Unknown,8279548432.0,Bandung,Meja Belajar Minimalis,Furniture,2,852200,10,1533960.0,2025-12-05,Dana,Selesai,2.0
ORD-87938,Hendra Wijaya,hendra40@gmail.com,628262512187.0,Semarang,Teh Botol Sosro 330ml,Makanan & Minuman,1,5200,0,5200.0,2025-12-05,Transfer Bank,Selesai,2.0
ORD-25988,Dewi Utami,dewiutami@yahoo.com,628166778321.0,Solo,Headphone Sony WH-1000XM5,Elektronik,3,3494300,10,9434610.0,2025-12-05,GoPay,Selesai,2.0
ORD-75923,Vina Sari,vina_sari@outlook.com,8463044708.0,Bogor,Susu UHT Ultra 1L,Makanan & Minuman,2,19200,0,38400.0,2025-12-05,OVO,Selesai,1.0
ORD-92038,Siti Kusuma,sitikusuma@yahoo.com,628709907391.0,Malang,Rak Buku Minimalis,Furniture,3,439600,0,1318800.0,2025-12-05,Dana,Diproses,3.0
ORD-14805,Ahmad Wijaya,ahmad_wijaya@outlook.com,8835770422.0,Pekanbaru,Parfum Pria Davidoff,Kecantikan,2,605200,0,1210400.0,2025-12-05,GoPay,Selesai,1.0
ORD-89915,Oji Suryadi,ojisuryadi@yahoo.com,8854794852.0,Solo,Jaket Bomber Pria,Fashion,1,399000,30,279300.0,2025-12-05,Dana,Selesai,1.0
ORD-39240,Muhammad Sari,muhammad_sari@outlook.com,628808738745.0,Bandung,Jaket Bomber Pria,Fashion,20,361200,0,7224000.0,2025-12-05,Dana,Selesai,5.0
ORD-47738,Nita Ardiansyah,nita_ardiansyah@outlook.com,628758938746.0,Balikpapan,Rice Cooker Philips,Peralatan Rumah,2,9171800,10,16509240.0,2025-12-05,OVO,Dibatalkan,4.0
ORD-82773,Oji Suryadi,ojisuryadi@yahoo.com,8854794852.0,Solo,Rak Buku Minimalis,Furniture,1,475400,5,451630.0,2025-12-05,OVO,Selesai,3.0
ORD-42647,Muhammad Sari,muhammad_sari@outlook.com,628808738745.0,Bandung,Sepatu Nike Air Max,Fashion,1,1297500,100,0.0,2025-12-05,Dana,Dibatalkan,4.0
ORD-42790,Kartika Santoso,kartika_santoso@outlook.com,628191910467.0,Depok,Novel Laskar Pelangi,Buku,1,74400,0,74400.0,2025-12-05,GoPay,Selesai,4.0
ORD-54492,Umar Hartono,umarhartono@yahoo.com,8695727345.0,Balikpapan,Rice Cooker Philips,Peralatan Rumah,3,364200,0,1092600.0,2025-12-05,GoPay,Selesai,1.0
ORD-10593,Oscar Suryadi,oscarsuryadi@yahoo.com,8457760781.0,Pekanbaru,Sofa L-Shape,Furniture,1,5892000,5,5597400.0,2025-12-05,Dana,Selesai,1.0
ORD-79056,Xena Kusuma,xena_kusuma@outlook.com,628956632941.0,Palembang,Handphone Xiaomi Redmi Note 12,Elektronik,4,2807000,0,11228000.0,2025-12-05,GoPay,Dikirim,2.0
ORD-55882,Joko Prasetyo,joko85@gmail.com,628878099076.0,Bogor,Kamera Canon EOS M50,Elektronik,1,8067800,15,6857630.0,2025-12-05,Kartu Kredit,Selesai,4.0
ORD-44135,Hendra Rahayu,hendra.rahayu@gmail.com,8369742856.0,Solo,Buku Resep Masakan,Buku,1,4142200,0,4142200.0,2025-12-05,Shopeepay,Dikirim,3.0
ORD-56062,Vina Sari,vina_sari@outlook.com,8463044708.0,Bogor,Lemari Pakaian 3 Pintu,Furniture,1,2064300,20,1651440.0,2025-12-05,Dana,Selesai,4.0
ORD3044,Xena Putra,xenaputra@yahoo.com,8807352484.0,Pekanbaru,Buku Machine Learning,Buku,2,139100,5,264290.0,2025-12-05,Kartu Kredit,Selesai,3.0
ORD-70994,Farah Putra,farah_putra@outlook.com,628346294016.0,Palembang,Skincare Wardah Basic Kit,Kecantikan,1,193300,20,154640.0,2025-12-05,Indomaret,Selesai,1.0
ORD-25766,Lusi Hartono,lusi.hartono@gmail.com,8644394336.0,Malang,Komik Naruto Vol 1,Buku,2,36300,10,65340.0,2025-12-05,Transfer Bank,Dikembalikan,3.0
ORD-61435,Dewi Setiawan,dewi_setiawan@outlook.com,628997749095.0,Bandung,Lemari Pakaian 3 Pintu,Furniture,2,2186000,0,4372000.0,2025-12-05,Kartu Kredit,Selesai,3.0
ORD-51246,Eko Kusuma,eko50@gmail.com,8999767135.0,Medan,Buku Python untuk Pemula,Buku,1,83500,100,0.0,2025-12-05,Alfamart,Diproses,3.0
ORD-52256,Fitri Sari,fitri13@gmail.com,628307210606.0,Bandung,Teh Botol Sosro 330ml,Makanan & Minuman,10,5900,0,59000.0,2025-12-05,GoPay,Selesai,5.0
ORD-13979,Gilang Suryadi,gilangsuryadi@yahoo.com,628899569884.0,Batam,Blender Philips,Peralatan Rumah,2,296100,5,562590.0,2025-12-05,OVO,Diproses,3.0
ORD-32214,Indra Setiawan,indra_setiawan@outlook.com,8142818692.0,Malang,Kamera Canon EOS M50,Elektronik,10,9221800,0,92218000.0,2025-12-05,Alfamart,Dibatalkan,3.0
ORD-92322,Oscar Kusuma,oscarkusuma@yahoo.com,8946956059.0,Surabaya,Laptop Lenovo IdeaPad,Elektronik,3,6262700,25,14091075.0,2025-12-05,Transfer Bank,Selesai,4.0
ORD-91192,Budi Firmansyah,budi77@gmail.com,628494524102.0,Makassar,Earbuds TWS JBL,Elektronik,3,885200,5,2522820.0,2025-12-05,Kartu Kredit,Selesai,5.0
ORD-37566,Ika Prasetyo,ika.prasetyo@gmail.com,628403276065.0,Banjarmasin,Susu UHT Ultra 1L,Makanan & Minuman,3,19700,0,59100.0,2025-12-05,Kartu Kredit,Dikirim,4.0
ORD-53551,Lina Ardiansyah,lina.ardiansyah@gmail.com,8307528076.0,Bandung,Handphone Samsung Galaxy A54,Elektronik,2,4039500,0,8079000.0,2025-12-05,Alfamart,Selesai,2.0
ORD-20819,Bella Putra,bella.putra@gmail.com,628876910964.0,Solo,Kopi Kapal Api 1kg,Makanan & Minuman,1,77300,0,77300.0,2025-12-05,Transfer Bank,Dikirim,1.0
ORD-18027,Eko Wibowo,eko_wibowo@outlook.com,628497851696.0,Banjarmasin,Kamera Canon EOS M50,Elektronik,1,8172700,5,7764065.0,2025-12-05,COD,Dikirim,2.0
ORD-12965,Mario Prasetyo,marioprasetyo@yahoo.com,628329228157.0,Surabaya,Celana Jeans Levis,Fashion,3,450900,0,1352700.0,2025-12-05,Transfer Bank,Selesai,2.0
ORD-94293,Budi Setiawan,budisetiawan@yahoo.com,628233596753.0,Banjarmasin,Laptop Lenovo IdeaPad,Elektronik,2,7225500,0,14451000.0,2025-12-05,QRIS,Diproses,3.0
ORD-38662,Indra Setiawan,indra_setiawan@outlook.com,8142818692.0,Malang,Laptop Lenovo IdeaPad,Elektronik,1,6272500,20,5018000.0,2025-12-05,Transfer Bank,Selesai,2.0
ORD-83841,Bella Wibowo,bella41@gmail.com,628194400953.0,Batam,Novel Laskar Pelangi,Buku,2,77800,5,147820.0,2025-12-05,OVO,Dikirim,2.0
ORD-23888,Kevin Setiawan,kevin_setiawan@outlook.com,8474664903.0,Banjarmasin,Lemari Pakaian 3 Pintu,Furniture,1,2247500,20,1798000.0,2025-12-05,Transfer Bank,Selesai,2.0
ORD-49508,Hani Hartono,hani.hartono@gmail.com,8365480460.0,Surabaya,Jam Tangan Casio,Fashion,3,633200,5,1804620.0,2025-12-05,GoPay,Selesai,1.0
ORD-67429,Eko Kusuma,eko50@gmail.com,8999767135.0,Medan,Sepatu Nike Air Max,Fashion,2,1391400,10,2504520.0,2025-12-05,COD,Diproses,3.0
ORD-99989,Gilang Putra,gilang_putra@outlook.com,628474816534.0,Depok,Komik Naruto Vol 1,Buku,2,34500,0,69000.0,2025-12-05,COD,Dikembalikan,1.0
ORD-29391,Fitri Ardiansyah,fitri77@gmail.com,8691688246.0,Batam,Parfum Pria Davidoff,Kecantikan,1,608000,0,608000.0,2025-12-05,COD,Dibatalkan,3.0
ORD-14309,Eko Hidayat,eko.hidayat@gmail.com,8671816653.0,Yogya,Kemeja Pria Polos,Fashion,1,115000,5,109250.0,2025-12-05,Kartu Kredit,Selesai,2.0
ORD-54143,Dian Rahayu,dian.rahayu@gmail.com,628364540415.0,Banjarmasin,AC Split 1 PK Daikin,Peralatan Rumah,1,3984000,30,2788800.0,2025-12-05,COD,Selesai,4.0
ORD-78262,Candra Prasetyo,candra.prasetyo@gmail.com,8437426403.0,Denpasar,Laptop ASUS VivoBook,Elektronik,1,7499600,0,7499600.0,2025-12-05,COD,Selesai,4.0
ORD-99815,Nadia Setiawan,nadia72@gmail.com,628638446596.0,Bekasi,Buku Machine Learning,Buku,4,141000,0,564000.0,2025-12-05,Shopeepay,Selesai,2.0
ORD-97434,Dewi Putra,dewiputra@yahoo.com,8967588425.0,Semarang,Sunscreen SPF50 Biore,Kecantikan,2,68300,0,136600.0,2025-12-05,Alfamart,Selesai,2.0
ORD-36121,Unknown,wahyusantoso@yahoo.com,8655170429.0,Malang,Kursi Gaming Ergonomis,Furniture,1,1894400,5,1799680.0,2025-12-05,Transfer Bank,Dibatalkan,3.0
ORD-57834,Yeni Nugraha,yeninugraha@yahoo.com,628557817881.0,Solo,Teh Botol Sosro 330ml,Makanan & Minuman,20,5600,30,78400.0,2025-12-05,GoPay,Dibatalkan,4.0
ORD-35139,Mario Wijaya,mario.wijaya@gmail.com,8802023137.0,Balikpapan,Buku Machine Learning,Buku,2,134100,5,254790.0,2025-12-05,Shopeepay,Selesai,3.0
ORD-98090,Candra Nugraha,candra53@gmail.com,8949025733.0,Yogyakarta,Headphone Sony WH-1000XM5,Elektronik,10,3559000,5,33810500.0,2025-12-05,OVO,Dibatalkan,5.0
ORD-64818,Lina Purnama,lina18@gmail.com,8415278117.0,Banjarmasin,Setrika Uap Panasonic,Peralatan Rumah,2,398500,5,757150.0,2025-12-05,COD,Selesai,4.0
ORD-41370,Edy Kusuma,edy_kusuma@outlook.com,628526363836.0,Bogor,Buku Resep Masakan,Buku,2,3953000,50,3953000.0,2025-12-05,OVO,Selesai,4.0
ORD-53625,Zaidan Wibowo,zaidan.wibowo@gmail.com,628281272124.0,Yogyakarta,Handphone Xiaomi Redmi Note 12,Elektronik,2,2766400,15,4702880.0,2025-12-05,Transfer Bank,Selesai,3.0
ORD-84183,Sari Firmansyah,sarifirmansyah@yahoo.com,8642925626.0,Jakarta,Jam Tangan Casio,Fashion,1,673100,20,538480.0,2025-12-05,Transfer Bank,Selesai,4.0
ORD-28239,Budi Hidayat,budihidayat@yahoo.com,628653138181.0,Unknown,Teh Botol Sosro 330ml,Makanan & Minuman,3,143800,20,345120.0,2025-12-05,GoPay,Selesai,4.0
ORD-48398,Sari Setiawan,Unknown,8446530194.0,Medan,Sofa L-Shape,Furniture,10,5264100,20,42112800.0,2025-12-05,GoPay,Selesai,2.0
ORD-41427,Mario Sari,mariosari@yahoo.com,8587327855.0,Jakarta,Headphone Sony WH-1000XM5,Elektronik,1,3559200,10,3203280.0,2025-12-05,Shopeepay,Diproses,5.0
